26/5/2025 11:57:05 am Loading extensions...
26/5/2025 11:57:05 am Searching MetaData file inside project folder...
26/5/2025 11:57:05 am Searching main file...
26/5/2025 11:57:05 am Done!
26/5/2025 11:57:05 am Searching meta file...
26/5/2025 11:57:05 am Done!
26/5/2025 11:57:05 am Done!
26/5/2025 11:57:05 am Done!
26/5/2025 11:57:05 am Creating Result Directories
26/5/2025 11:57:05 am Start analisys...
26/5/2025 11:57:05 am Analyzing Main MetaData...
26/5/2025 11:57:05 am Saving Results...
26/5/2025 11:57:05 am Saving File: ProjectInfo.json
26/5/2025 11:57:05 am Done!!
26/5/2025 11:57:05 am Analyzing File: D:\XRFix\dataset_collection\overall\VR-AR-Game\Game\Assets\Game.unity
26/5/2025 11:57:05 am Data Extracted!
26/5/2025 11:57:05 am Saving Results...
26/5/2025 11:57:06 am Saving File: d1c3109bdb54ad54c8a2b2838528e640.json
26/5/2025 11:57:06 am Done!!
26/5/2025 11:57:06 am Analyzing File: D:\XRFix\dataset_collection\overall\VR-AR-Game\Game\Assets\GameOver.unity
26/5/2025 11:57:06 am Data Extracted!
26/5/2025 11:57:06 am Saving Results...
26/5/2025 11:57:06 am Saving File: 7f4d84914900f4408873f9d265368ac5.json
26/5/2025 11:57:06 am Done!!
26/5/2025 11:57:06 am Analyzing File: D:\XRFix\dataset_collection\overall\VR-AR-Game\Game\Assets\Menu.unity
26/5/2025 11:57:06 am Data Extracted!
26/5/2025 11:57:06 am Saving Results...
26/5/2025 11:57:06 am Saving File: aa692bb3b896e43978070f1e6c70834e.json
26/5/2025 11:57:06 am Done!!
26/5/2025 11:57:06 am Analyzing File: D:\XRFix\dataset_collection\overall\VR-AR-Game\Game\Assets\Assets_AngryLog\Animation\TreeRun.controller
26/5/2025 11:57:06 am Data Extracted!
26/5/2025 11:57:06 am Saving Results...
26/5/2025 11:57:06 am Saving File: bc2d0d762cff94a388d389aca0504fa2.json
26/5/2025 11:57:06 am Done!!
26/5/2025 11:57:06 am Analyzing File: D:\XRFix\dataset_collection\overall\VR-AR-Game\Game\Assets\Assets_AngryLog\Materials\MatEffectLeaves.mat
26/5/2025 11:57:06 am Data Extracted!
26/5/2025 11:57:06 am Saving Results...
26/5/2025 11:57:06 am Saving File: 44c8770d817bd4fd6991b475b55df715.json
26/5/2025 11:57:06 am Done!!
26/5/2025 11:57:06 am Analyzing File: D:\XRFix\dataset_collection\overall\VR-AR-Game\Game\Assets\Assets_AngryLog\Materials\MatRevenger.mat
26/5/2025 11:57:06 am Data Extracted!
26/5/2025 11:57:06 am Saving Results...
26/5/2025 11:57:06 am Saving File: fecd1a095cdee4f54b2a5aa96737a4a0.json
26/5/2025 11:57:06 am Done!!
26/5/2025 11:57:06 am Analyzing File: D:\XRFix\dataset_collection\overall\VR-AR-Game\Game\Assets\Assets_AngryLog\Prefabs\AngryLog.prefab
26/5/2025 11:57:06 am Data Extracted!
26/5/2025 11:57:06 am Saving Results...
26/5/2025 11:57:06 am Saving File: 9e0a093a368ee4f10b7c6c056f5f7077.json
26/5/2025 11:57:06 am Done!!
26/5/2025 11:57:06 am Analyzing File: D:\XRFix\dataset_collection\overall\VR-AR-Game\Game\Assets\Assets_AngryLog\Scenes\AngryLog.unity
26/5/2025 11:57:06 am Data Extracted!
26/5/2025 11:57:06 am Saving Results...
26/5/2025 11:57:06 am Saving File: fc95afc517308475c8f033d70422ce81.json
26/5/2025 11:57:06 am Done!!
26/5/2025 11:57:06 am Analyzing File: D:\XRFix\dataset_collection\overall\VR-AR-Game\Game\Assets\Hovl Studio\Magic sword\Demo MagicSwords.unity
26/5/2025 11:57:06 am Data Extracted!
26/5/2025 11:57:06 am Saving Results...
26/5/2025 11:57:06 am Saving File: 22e02d3909ead644fb48abdde58ff2bf.json
26/5/2025 11:57:06 am Done!!
26/5/2025 11:57:06 am Analyzing File: D:\XRFix\dataset_collection\overall\VR-AR-Game\Game\Assets\Hovl Studio\Magic sword\Materials\MagicSword_Ice.mat
26/5/2025 11:57:06 am Data Extracted!
26/5/2025 11:57:06 am Saving Results...
26/5/2025 11:57:06 am Saving File: 5b0be96218e756142a2e34319dbed986.json
26/5/2025 11:57:06 am Done!!
26/5/2025 11:57:06 am Analyzing File: D:\XRFix\dataset_collection\overall\VR-AR-Game\Game\Assets\Hovl Studio\Magic sword\Materials\MagicSword_Iron.mat
26/5/2025 11:57:06 am Data Extracted!
26/5/2025 11:57:06 am Saving Results...
26/5/2025 11:57:06 am Saving File: 644baa591125bdb47b986bee039d24ea.json
26/5/2025 11:57:06 am Done!!
26/5/2025 11:57:06 am Analyzing File: D:\XRFix\dataset_collection\overall\VR-AR-Game\Game\Assets\Hovl Studio\Magic sword\Prefabs\MagicSword_Ice.prefab
26/5/2025 11:57:06 am Data Extracted!
26/5/2025 11:57:06 am Saving Results...
26/5/2025 11:57:06 am Saving File: 3329101817c67e24fb70ba97b6168054.json
26/5/2025 11:57:06 am Done!!
26/5/2025 11:57:06 am Analyzing File: D:\XRFix\dataset_collection\overall\VR-AR-Game\Game\Assets\Hovl Studio\Magic sword\Prefabs\MagicSword_Iron.prefab
26/5/2025 11:57:06 am Data Extracted!
26/5/2025 11:57:06 am Saving Results...
26/5/2025 11:57:06 am Saving File: 8fc40ebf5a41b30428929f5ba3697759.json
26/5/2025 11:57:06 am Done!!
26/5/2025 11:57:06 am Analyzing File: D:\XRFix\dataset_collection\overall\VR-AR-Game\Game\Assets\Low-Poly Medieval Market\Materials\Bakery market texture.mat
26/5/2025 11:57:06 am Data Extracted!
26/5/2025 11:57:06 am Saving Results...
26/5/2025 11:57:06 am Saving File: 234af0848a65947078e242802109a7d1.json
26/5/2025 11:57:06 am Done!!
26/5/2025 11:57:06 am Analyzing File: D:\XRFix\dataset_collection\overall\VR-AR-Game\Game\Assets\Low-Poly Medieval Market\Materials\Bakery matket.mat
26/5/2025 11:57:06 am Data Extracted!
26/5/2025 11:57:06 am Saving Results...
26/5/2025 11:57:06 am Saving File: 8444303dee6f21e4c943696eae671249.json
26/5/2025 11:57:06 am Done!!
26/5/2025 11:57:06 am Analyzing File: D:\XRFix\dataset_collection\overall\VR-AR-Game\Game\Assets\Low-Poly Medieval Market\Materials\Environment 1.mat
26/5/2025 11:57:06 am Data Extracted!
26/5/2025 11:57:06 am Saving Results...
26/5/2025 11:57:06 am Saving File: efb483ad39b9047e2ab78b7ce754f010.json
26/5/2025 11:57:06 am Done!!
26/5/2025 11:57:06 am Analyzing File: D:\XRFix\dataset_collection\overall\VR-AR-Game\Game\Assets\Low-Poly Medieval Market\Materials\Environment 10.mat
26/5/2025 11:57:06 am Data Extracted!
26/5/2025 11:57:06 am Saving Results...
26/5/2025 11:57:06 am Saving File: b21e0685d4c35494c83dc33152940c7c.json
26/5/2025 11:57:06 am Done!!
26/5/2025 11:57:06 am Analyzing File: D:\XRFix\dataset_collection\overall\VR-AR-Game\Game\Assets\Low-Poly Medieval Market\Materials\Environment 11.mat
26/5/2025 11:57:06 am Data Extracted!
26/5/2025 11:57:06 am Saving Results...
26/5/2025 11:57:06 am Saving File: 452f525b5330c43ada4e4fd985ee636a.json
26/5/2025 11:57:06 am Done!!
26/5/2025 11:57:06 am Analyzing File: D:\XRFix\dataset_collection\overall\VR-AR-Game\Game\Assets\Low-Poly Medieval Market\Materials\Environment 2.mat
26/5/2025 11:57:06 am Data Extracted!
26/5/2025 11:57:06 am Saving Results...
26/5/2025 11:57:06 am Saving File: 0a5851a792faa4a89ad46f952d95e707.json
26/5/2025 11:57:06 am Done!!
26/5/2025 11:57:06 am Analyzing File: D:\XRFix\dataset_collection\overall\VR-AR-Game\Game\Assets\Low-Poly Medieval Market\Materials\Environment 3.mat
26/5/2025 11:57:06 am Data Extracted!
26/5/2025 11:57:06 am Saving Results...
26/5/2025 11:57:06 am Saving File: c95a4aeb75621485e87d3bfee5ef0aeb.json
26/5/2025 11:57:06 am Done!!
26/5/2025 11:57:06 am Analyzing File: D:\XRFix\dataset_collection\overall\VR-AR-Game\Game\Assets\Low-Poly Medieval Market\Materials\Environment 4.mat
26/5/2025 11:57:06 am Data Extracted!
26/5/2025 11:57:06 am Saving Results...
26/5/2025 11:57:06 am Saving File: becc11e6ca58f403faa516b652805925.json
26/5/2025 11:57:06 am Done!!
26/5/2025 11:57:06 am Analyzing File: D:\XRFix\dataset_collection\overall\VR-AR-Game\Game\Assets\Low-Poly Medieval Market\Materials\Environment 5.mat
26/5/2025 11:57:06 am Data Extracted!
26/5/2025 11:57:06 am Saving Results...
26/5/2025 11:57:06 am Saving File: 3ea48f94555a24d799830b52be963142.json
26/5/2025 11:57:06 am Done!!
26/5/2025 11:57:06 am Analyzing File: D:\XRFix\dataset_collection\overall\VR-AR-Game\Game\Assets\Low-Poly Medieval Market\Materials\Environment 6.mat
26/5/2025 11:57:06 am Data Extracted!
26/5/2025 11:57:06 am Saving Results...
26/5/2025 11:57:06 am Saving File: 931659446aeca4d718478e7845847fcd.json
26/5/2025 11:57:06 am Done!!
26/5/2025 11:57:06 am Analyzing File: D:\XRFix\dataset_collection\overall\VR-AR-Game\Game\Assets\Low-Poly Medieval Market\Materials\Environment 7.mat
26/5/2025 11:57:06 am Data Extracted!
26/5/2025 11:57:06 am Saving Results...
26/5/2025 11:57:06 am Saving File: 2d1a69962fc3c433f958fc8d5ab638ee.json
26/5/2025 11:57:06 am Done!!
26/5/2025 11:57:06 am Analyzing File: D:\XRFix\dataset_collection\overall\VR-AR-Game\Game\Assets\Low-Poly Medieval Market\Materials\Environment 8.mat
26/5/2025 11:57:06 am Data Extracted!
26/5/2025 11:57:06 am Saving Results...
26/5/2025 11:57:06 am Saving File: 3d50a6b952e30415d94f799e77df6c01.json
26/5/2025 11:57:06 am Done!!
26/5/2025 11:57:06 am Analyzing File: D:\XRFix\dataset_collection\overall\VR-AR-Game\Game\Assets\Low-Poly Medieval Market\Materials\Environment 9.mat
26/5/2025 11:57:06 am Data Extracted!
26/5/2025 11:57:06 am Saving Results...
26/5/2025 11:57:06 am Saving File: c8d77c07f8f9b41eeac610856aec686e.json
26/5/2025 11:57:06 am Done!!
26/5/2025 11:57:06 am Analyzing File: D:\XRFix\dataset_collection\overall\VR-AR-Game\Game\Assets\Low-Poly Medieval Market\Materials\Environment.mat
26/5/2025 11:57:06 am Data Extracted!
26/5/2025 11:57:06 am Saving Results...
26/5/2025 11:57:06 am Saving File: a291be32ec43ce64d8c49e74fe31d82d.json
26/5/2025 11:57:06 am Done!!
26/5/2025 11:57:06 am Analyzing File: D:\XRFix\dataset_collection\overall\VR-AR-Game\Game\Assets\Low-Poly Medieval Market\Materials\fish_market 1.mat
26/5/2025 11:57:06 am Data Extracted!
26/5/2025 11:57:06 am Saving Results...
26/5/2025 11:57:06 am Saving File: aef71321f7ad542fc8a10dafcbf133c5.json
26/5/2025 11:57:06 am Done!!
26/5/2025 11:57:06 am Analyzing File: D:\XRFix\dataset_collection\overall\VR-AR-Game\Game\Assets\Low-Poly Medieval Market\Materials\fish_market 2.mat
26/5/2025 11:57:06 am Data Extracted!
26/5/2025 11:57:06 am Saving Results...
26/5/2025 11:57:06 am Saving File: c0d206699ebf24c15ae6e47d6707b642.json
26/5/2025 11:57:06 am Done!!
26/5/2025 11:57:06 am Analyzing File: D:\XRFix\dataset_collection\overall\VR-AR-Game\Game\Assets\Low-Poly Medieval Market\Materials\fish_market 3.mat
26/5/2025 11:57:06 am Data Extracted!
26/5/2025 11:57:06 am Saving Results...
26/5/2025 11:57:06 am Saving File: 96a76ce5fe62a49d4a6d5a96fec5564e.json
26/5/2025 11:57:06 am Done!!
26/5/2025 11:57:06 am Analyzing File: D:\XRFix\dataset_collection\overall\VR-AR-Game\Game\Assets\Low-Poly Medieval Market\Materials\fish_market.mat
26/5/2025 11:57:06 am Data Extracted!
26/5/2025 11:57:06 am Saving Results...
26/5/2025 11:57:06 am Saving File: 628ba5547a79ffe4997b3904d45eb122.json
26/5/2025 11:57:06 am Done!!
26/5/2025 11:57:06 am Analyzing File: D:\XRFix\dataset_collection\overall\VR-AR-Game\Game\Assets\Low-Poly Medieval Market\Materials\Laterns.mat
26/5/2025 11:57:06 am Data Extracted!
26/5/2025 11:57:06 am Saving Results...
26/5/2025 11:57:06 am Saving File: 8e153a51647cf7f4cb57852c1a31d47d.json
26/5/2025 11:57:06 am Done!!
26/5/2025 11:57:06 am Analyzing File: D:\XRFix\dataset_collection\overall\VR-AR-Game\Game\Assets\Low-Poly Medieval Market\Materials\Meat market.mat
26/5/2025 11:57:06 am Data Extracted!
26/5/2025 11:57:06 am Saving Results...
26/5/2025 11:57:06 am Saving File: ee6311e667feb2848a84578e9c3bf6b4.json
26/5/2025 11:57:06 am Done!!
26/5/2025 11:57:06 am Analyzing File: D:\XRFix\dataset_collection\overall\VR-AR-Game\Game\Assets\Low-Poly Medieval Market\Materials\New Material.mat
26/5/2025 11:57:06 am Data Extracted!
26/5/2025 11:57:06 am Saving Results...
26/5/2025 11:57:06 am Saving File: d088d5cff1357234b80222e3036a2198.json
26/5/2025 11:57:06 am Done!!
26/5/2025 11:57:06 am Analyzing File: D:\XRFix\dataset_collection\overall\VR-AR-Game\Game\Assets\Low-Poly Medieval Market\Materials\Skybox_Mat.mat
26/5/2025 11:57:06 am Data Extracted!
26/5/2025 11:57:06 am Saving Results...
26/5/2025 11:57:06 am Saving File: 0ffaa0b7117ba8c47a9d05ae701d4b4d.json
26/5/2025 11:57:06 am Done!!
26/5/2025 11:57:06 am Analyzing File: D:\XRFix\dataset_collection\overall\VR-AR-Game\Game\Assets\Low-Poly Medieval Market\Materials\Vegetables market.mat
26/5/2025 11:57:06 am Data Extracted!
26/5/2025 11:57:06 am Saving Results...
26/5/2025 11:57:06 am Saving File: ac2d68933d1867b43a4c7ea56b2e7e8b.json
26/5/2025 11:57:06 am Done!!
26/5/2025 11:57:06 am Analyzing File: D:\XRFix\dataset_collection\overall\VR-AR-Game\Game\Assets\Low-Poly Medieval Market\Materials\Weapon market.mat
26/5/2025 11:57:06 am Data Extracted!
26/5/2025 11:57:06 am Saving Results...
26/5/2025 11:57:06 am Saving File: 12f7312dd149c3b4a92b4216a8ae4800.json
26/5/2025 11:57:06 am Done!!
26/5/2025 11:57:06 am Analyzing File: D:\XRFix\dataset_collection\overall\VR-AR-Game\Game\Assets\Low-Poly Medieval Market\Prefabs\anvil.prefab
26/5/2025 11:57:06 am Data Extracted!
26/5/2025 11:57:06 am Saving Results...
26/5/2025 11:57:06 am Saving File: e4bc6212d5190564c92e2e1f443a750b.json
26/5/2025 11:57:06 am Done!!
26/5/2025 11:57:06 am Analyzing File: D:\XRFix\dataset_collection\overall\VR-AR-Game\Game\Assets\Low-Poly Medieval Market\Prefabs\anvil_with_hammer.prefab
26/5/2025 11:57:06 am Data Extracted!
26/5/2025 11:57:06 am Saving Results...
26/5/2025 11:57:06 am Saving File: 6d67954ed62957c4f84494d247a82f57.json
26/5/2025 11:57:06 am Done!!
26/5/2025 11:57:06 am Analyzing File: D:\XRFix\dataset_collection\overall\VR-AR-Game\Game\Assets\Low-Poly Medieval Market\Prefabs\apple_box.prefab
26/5/2025 11:57:06 am Data Extracted!
26/5/2025 11:57:06 am Saving Results...
26/5/2025 11:57:06 am Saving File: b9065c1bddd69ca4ab2c37b9cbfe2ab1.json
26/5/2025 11:57:06 am Done!!
26/5/2025 11:57:06 am Analyzing File: D:\XRFix\dataset_collection\overall\VR-AR-Game\Game\Assets\Low-Poly Medieval Market\Prefabs\Armor_stand.prefab
26/5/2025 11:57:06 am Data Extracted!
26/5/2025 11:57:06 am Saving Results...
26/5/2025 11:57:06 am Saving File: d6069e64bf7bd3b48a0548283484d8fc.json
26/5/2025 11:57:06 am Done!!
26/5/2025 11:57:06 am Analyzing File: D:\XRFix\dataset_collection\overall\VR-AR-Game\Game\Assets\Low-Poly Medieval Market\Prefabs\average_meat.prefab
26/5/2025 11:57:06 am Data Extracted!
26/5/2025 11:57:06 am Saving Results...
26/5/2025 11:57:06 am Saving File: 4cedc6c28e53aff4a9d89702ea90f979.json
26/5/2025 11:57:06 am Done!!
26/5/2025 11:57:06 am Analyzing File: D:\XRFix\dataset_collection\overall\VR-AR-Game\Game\Assets\Low-Poly Medieval Market\Prefabs\axeGame.prefab
26/5/2025 11:57:06 am Data Extracted!
26/5/2025 11:57:06 am Saving Results...
26/5/2025 11:57:06 am Saving File: a9ebf5ed1677f4b00839537d8d022e6d.json
26/5/2025 11:57:06 am Done!!
26/5/2025 11:57:06 am Analyzing File: D:\XRFix\dataset_collection\overall\VR-AR-Game\Game\Assets\Low-Poly Medieval Market\Prefabs\bag.prefab
26/5/2025 11:57:06 am Data Extracted!
26/5/2025 11:57:06 am Saving Results...
26/5/2025 11:57:06 am Saving File: e75203ad640d6aa4890f0c17e26e0046.json
26/5/2025 11:57:06 am Done!!
26/5/2025 11:57:06 am Analyzing File: D:\XRFix\dataset_collection\overall\VR-AR-Game\Game\Assets\Low-Poly Medieval Market\Prefabs\bag_of_gold.prefab
26/5/2025 11:57:06 am Data Extracted!
26/5/2025 11:57:06 am Saving Results...
26/5/2025 11:57:06 am Saving File: 7c6a89aa75c99bc4cbf5e6213b60b6ed.json
26/5/2025 11:57:06 am Done!!
26/5/2025 11:57:06 am Analyzing File: D:\XRFix\dataset_collection\overall\VR-AR-Game\Game\Assets\Low-Poly Medieval Market\Prefabs\bag_open.prefab
26/5/2025 11:57:06 am Data Extracted!
26/5/2025 11:57:06 am Saving Results...
26/5/2025 11:57:06 am Saving File: f74b0d6b21a350347aa1f01ddb3448fc.json
26/5/2025 11:57:06 am Done!!
26/5/2025 11:57:06 am Analyzing File: D:\XRFix\dataset_collection\overall\VR-AR-Game\Game\Assets\Low-Poly Medieval Market\Prefabs\BakeryMarket.prefab
26/5/2025 11:57:06 am Data Extracted!
26/5/2025 11:57:06 am Saving Results...
26/5/2025 11:57:06 am Saving File: d9d36dec935d2024a9a49f82ed879fc6.json
26/5/2025 11:57:06 am Done!!
26/5/2025 11:57:06 am Analyzing File: D:\XRFix\dataset_collection\overall\VR-AR-Game\Game\Assets\Low-Poly Medieval Market\Prefabs\BakeryMarket_no_dop.prefab
26/5/2025 11:57:06 am Data Extracted!
26/5/2025 11:57:06 am Saving Results...
26/5/2025 11:57:06 am Saving File: 9cafa2109de9ae34db13b9d62a853d48.json
26/5/2025 11:57:06 am Done!!
26/5/2025 11:57:06 am Analyzing File: D:\XRFix\dataset_collection\overall\VR-AR-Game\Game\Assets\Low-Poly Medieval Market\Prefabs\Bakery_market_with_food.prefab
26/5/2025 11:57:06 am Data Extracted!
26/5/2025 11:57:06 am Saving Results...
26/5/2025 11:57:06 am Saving File: c3f576fec9299524b91ef6107359f09e.json
26/5/2025 11:57:06 am Done!!
26/5/2025 11:57:06 am Analyzing File: D:\XRFix\dataset_collection\overall\VR-AR-Game\Game\Assets\Low-Poly Medieval Market\Prefabs\bananas_box.prefab
26/5/2025 11:57:06 am Data Extracted!
26/5/2025 11:57:06 am Saving Results...
26/5/2025 11:57:06 am Saving File: f9d69a5c9bffe874f8d3098830fabf72.json
26/5/2025 11:57:06 am Done!!
26/5/2025 11:57:06 am Analyzing File: D:\XRFix\dataset_collection\overall\VR-AR-Game\Game\Assets\Low-Poly Medieval Market\Prefabs\basin_with_meat.prefab
26/5/2025 11:57:06 am Data Extracted!
26/5/2025 11:57:06 am Saving Results...
26/5/2025 11:57:06 am Saving File: 8e76eadee9b185f4fa619417a094e0cd.json
26/5/2025 11:57:06 am Done!!
26/5/2025 11:57:06 am Analyzing File: D:\XRFix\dataset_collection\overall\VR-AR-Game\Game\Assets\Low-Poly Medieval Market\Prefabs\basket_01.prefab
26/5/2025 11:57:06 am Data Extracted!
26/5/2025 11:57:06 am Saving Results...
26/5/2025 11:57:06 am Saving File: e5af6012e68646a41bccc9e94919379e.json
26/5/2025 11:57:06 am Done!!
26/5/2025 11:57:06 am Analyzing File: D:\XRFix\dataset_collection\overall\VR-AR-Game\Game\Assets\Low-Poly Medieval Market\Prefabs\basket_02.prefab
26/5/2025 11:57:06 am Data Extracted!
26/5/2025 11:57:06 am Saving Results...
26/5/2025 11:57:06 am Saving File: cae6c4613f2320a489d33d30973a48ad.json
26/5/2025 11:57:06 am Done!!
26/5/2025 11:57:06 am Analyzing File: D:\XRFix\dataset_collection\overall\VR-AR-Game\Game\Assets\Low-Poly Medieval Market\Prefabs\big_meat.prefab
26/5/2025 11:57:06 am Data Extracted!
26/5/2025 11:57:06 am Saving Results...
26/5/2025 11:57:06 am Saving File: 055e9d32f820c5b47b707a7882b22893.json
26/5/2025 11:57:06 am Done!!
26/5/2025 11:57:06 am Analyzing File: D:\XRFix\dataset_collection\overall\VR-AR-Game\Game\Assets\Low-Poly Medieval Market\Prefabs\box_with_fish.prefab
26/5/2025 11:57:06 am Data Extracted!
26/5/2025 11:57:06 am Saving Results...
26/5/2025 11:57:06 am Saving File: 73a9ab3e0680d24459b8cc6ef9809672.json
26/5/2025 11:57:06 am Done!!
26/5/2025 11:57:06 am Analyzing File: D:\XRFix\dataset_collection\overall\VR-AR-Game\Game\Assets\Low-Poly Medieval Market\Prefabs\cake.prefab
26/5/2025 11:57:06 am Data Extracted!
26/5/2025 11:57:06 am Saving Results...
26/5/2025 11:57:06 am Saving File: 42b20d68150a40f44ac9cd9a29123d7e.json
26/5/2025 11:57:06 am Done!!
26/5/2025 11:57:06 am Analyzing File: D:\XRFix\dataset_collection\overall\VR-AR-Game\Game\Assets\Low-Poly Medieval Market\Prefabs\candy_jar.prefab
26/5/2025 11:57:06 am Data Extracted!
26/5/2025 11:57:06 am Saving Results...
26/5/2025 11:57:06 am Saving File: cc636e0732ee2af4a9d048b3539a69e1.json
26/5/2025 11:57:06 am Done!!
26/5/2025 11:57:06 am Analyzing File: D:\XRFix\dataset_collection\overall\VR-AR-Game\Game\Assets\Low-Poly Medieval Market\Prefabs\cleaver.prefab
26/5/2025 11:57:06 am Data Extracted!
26/5/2025 11:57:06 am Saving Results...
26/5/2025 11:57:06 am Saving File: 5a520c173ee63aa478171f69422ddc10.json
26/5/2025 11:57:06 am Done!!
26/5/2025 11:57:06 am Analyzing File: D:\XRFix\dataset_collection\overall\VR-AR-Game\Game\Assets\Low-Poly Medieval Market\Prefabs\coin.prefab
26/5/2025 11:57:06 am Data Extracted!
26/5/2025 11:57:06 am Saving Results...
26/5/2025 11:57:06 am Saving File: 74aaf32e479743b44a6c0abdd1c1ed35.json
26/5/2025 11:57:06 am Done!!
26/5/2025 11:57:06 am Analyzing File: D:\XRFix\dataset_collection\overall\VR-AR-Game\Game\Assets\Low-Poly Medieval Market\Prefabs\coins.prefab
26/5/2025 11:57:06 am Data Extracted!
26/5/2025 11:57:06 am Saving Results...
26/5/2025 11:57:06 am Saving File: 2a5990f46a7520d4bbc7fa6274caf1a2.json
26/5/2025 11:57:06 am Done!!
26/5/2025 11:57:06 am Analyzing File: D:\XRFix\dataset_collection\overall\VR-AR-Game\Game\Assets\Low-Poly Medieval Market\Prefabs\cookie.prefab
26/5/2025 11:57:06 am Data Extracted!
26/5/2025 11:57:06 am Saving Results...
26/5/2025 11:57:06 am Saving File: 46125fc5251e14f4692a5a3c3f4841c0.json
26/5/2025 11:57:06 am Done!!
26/5/2025 11:57:06 am Analyzing File: D:\XRFix\dataset_collection\overall\VR-AR-Game\Game\Assets\Low-Poly Medieval Market\Prefabs\cookies.prefab
26/5/2025 11:57:06 am Data Extracted!
26/5/2025 11:57:06 am Saving Results...
26/5/2025 11:57:06 am Saving File: 6a759dcb2b687cc43b7528b5eac955bb.json
26/5/2025 11:57:06 am Done!!
26/5/2025 11:57:06 am Analyzing File: D:\XRFix\dataset_collection\overall\VR-AR-Game\Game\Assets\Low-Poly Medieval Market\Prefabs\cutting_board.prefab
26/5/2025 11:57:06 am Data Extracted!
26/5/2025 11:57:06 am Saving Results...
26/5/2025 11:57:06 am Saving File: b9a4d5ebb017da24099508f9580133f8.json
26/5/2025 11:57:06 am Done!!
26/5/2025 11:57:06 am Analyzing File: D:\XRFix\dataset_collection\overall\VR-AR-Game\Game\Assets\Low-Poly Medieval Market\Prefabs\cutting_board_01.prefab
26/5/2025 11:57:06 am Data Extracted!
26/5/2025 11:57:06 am Saving Results...
26/5/2025 11:57:06 am Saving File: e9264d1a1cfc29141afb5a9e98e98d36.json
26/5/2025 11:57:06 am Done!!
26/5/2025 11:57:06 am Analyzing File: D:\XRFix\dataset_collection\overall\VR-AR-Game\Game\Assets\Low-Poly Medieval Market\Prefabs\eggs_basket.prefab
26/5/2025 11:57:06 am Data Extracted!
26/5/2025 11:57:06 am Saving Results...
26/5/2025 11:57:06 am Saving File: 73035f5f353bfaf468424da79dc1b9eb.json
26/5/2025 11:57:06 am Done!!
26/5/2025 11:57:06 am Analyzing File: D:\XRFix\dataset_collection\overall\VR-AR-Game\Game\Assets\Low-Poly Medieval Market\Prefabs\egg_brown.prefab
26/5/2025 11:57:06 am Data Extracted!
26/5/2025 11:57:06 am Saving Results...
26/5/2025 11:57:06 am Saving File: 8c0494df984b65947bcccebd74b1898c.json
26/5/2025 11:57:06 am Done!!
26/5/2025 11:57:06 am Analyzing File: D:\XRFix\dataset_collection\overall\VR-AR-Game\Game\Assets\Low-Poly Medieval Market\Prefabs\egg_white.prefab
26/5/2025 11:57:06 am Data Extracted!
26/5/2025 11:57:06 am Saving Results...
26/5/2025 11:57:06 am Saving File: eb60cd9a4b02904449844343b2735c20.json
26/5/2025 11:57:06 am Done!!
26/5/2025 11:57:06 am Analyzing File: D:\XRFix\dataset_collection\overall\VR-AR-Game\Game\Assets\Low-Poly Medieval Market\Prefabs\fish.prefab
26/5/2025 11:57:06 am Data Extracted!
26/5/2025 11:57:06 am Saving Results...
26/5/2025 11:57:06 am Saving File: a0345e1ce04d44947b508fbb0489ea35.json
26/5/2025 11:57:06 am Done!!
26/5/2025 11:57:06 am Analyzing File: D:\XRFix\dataset_collection\overall\VR-AR-Game\Game\Assets\Low-Poly Medieval Market\Prefabs\fishing_rod.prefab
26/5/2025 11:57:06 am Data Extracted!
26/5/2025 11:57:06 am Saving Results...
26/5/2025 11:57:06 am Saving File: f141b8e0322c18647b656ad60a086898.json
26/5/2025 11:57:06 am Done!!
26/5/2025 11:57:06 am Analyzing File: D:\XRFix\dataset_collection\overall\VR-AR-Game\Game\Assets\Low-Poly Medieval Market\Prefabs\fish_knife.prefab
26/5/2025 11:57:06 am Data Extracted!
26/5/2025 11:57:06 am Saving Results...
26/5/2025 11:57:06 am Saving File: 343d04653a7bd604f91f1395a049ba38.json
26/5/2025 11:57:06 am Done!!
26/5/2025 11:57:06 am Analyzing File: D:\XRFix\dataset_collection\overall\VR-AR-Game\Game\Assets\Low-Poly Medieval Market\Prefabs\fish_market.prefab
26/5/2025 11:57:06 am Data Extracted!
26/5/2025 11:57:06 am Saving Results...
26/5/2025 11:57:06 am Saving File: c702d9f2cdb3c5c4e8c8c1b713a0881b.json
26/5/2025 11:57:06 am Done!!
26/5/2025 11:57:06 am Analyzing File: D:\XRFix\dataset_collection\overall\VR-AR-Game\Game\Assets\Low-Poly Medieval Market\Prefabs\Fish_market_with_sections.prefab
26/5/2025 11:57:06 am Data Extracted!
26/5/2025 11:57:06 am Saving Results...
26/5/2025 11:57:06 am Saving File: 5ed459fa9af3cc54a8803d749f445718.json
26/5/2025 11:57:06 am Done!!
26/5/2025 11:57:06 am Analyzing File: D:\XRFix\dataset_collection\overall\VR-AR-Game\Game\Assets\Low-Poly Medieval Market\Prefabs\fish_section_03.prefab
26/5/2025 11:57:06 am Data Extracted!
26/5/2025 11:57:06 am Saving Results...
26/5/2025 11:57:06 am Saving File: 0793504ad3bc94f4cba8cd1e1621390e.json
26/5/2025 11:57:06 am Done!!
26/5/2025 11:57:06 am Analyzing File: D:\XRFix\dataset_collection\overall\VR-AR-Game\Game\Assets\Low-Poly Medieval Market\Prefabs\fish_twisted_01.prefab
26/5/2025 11:57:06 am Data Extracted!
26/5/2025 11:57:06 am Saving Results...
26/5/2025 11:57:06 am Saving File: bb4733244fed04042aa0b1ed0b0aea72.json
26/5/2025 11:57:06 am Done!!
26/5/2025 11:57:06 am Analyzing File: D:\XRFix\dataset_collection\overall\VR-AR-Game\Game\Assets\Low-Poly Medieval Market\Prefabs\fish_twisted_02.prefab
26/5/2025 11:57:06 am Data Extracted!
26/5/2025 11:57:06 am Saving Results...
26/5/2025 11:57:06 am Saving File: 25cf72de2a9eff945a3eea4ee1c034af.json
26/5/2025 11:57:06 am Done!!
26/5/2025 11:57:06 am Analyzing File: D:\XRFix\dataset_collection\overall\VR-AR-Game\Game\Assets\Low-Poly Medieval Market\Prefabs\hanger_with_meat (1).prefab
26/5/2025 11:57:06 am Data Extracted!
26/5/2025 11:57:06 am Saving Results...
26/5/2025 11:57:06 am Saving File: 80eeb85a0b1e81740af342fb5ac20c1b.json
26/5/2025 11:57:06 am Done!!
26/5/2025 11:57:06 am Analyzing File: D:\XRFix\dataset_collection\overall\VR-AR-Game\Game\Assets\Low-Poly Medieval Market\Prefabs\leather_dressing_frame.prefab
26/5/2025 11:57:06 am Data Extracted!
26/5/2025 11:57:06 am Saving Results...
26/5/2025 11:57:06 am Saving File: 67b057dff1beeba43bfbf108efc29593.json
26/5/2025 11:57:06 am Done!!
26/5/2025 11:57:06 am Analyzing File: D:\XRFix\dataset_collection\overall\VR-AR-Game\Game\Assets\Low-Poly Medieval Market\Prefabs\loaf_basket.prefab
26/5/2025 11:57:06 am Data Extracted!
26/5/2025 11:57:06 am Saving Results...
26/5/2025 11:57:06 am Saving File: 4b7f7bf8cd0125243a6a457c53fc1b90.json
26/5/2025 11:57:06 am Done!!
26/5/2025 11:57:06 am Analyzing File: D:\XRFix\dataset_collection\overall\VR-AR-Game\Game\Assets\Low-Poly Medieval Market\Prefabs\long_loaf.prefab
26/5/2025 11:57:06 am Data Extracted!
26/5/2025 11:57:06 am Saving Results...
26/5/2025 11:57:06 am Saving File: 2befa64bbbc90b74ea420e65a1e92b49.json
26/5/2025 11:57:06 am Done!!
26/5/2025 11:57:06 am Analyzing File: D:\XRFix\dataset_collection\overall\VR-AR-Game\Game\Assets\Low-Poly Medieval Market\Prefabs\maneken.prefab
26/5/2025 11:57:06 am Data Extracted!
26/5/2025 11:57:06 am Saving Results...
26/5/2025 11:57:06 am Saving File: efaab5d802eafe74d9681146cf89b7b1.json
26/5/2025 11:57:06 am Done!!
26/5/2025 11:57:06 am Analyzing File: D:\XRFix\dataset_collection\overall\VR-AR-Game\Game\Assets\Low-Poly Medieval Market\Prefabs\MeatMarket.prefab
26/5/2025 11:57:06 am Data Extracted!
26/5/2025 11:57:06 am Saving Results...
26/5/2025 11:57:06 am Saving File: 15ec834161d65154592f89afb7c76fba.json
26/5/2025 11:57:06 am Done!!
26/5/2025 11:57:06 am Analyzing File: D:\XRFix\dataset_collection\overall\VR-AR-Game\Game\Assets\Low-Poly Medieval Market\Prefabs\meat_hanger.prefab
26/5/2025 11:57:06 am Data Extracted!
26/5/2025 11:57:06 am Saving Results...
26/5/2025 11:57:06 am Saving File: bb394513995282642807388586408f37.json
26/5/2025 11:57:06 am Done!!
26/5/2025 11:57:06 am Analyzing File: D:\XRFix\dataset_collection\overall\VR-AR-Game\Game\Assets\Low-Poly Medieval Market\Prefabs\meat_hanger_sausage.prefab
26/5/2025 11:57:06 am Data Extracted!
26/5/2025 11:57:06 am Saving Results...
26/5/2025 11:57:06 am Saving File: 5dec8fc8d6610fc41993a2270e013c7d.json
26/5/2025 11:57:06 am Done!!
26/5/2025 11:57:06 am Analyzing File: D:\XRFix\dataset_collection\overall\VR-AR-Game\Game\Assets\Low-Poly Medieval Market\Prefabs\Meat_market_with_objects.prefab
26/5/2025 11:57:06 am Data Extracted!
26/5/2025 11:57:06 am Saving Results...
26/5/2025 11:57:06 am Saving File: 70eb163c2558dd14d97f3b3f6621756a.json
26/5/2025 11:57:06 am Done!!
26/5/2025 11:57:06 am Analyzing File: D:\XRFix\dataset_collection\overall\VR-AR-Game\Game\Assets\Low-Poly Medieval Market\Prefabs\meat_with_bone.prefab
26/5/2025 11:57:06 am Data Extracted!
26/5/2025 11:57:06 am Saving Results...
26/5/2025 11:57:06 am Saving File: 5293305630d1f7549ad019ca86b95661.json
26/5/2025 11:57:06 am Done!!
26/5/2025 11:57:06 am Analyzing File: D:\XRFix\dataset_collection\overall\VR-AR-Game\Game\Assets\Low-Poly Medieval Market\Prefabs\pastry.prefab
26/5/2025 11:57:06 am Data Extracted!
26/5/2025 11:57:06 am Saving Results...
26/5/2025 11:57:06 am Saving File: 837819cd64a76a44aa33dc4d23d05a4a.json
26/5/2025 11:57:06 am Done!!
26/5/2025 11:57:06 am Analyzing File: D:\XRFix\dataset_collection\overall\VR-AR-Game\Game\Assets\Low-Poly Medieval Market\Prefabs\pie.prefab
26/5/2025 11:57:06 am Data Extracted!
26/5/2025 11:57:06 am Saving Results...
26/5/2025 11:57:06 am Saving File: b0cef7e2d44ba0d44b0ba7953ccdbcad.json
26/5/2025 11:57:06 am Done!!
26/5/2025 11:57:06 am Analyzing File: D:\XRFix\dataset_collection\overall\VR-AR-Game\Game\Assets\Low-Poly Medieval Market\Prefabs\piece_of_cheese.prefab
26/5/2025 11:57:06 am Data Extracted!
26/5/2025 11:57:06 am Saving Results...
26/5/2025 11:57:06 am Saving File: 44b4971abf6ce444aa541f5eb5635e81.json
26/5/2025 11:57:06 am Done!!
26/5/2025 11:57:06 am Analyzing File: D:\XRFix\dataset_collection\overall\VR-AR-Game\Game\Assets\Low-Poly Medieval Market\Prefabs\pinch_of_flour.prefab
26/5/2025 11:57:06 am Data Extracted!
26/5/2025 11:57:06 am Saving Results...
26/5/2025 11:57:06 am Saving File: 4b18849938e4cec4096d31300c7949f5.json
26/5/2025 11:57:06 am Done!!
26/5/2025 11:57:06 am Analyzing File: D:\XRFix\dataset_collection\overall\VR-AR-Game\Game\Assets\Low-Poly Medieval Market\Prefabs\potato.prefab
26/5/2025 11:57:06 am Data Extracted!
26/5/2025 11:57:06 am Saving Results...
26/5/2025 11:57:06 am Saving File: 7649949d33b773446a1c67c81dc75379.json
26/5/2025 11:57:06 am Done!!
26/5/2025 11:57:06 am Analyzing File: D:\XRFix\dataset_collection\overall\VR-AR-Game\Game\Assets\Low-Poly Medieval Market\Prefabs\pretzel.prefab
26/5/2025 11:57:06 am Data Extracted!
26/5/2025 11:57:06 am Saving Results...
26/5/2025 11:57:06 am Saving File: ea07fea80b930b245b670b1d1ded20d8.json
26/5/2025 11:57:06 am Done!!
26/5/2025 11:57:06 am Analyzing File: D:\XRFix\dataset_collection\overall\VR-AR-Game\Game\Assets\Low-Poly Medieval Market\Prefabs\pretzel_box.prefab
26/5/2025 11:57:06 am Data Extracted!
26/5/2025 11:57:06 am Saving Results...
26/5/2025 11:57:06 am Saving File: c13aa8e236f8e5c43bcd9dc7046042fd.json
26/5/2025 11:57:06 am Done!!
26/5/2025 11:57:06 am Analyzing File: D:\XRFix\dataset_collection\overall\VR-AR-Game\Game\Assets\Low-Poly Medieval Market\Prefabs\rack_with_weapon.prefab
26/5/2025 11:57:06 am Data Extracted!
26/5/2025 11:57:06 am Saving Results...
26/5/2025 11:57:06 am Saving File: 555dea38b26cb1d4780cf84a97993bd2.json
26/5/2025 11:57:06 am Done!!
26/5/2025 11:57:06 am Analyzing File: D:\XRFix\dataset_collection\overall\VR-AR-Game\Game\Assets\Low-Poly Medieval Market\Prefabs\rag.prefab
26/5/2025 11:57:06 am Data Extracted!
26/5/2025 11:57:06 am Saving Results...
26/5/2025 11:57:06 am Saving File: ceee6e50c0e794d44b60f1f9c6d16a2f.json
26/5/2025 11:57:06 am Done!!
26/5/2025 11:57:06 am Analyzing File: D:\XRFix\dataset_collection\overall\VR-AR-Game\Game\Assets\Low-Poly Medieval Market\Prefabs\round_bread.prefab
26/5/2025 11:57:06 am Data Extracted!
26/5/2025 11:57:06 am Saving Results...
26/5/2025 11:57:06 am Saving File: 3d4423e72eabf19439fa6b367a803a32.json
26/5/2025 11:57:06 am Done!!
26/5/2025 11:57:06 am Analyzing File: D:\XRFix\dataset_collection\overall\VR-AR-Game\Game\Assets\Low-Poly Medieval Market\Prefabs\round_bread_basket.prefab
26/5/2025 11:57:06 am Data Extracted!
26/5/2025 11:57:06 am Saving Results...
26/5/2025 11:57:06 am Saving File: 90f15e791bd7a46409914c71c35c27ea.json
26/5/2025 11:57:06 am Done!!
26/5/2025 11:57:06 am Analyzing File: D:\XRFix\dataset_collection\overall\VR-AR-Game\Game\Assets\Low-Poly Medieval Market\Prefabs\round_cheese.prefab
26/5/2025 11:57:06 am Data Extracted!
26/5/2025 11:57:06 am Saving Results...
26/5/2025 11:57:06 am Saving File: 24a49be23fa523947bf8c260956b7043.json
26/5/2025 11:57:06 am Done!!
26/5/2025 11:57:06 am Analyzing File: D:\XRFix\dataset_collection\overall\VR-AR-Game\Game\Assets\Low-Poly Medieval Market\Prefabs\sausages_hanging.prefab
26/5/2025 11:57:06 am Data Extracted!
26/5/2025 11:57:06 am Saving Results...
26/5/2025 11:57:06 am Saving File: 2397942164dda9244a32b8d0fbebc32b.json
26/5/2025 11:57:06 am Done!!
26/5/2025 11:57:06 am Analyzing File: D:\XRFix\dataset_collection\overall\VR-AR-Game\Game\Assets\Low-Poly Medieval Market\Prefabs\sausage_on_surface.prefab
26/5/2025 11:57:06 am Data Extracted!
26/5/2025 11:57:06 am Saving Results...
26/5/2025 11:57:06 am Saving File: 53646a4941d5a754ba7fa7664f325dea.json
26/5/2025 11:57:06 am Done!!
26/5/2025 11:57:06 am Analyzing File: D:\XRFix\dataset_collection\overall\VR-AR-Game\Game\Assets\Low-Poly Medieval Market\Prefabs\section_01.prefab
26/5/2025 11:57:06 am Data Extracted!
26/5/2025 11:57:06 am Saving Results...
26/5/2025 11:57:06 am Saving File: 3337e494fa27d754cb3c069a8a7e6bc8.json
26/5/2025 11:57:06 am Done!!
26/5/2025 11:57:06 am Analyzing File: D:\XRFix\dataset_collection\overall\VR-AR-Game\Game\Assets\Low-Poly Medieval Market\Prefabs\section_01_with_fish.prefab
26/5/2025 11:57:06 am Data Extracted!
26/5/2025 11:57:06 am Saving Results...
26/5/2025 11:57:06 am Saving File: c393582f3dda77341b5257312849c644.json
26/5/2025 11:57:06 am Done!!
26/5/2025 11:57:06 am Analyzing File: D:\XRFix\dataset_collection\overall\VR-AR-Game\Game\Assets\Low-Poly Medieval Market\Prefabs\section_02.prefab
26/5/2025 11:57:06 am Data Extracted!
26/5/2025 11:57:06 am Saving Results...
26/5/2025 11:57:06 am Saving File: a66329e049f66ec48914f5e129b1612c.json
26/5/2025 11:57:06 am Done!!
26/5/2025 11:57:06 am Analyzing File: D:\XRFix\dataset_collection\overall\VR-AR-Game\Game\Assets\Low-Poly Medieval Market\Prefabs\section_03.prefab
26/5/2025 11:57:06 am Data Extracted!
26/5/2025 11:57:06 am Saving Results...
26/5/2025 11:57:06 am Saving File: 2fae3373bd8c2a44ba7afa3ba44e47b4.json
26/5/2025 11:57:06 am Done!!
26/5/2025 11:57:06 am Analyzing File: D:\XRFix\dataset_collection\overall\VR-AR-Game\Game\Assets\Low-Poly Medieval Market\Prefabs\section_04.prefab
26/5/2025 11:57:06 am Data Extracted!
26/5/2025 11:57:06 am Saving Results...
26/5/2025 11:57:06 am Saving File: ad0aefc10a9ff4d428d2540ce49529d1.json
26/5/2025 11:57:06 am Done!!
26/5/2025 11:57:06 am Analyzing File: D:\XRFix\dataset_collection\overall\VR-AR-Game\Game\Assets\Low-Poly Medieval Market\Prefabs\section_04_with_fish.prefab
26/5/2025 11:57:06 am Data Extracted!
26/5/2025 11:57:06 am Saving Results...
26/5/2025 11:57:06 am Saving File: 11e3612d3f8c37144a094049eced224e.json
26/5/2025 11:57:06 am Done!!
26/5/2025 11:57:06 am Analyzing File: D:\XRFix\dataset_collection\overall\VR-AR-Game\Game\Assets\Low-Poly Medieval Market\Prefabs\section_05.prefab
26/5/2025 11:57:06 am Data Extracted!
26/5/2025 11:57:06 am Saving Results...
26/5/2025 11:57:06 am Saving File: 034a867378592d94880ce5fdaffbf300.json
26/5/2025 11:57:06 am Done!!
26/5/2025 11:57:06 am Analyzing File: D:\XRFix\dataset_collection\overall\VR-AR-Game\Game\Assets\Low-Poly Medieval Market\Prefabs\section_06.prefab
26/5/2025 11:57:06 am Data Extracted!
26/5/2025 11:57:06 am Saving Results...
26/5/2025 11:57:06 am Saving File: b5143ad07080ff841b5a6b60c1c0e1db.json
26/5/2025 11:57:06 am Done!!
26/5/2025 11:57:06 am Analyzing File: D:\XRFix\dataset_collection\overall\VR-AR-Game\Game\Assets\Low-Poly Medieval Market\Prefabs\section_with_objects_01.prefab
26/5/2025 11:57:06 am Data Extracted!
26/5/2025 11:57:06 am Saving Results...
26/5/2025 11:57:06 am Saving File: da97b80dc8fb25c42a1174c05c382bf5.json
26/5/2025 11:57:06 am Done!!
26/5/2025 11:57:06 am Analyzing File: D:\XRFix\dataset_collection\overall\VR-AR-Game\Game\Assets\Low-Poly Medieval Market\Prefabs\small_meat.prefab
26/5/2025 11:57:06 am Data Extracted!
26/5/2025 11:57:06 am Saving Results...
26/5/2025 11:57:06 am Saving File: 96c31d99e8d69a04b9eb26a5942a33c2.json
26/5/2025 11:57:06 am Done!!
26/5/2025 11:57:06 am Analyzing File: D:\XRFix\dataset_collection\overall\VR-AR-Game\Game\Assets\Low-Poly Medieval Market\Prefabs\stand_01.prefab
26/5/2025 11:57:06 am Data Extracted!
26/5/2025 11:57:06 am Saving Results...
26/5/2025 11:57:06 am Saving File: 7242c3c430ebdd4478843bd94fc55be7.json
26/5/2025 11:57:06 am Done!!
26/5/2025 11:57:06 am Analyzing File: D:\XRFix\dataset_collection\overall\VR-AR-Game\Game\Assets\Low-Poly Medieval Market\Prefabs\stand_02.prefab
26/5/2025 11:57:06 am Data Extracted!
26/5/2025 11:57:06 am Saving Results...
26/5/2025 11:57:06 am Saving File: 1cfe0aebf2d528e41a25542addfe8364.json
26/5/2025 11:57:06 am Done!!
26/5/2025 11:57:06 am Analyzing File: D:\XRFix\dataset_collection\overall\VR-AR-Game\Game\Assets\Low-Poly Medieval Market\Prefabs\swordfish.prefab
26/5/2025 11:57:06 am Data Extracted!
26/5/2025 11:57:06 am Saving Results...
26/5/2025 11:57:06 am Saving File: 8c40448a6e292ce4aa884b48a55cfc10.json
26/5/2025 11:57:06 am Done!!
26/5/2025 11:57:06 am Analyzing File: D:\XRFix\dataset_collection\overall\VR-AR-Game\Game\Assets\Low-Poly Medieval Market\Prefabs\table_01.prefab
26/5/2025 11:57:06 am Data Extracted!
26/5/2025 11:57:06 am Saving Results...
26/5/2025 11:57:06 am Saving File: c9d6f1f953461324e8292a881aca9254.json
26/5/2025 11:57:06 am Done!!
26/5/2025 11:57:06 am Analyzing File: D:\XRFix\dataset_collection\overall\VR-AR-Game\Game\Assets\Low-Poly Medieval Market\Prefabs\table_02.prefab
26/5/2025 11:57:06 am Data Extracted!
26/5/2025 11:57:06 am Saving Results...
26/5/2025 11:57:06 am Saving File: 98c36059c3fc374479c36f64599c6ef3.json
26/5/2025 11:57:06 am Done!!
26/5/2025 11:57:06 am Analyzing File: D:\XRFix\dataset_collection\overall\VR-AR-Game\Game\Assets\Low-Poly Medieval Market\Prefabs\table_03.prefab
26/5/2025 11:57:06 am Data Extracted!
26/5/2025 11:57:06 am Saving Results...
26/5/2025 11:57:06 am Saving File: 38d4e31a986a6df45a81e209af43aa08.json
26/5/2025 11:57:06 am Done!!
26/5/2025 11:57:06 am Analyzing File: D:\XRFix\dataset_collection\overall\VR-AR-Game\Game\Assets\Low-Poly Medieval Market\Prefabs\Table_armor.prefab
26/5/2025 11:57:06 am Data Extracted!
26/5/2025 11:57:06 am Saving Results...
26/5/2025 11:57:06 am Saving File: 4def8cc7383f7b14aae6993ffd09ee97.json
26/5/2025 11:57:06 am Done!!
26/5/2025 11:57:06 am Analyzing File: D:\XRFix\dataset_collection\overall\VR-AR-Game\Game\Assets\Low-Poly Medieval Market\Prefabs\table_with_bottels.prefab
26/5/2025 11:57:06 am Data Extracted!
26/5/2025 11:57:06 am Saving Results...
26/5/2025 11:57:06 am Saving File: 733f4be6517664b4f96ee130230f641f.json
26/5/2025 11:57:06 am Done!!
26/5/2025 11:57:06 am Analyzing File: D:\XRFix\dataset_collection\overall\VR-AR-Game\Game\Assets\Low-Poly Medieval Market\Prefabs\table_with_meat_01.prefab
26/5/2025 11:57:06 am Data Extracted!
26/5/2025 11:57:06 am Saving Results...
26/5/2025 11:57:06 am Saving File: 5c2023285b6214242a8f9f473ccc1ab7.json
26/5/2025 11:57:06 am Done!!
26/5/2025 11:57:06 am Analyzing File: D:\XRFix\dataset_collection\overall\VR-AR-Game\Game\Assets\Low-Poly Medieval Market\Prefabs\table_with_meat_chease.prefab
26/5/2025 11:57:06 am Data Extracted!
26/5/2025 11:57:06 am Saving Results...
26/5/2025 11:57:06 am Saving File: 0c54d0bf7635644479ee2a6d05ee16d2.json
26/5/2025 11:57:06 am Done!!
26/5/2025 11:57:06 am Analyzing File: D:\XRFix\dataset_collection\overall\VR-AR-Game\Game\Assets\Low-Poly Medieval Market\Prefabs\Table_with_weapon.prefab
26/5/2025 11:57:06 am Data Extracted!
26/5/2025 11:57:06 am Saving Results...
26/5/2025 11:57:06 am Saving File: 52eff72d3b1cec44ebdcabc26791c5b6.json
26/5/2025 11:57:06 am Done!!
26/5/2025 11:57:06 am Analyzing File: D:\XRFix\dataset_collection\overall\VR-AR-Game\Game\Assets\Low-Poly Medieval Market\Prefabs\VegetableMarket.prefab
26/5/2025 11:57:06 am Data Extracted!
26/5/2025 11:57:06 am Saving Results...
26/5/2025 11:57:06 am Saving File: f4b5311c4144f604eb483b849c8e96c9.json
26/5/2025 11:57:06 am Done!!
26/5/2025 11:57:06 am Analyzing File: D:\XRFix\dataset_collection\overall\VR-AR-Game\Game\Assets\Low-Poly Medieval Market\Prefabs\Vegetable_market_with_objects.prefab
26/5/2025 11:57:06 am Data Extracted!
26/5/2025 11:57:06 am Saving Results...
26/5/2025 11:57:06 am Saving File: 0708d410ceaf54740ba86aa9668506c3.json
26/5/2025 11:57:06 am Done!!
26/5/2025 11:57:06 am Analyzing File: D:\XRFix\dataset_collection\overall\VR-AR-Game\Game\Assets\Low-Poly Medieval Market\Prefabs\vegetable_section_01.prefab
26/5/2025 11:57:06 am Data Extracted!
26/5/2025 11:57:06 am Saving Results...
26/5/2025 11:57:06 am Saving File: 5c10f8d63a7712a44af108b5729df76a.json
26/5/2025 11:57:06 am Done!!
26/5/2025 11:57:06 am Analyzing File: D:\XRFix\dataset_collection\overall\VR-AR-Game\Game\Assets\Low-Poly Medieval Market\Prefabs\vegetable_section_02.prefab
26/5/2025 11:57:06 am Data Extracted!
26/5/2025 11:57:06 am Saving Results...
26/5/2025 11:57:06 am Saving File: fec504cf579772240828f6369e363864.json
26/5/2025 11:57:06 am Done!!
26/5/2025 11:57:06 am Analyzing File: D:\XRFix\dataset_collection\overall\VR-AR-Game\Game\Assets\Low-Poly Medieval Market\Prefabs\wall_axes.prefab
26/5/2025 11:57:06 am Data Extracted!
26/5/2025 11:57:06 am Saving Results...
26/5/2025 11:57:06 am Saving File: a5ac0ea15b990ca45b36fec1464a9f2f.json
26/5/2025 11:57:06 am Done!!
26/5/2025 11:57:06 am Analyzing File: D:\XRFix\dataset_collection\overall\VR-AR-Game\Game\Assets\Low-Poly Medieval Market\Prefabs\wall_swords.prefab
26/5/2025 11:57:06 am Data Extracted!
26/5/2025 11:57:06 am Saving Results...
26/5/2025 11:57:06 am Saving File: f9ff7942b0a38aa49b165bfbf1372e4e.json
26/5/2025 11:57:06 am Done!!
26/5/2025 11:57:06 am Analyzing File: D:\XRFix\dataset_collection\overall\VR-AR-Game\Game\Assets\Low-Poly Medieval Market\Prefabs\watermelon_box.prefab
26/5/2025 11:57:06 am Data Extracted!
26/5/2025 11:57:06 am Saving Results...
26/5/2025 11:57:06 am Saving File: 4501448e1127cb043afc064a66502fda.json
26/5/2025 11:57:06 am Done!!
26/5/2025 11:57:06 am Analyzing File: D:\XRFix\dataset_collection\overall\VR-AR-Game\Game\Assets\Low-Poly Medieval Market\Prefabs\weapon_market.prefab
26/5/2025 11:57:06 am Data Extracted!
26/5/2025 11:57:06 am Saving Results...
26/5/2025 11:57:06 am Saving File: bdb02f806a3b44c4bba3eb022914c075.json
26/5/2025 11:57:06 am Done!!
26/5/2025 11:57:06 am Analyzing File: D:\XRFix\dataset_collection\overall\VR-AR-Game\Game\Assets\Low-Poly Medieval Market\Prefabs\Weapon_Market_with_objects.prefab
26/5/2025 11:57:06 am Data Extracted!
26/5/2025 11:57:06 am Saving Results...
26/5/2025 11:57:06 am Saving File: 6eef9e580c001db45934a1ce61d95a7b.json
26/5/2025 11:57:06 am Done!!
26/5/2025 11:57:06 am Analyzing File: D:\XRFix\dataset_collection\overall\VR-AR-Game\Game\Assets\Low-Poly Medieval Market\Prefabs\weapon_rack.prefab
26/5/2025 11:57:06 am Data Extracted!
26/5/2025 11:57:06 am Saving Results...
26/5/2025 11:57:06 am Saving File: e276291d65c5b3f4b8af3da2ec2d9690.json
26/5/2025 11:57:06 am Done!!
26/5/2025 11:57:06 am Analyzing File: D:\XRFix\dataset_collection\overall\VR-AR-Game\Game\Assets\Low-Poly Medieval Market\Prefabs\wicker_bottle.prefab
26/5/2025 11:57:06 am Data Extracted!
26/5/2025 11:57:06 am Saving Results...
26/5/2025 11:57:06 am Saving File: 0e8c1ff32c7d079418ce1ced4e09100d.json
26/5/2025 11:57:06 am Done!!
26/5/2025 11:57:06 am Analyzing File: D:\XRFix\dataset_collection\overall\VR-AR-Game\Game\Assets\Low-Poly Medieval Market\Prefabs\wooden_basin.prefab
26/5/2025 11:57:06 am Data Extracted!
26/5/2025 11:57:06 am Saving Results...
26/5/2025 11:57:06 am Saving File: 49db4bdf073f5fe4b8d6d01bad6f7e42.json
26/5/2025 11:57:06 am Done!!
26/5/2025 11:57:06 am Analyzing File: D:\XRFix\dataset_collection\overall\VR-AR-Game\Game\Assets\Low-Poly Medieval Market\Prefabs\wooden_bowl_01.prefab
26/5/2025 11:57:06 am Data Extracted!
26/5/2025 11:57:06 am Saving Results...
26/5/2025 11:57:06 am Saving File: 3be4f1eccf329f241a51b9fc1dce06be.json
26/5/2025 11:57:06 am Done!!
26/5/2025 11:57:06 am Analyzing File: D:\XRFix\dataset_collection\overall\VR-AR-Game\Game\Assets\Low-Poly Medieval Market\Prefabs\wooden_bowl_02.prefab
26/5/2025 11:57:06 am Data Extracted!
26/5/2025 11:57:06 am Saving Results...
26/5/2025 11:57:06 am Saving File: aa5b129a96531904680cf344db456eea.json
26/5/2025 11:57:06 am Done!!
26/5/2025 11:57:06 am Analyzing File: D:\XRFix\dataset_collection\overall\VR-AR-Game\Game\Assets\Low-Poly Medieval Market\Prefabs\wooden_box.prefab
26/5/2025 11:57:06 am Data Extracted!
26/5/2025 11:57:06 am Saving Results...
26/5/2025 11:57:06 am Saving File: a35ab8eacfb174a40b2af243118029b2.json
26/5/2025 11:57:06 am Done!!
26/5/2025 11:57:06 am Analyzing File: D:\XRFix\dataset_collection\overall\VR-AR-Game\Game\Assets\Low-Poly Medieval Market\Prefabs\wooden_box_destroyed.prefab
26/5/2025 11:57:06 am Data Extracted!
26/5/2025 11:57:06 am Saving Results...
26/5/2025 11:57:06 am Saving File: b82d9969aedb66c4b998ad0627711207.json
26/5/2025 11:57:06 am Done!!
26/5/2025 11:57:06 am Analyzing File: D:\XRFix\dataset_collection\overall\VR-AR-Game\Game\Assets\Low-Poly Medieval Market\Prefabs\wooden_jar.prefab
26/5/2025 11:57:06 am Data Extracted!
26/5/2025 11:57:06 am Saving Results...
26/5/2025 11:57:06 am Saving File: cf8f0cbe61db7ce42b6daa86ca71892e.json
26/5/2025 11:57:06 am Done!!
26/5/2025 11:57:06 am Analyzing File: D:\XRFix\dataset_collection\overall\VR-AR-Game\Game\Assets\Low-Poly Medieval Market\Prefabs\Armor\armor.prefab
26/5/2025 11:57:06 am Data Extracted!
26/5/2025 11:57:06 am Saving Results...
26/5/2025 11:57:06 am Saving File: 991b236b43c591349b1df600c83ccde2.json
26/5/2025 11:57:06 am Done!!
26/5/2025 11:57:06 am Analyzing File: D:\XRFix\dataset_collection\overall\VR-AR-Game\Game\Assets\Low-Poly Medieval Market\Prefabs\Armor\armor_gorget.prefab
26/5/2025 11:57:06 am Data Extracted!
26/5/2025 11:57:06 am Saving Results...
26/5/2025 11:57:06 am Saving File: d98fe039e4090f94199ba56a4bb4386d.json
26/5/2025 11:57:06 am Done!!
26/5/2025 11:57:06 am Analyzing File: D:\XRFix\dataset_collection\overall\VR-AR-Game\Game\Assets\Low-Poly Medieval Market\Prefabs\Armor\armor_helmet.prefab
26/5/2025 11:57:06 am Data Extracted!
26/5/2025 11:57:06 am Saving Results...
26/5/2025 11:57:06 am Saving File: 9d86cdb8206f52740a841d7a8860c89b.json
26/5/2025 11:57:06 am Done!!
26/5/2025 11:57:06 am Analyzing File: D:\XRFix\dataset_collection\overall\VR-AR-Game\Game\Assets\Low-Poly Medieval Market\Prefabs\Armor\armor_shoulder_pad_left.prefab
26/5/2025 11:57:06 am Data Extracted!
26/5/2025 11:57:06 am Saving Results...
26/5/2025 11:57:06 am Saving File: 10e8cf21e9b399041a71d0e64c904b32.json
26/5/2025 11:57:06 am Done!!
26/5/2025 11:57:06 am Analyzing File: D:\XRFix\dataset_collection\overall\VR-AR-Game\Game\Assets\Low-Poly Medieval Market\Prefabs\Armor\armor_shoulder_pad_right.prefab
26/5/2025 11:57:06 am Data Extracted!
26/5/2025 11:57:06 am Saving Results...
26/5/2025 11:57:06 am Saving File: 38a7bdcbac06ce849976bd81b497725a.json
26/5/2025 11:57:06 am Done!!
26/5/2025 11:57:06 am Analyzing File: D:\XRFix\dataset_collection\overall\VR-AR-Game\Game\Assets\Low-Poly Medieval Market\Prefabs\Armor\helmet_armor_solo.prefab
26/5/2025 11:57:06 am Data Extracted!
26/5/2025 11:57:06 am Saving Results...
26/5/2025 11:57:06 am Saving File: bc479138ddc4e3c4786488d101bfd3fe.json
26/5/2025 11:57:06 am Done!!
26/5/2025 11:57:06 am Analyzing File: D:\XRFix\dataset_collection\overall\VR-AR-Game\Game\Assets\Low-Poly Medieval Market\Prefabs\Armor\helmet_visor_solo.prefab
26/5/2025 11:57:06 am Data Extracted!
26/5/2025 11:57:06 am Saving Results...
26/5/2025 11:57:06 am Saving File: 9184adcc3e6a26d469539042e806b4c3.json
26/5/2025 11:57:06 am Done!!
26/5/2025 11:57:06 am Analyzing File: D:\XRFix\dataset_collection\overall\VR-AR-Game\Game\Assets\Low-Poly Medieval Market\Prefabs\Environment\AllGrass.prefab
26/5/2025 11:57:06 am Data Extracted!
26/5/2025 11:57:06 am Saving Results...
26/5/2025 11:57:07 am Saving File: f5de71aef69c62843b610b795151f551.json
26/5/2025 11:57:07 am Done!!
26/5/2025 11:57:07 am Analyzing File: D:\XRFix\dataset_collection\overall\VR-AR-Game\Game\Assets\Low-Poly Medieval Market\Prefabs\Environment\bush_01.prefab
26/5/2025 11:57:07 am Data Extracted!
26/5/2025 11:57:07 am Saving Results...
26/5/2025 11:57:07 am Saving File: 5cecfbcb65f1d3c46a6d74cd15ebfb7a.json
26/5/2025 11:57:07 am Done!!
26/5/2025 11:57:07 am Analyzing File: D:\XRFix\dataset_collection\overall\VR-AR-Game\Game\Assets\Low-Poly Medieval Market\Prefabs\Environment\bush_02.prefab
26/5/2025 11:57:07 am Data Extracted!
26/5/2025 11:57:07 am Saving Results...
26/5/2025 11:57:07 am Saving File: 19029c1e7c9031d4bb5273374fc0dc4e.json
26/5/2025 11:57:07 am Done!!
26/5/2025 11:57:07 am Analyzing File: D:\XRFix\dataset_collection\overall\VR-AR-Game\Game\Assets\Low-Poly Medieval Market\Prefabs\Environment\fence_circle_01.prefab
26/5/2025 11:57:07 am Data Extracted!
26/5/2025 11:57:07 am Saving Results...
26/5/2025 11:57:07 am Saving File: dcff8628b1c734747a290d43987dcbad.json
26/5/2025 11:57:07 am Done!!
26/5/2025 11:57:07 am Analyzing File: D:\XRFix\dataset_collection\overall\VR-AR-Game\Game\Assets\Low-Poly Medieval Market\Prefabs\Environment\fence_circle_02.prefab
26/5/2025 11:57:07 am Data Extracted!
26/5/2025 11:57:07 am Saving Results...
26/5/2025 11:57:07 am Saving File: 5be382b44b5765e41a3e49aa68122a0c.json
26/5/2025 11:57:07 am Done!!
26/5/2025 11:57:07 am Analyzing File: D:\XRFix\dataset_collection\overall\VR-AR-Game\Game\Assets\Low-Poly Medieval Market\Prefabs\Environment\grass_01.prefab
26/5/2025 11:57:07 am Data Extracted!
26/5/2025 11:57:07 am Saving Results...
26/5/2025 11:57:07 am Saving File: 31b38e2e572cb2840bb6d968ffe63240.json
26/5/2025 11:57:07 am Done!!
26/5/2025 11:57:07 am Analyzing File: D:\XRFix\dataset_collection\overall\VR-AR-Game\Game\Assets\Low-Poly Medieval Market\Prefabs\Environment\grass_02.prefab
26/5/2025 11:57:07 am Data Extracted!
26/5/2025 11:57:07 am Saving Results...
26/5/2025 11:57:07 am Saving File: 88b403a665be9744f971d6bc4e878f0e.json
26/5/2025 11:57:07 am Done!!
26/5/2025 11:57:07 am Analyzing File: D:\XRFix\dataset_collection\overall\VR-AR-Game\Game\Assets\Low-Poly Medieval Market\Prefabs\Environment\grass_03.prefab
26/5/2025 11:57:07 am Data Extracted!
26/5/2025 11:57:07 am Saving Results...
26/5/2025 11:57:07 am Saving File: ffacc465341324446990e4db47402106.json
26/5/2025 11:57:07 am Done!!
26/5/2025 11:57:07 am Analyzing File: D:\XRFix\dataset_collection\overall\VR-AR-Game\Game\Assets\Low-Poly Medieval Market\Prefabs\Environment\Island.prefab
26/5/2025 11:57:07 am Data Extracted!
26/5/2025 11:57:07 am Saving Results...
26/5/2025 11:57:07 am Saving File: f373940ce5f864d44aa0b05696fa9211.json
26/5/2025 11:57:07 am Done!!
26/5/2025 11:57:07 am Analyzing File: D:\XRFix\dataset_collection\overall\VR-AR-Game\Game\Assets\Low-Poly Medieval Market\Prefabs\Environment\lamp_post.prefab
26/5/2025 11:57:07 am Data Extracted!
26/5/2025 11:57:07 am Saving Results...
26/5/2025 11:57:07 am Saving File: 3f3fe03e033d43a49ba2cfb47082b18f.json
26/5/2025 11:57:07 am Done!!
26/5/2025 11:57:07 am Analyzing File: D:\XRFix\dataset_collection\overall\VR-AR-Game\Game\Assets\Low-Poly Medieval Market\Prefabs\Environment\Latern.prefab
26/5/2025 11:57:07 am Data Extracted!
26/5/2025 11:57:07 am Saving Results...
26/5/2025 11:57:07 am Saving File: d6cfbca0aa720344e9a0d920d30c1e75.json
26/5/2025 11:57:07 am Done!!
26/5/2025 11:57:07 am Analyzing File: D:\XRFix\dataset_collection\overall\VR-AR-Game\Game\Assets\Low-Poly Medieval Market\Prefabs\Environment\stone_fence_01.prefab
26/5/2025 11:57:07 am Data Extracted!
26/5/2025 11:57:07 am Saving Results...
26/5/2025 11:57:07 am Saving File: ac936ad7ddc749a41a651adf7537ca96.json
26/5/2025 11:57:07 am Done!!
26/5/2025 11:57:07 am Analyzing File: D:\XRFix\dataset_collection\overall\VR-AR-Game\Game\Assets\Low-Poly Medieval Market\Prefabs\Environment\stone_fence_02.prefab
26/5/2025 11:57:07 am Data Extracted!
26/5/2025 11:57:07 am Saving Results...
26/5/2025 11:57:07 am Saving File: 7a529b20e0299d54e8a27a8499ab7f81.json
26/5/2025 11:57:07 am Done!!
26/5/2025 11:57:07 am Analyzing File: D:\XRFix\dataset_collection\overall\VR-AR-Game\Game\Assets\Low-Poly Medieval Market\Prefabs\Environment\stone_fence_03.prefab
26/5/2025 11:57:07 am Data Extracted!
26/5/2025 11:57:07 am Saving Results...
26/5/2025 11:57:07 am Saving File: 7ae44cce9c551704984deac91f767c88.json
26/5/2025 11:57:07 am Done!!
26/5/2025 11:57:07 am Analyzing File: D:\XRFix\dataset_collection\overall\VR-AR-Game\Game\Assets\Low-Poly Medieval Market\Prefabs\Environment\stone_pillar.prefab
26/5/2025 11:57:07 am Data Extracted!
26/5/2025 11:57:07 am Saving Results...
26/5/2025 11:57:07 am Saving File: db8edc7562833af4b9eebea07c69d5d9.json
26/5/2025 11:57:07 am Done!!
26/5/2025 11:57:07 am Analyzing File: D:\XRFix\dataset_collection\overall\VR-AR-Game\Game\Assets\Low-Poly Medieval Market\Prefabs\Environment\trailway_01.prefab
26/5/2025 11:57:07 am Data Extracted!
26/5/2025 11:57:07 am Saving Results...
26/5/2025 11:57:07 am Saving File: 1a0dd05a0e8804b49bdb5e15a41afb8f.json
26/5/2025 11:57:07 am Done!!
26/5/2025 11:57:07 am Analyzing File: D:\XRFix\dataset_collection\overall\VR-AR-Game\Game\Assets\Low-Poly Medieval Market\Prefabs\Environment\trailway_02.prefab
26/5/2025 11:57:07 am Data Extracted!
26/5/2025 11:57:07 am Saving Results...
26/5/2025 11:57:07 am Saving File: 94f6ad5cbfa2225449f7a5b5cac83d5f.json
26/5/2025 11:57:07 am Done!!
26/5/2025 11:57:07 am Analyzing File: D:\XRFix\dataset_collection\overall\VR-AR-Game\Game\Assets\Low-Poly Medieval Market\Prefabs\Environment\trailway_03.prefab
26/5/2025 11:57:07 am Data Extracted!
26/5/2025 11:57:07 am Saving Results...
26/5/2025 11:57:07 am Saving File: 10348d885afc4924e9daa5d07655d02e.json
26/5/2025 11:57:07 am Done!!
26/5/2025 11:57:07 am Analyzing File: D:\XRFix\dataset_collection\overall\VR-AR-Game\Game\Assets\Low-Poly Medieval Market\Prefabs\Environment\tree_01.prefab
26/5/2025 11:57:07 am Data Extracted!
26/5/2025 11:57:07 am Saving Results...
26/5/2025 11:57:07 am Saving File: b69c35c4f3d673e4f85004d0581f9105.json
26/5/2025 11:57:07 am Done!!
26/5/2025 11:57:07 am Analyzing File: D:\XRFix\dataset_collection\overall\VR-AR-Game\Game\Assets\Low-Poly Medieval Market\Prefabs\Environment\tree_02.prefab
26/5/2025 11:57:07 am Data Extracted!
26/5/2025 11:57:07 am Saving Results...
26/5/2025 11:57:07 am Saving File: ea1d9040b339d034abaa12dd47062386.json
26/5/2025 11:57:07 am Done!!
26/5/2025 11:57:07 am Analyzing File: D:\XRFix\dataset_collection\overall\VR-AR-Game\Game\Assets\Low-Poly Medieval Market\Prefabs\Environment\tree_03.prefab
26/5/2025 11:57:07 am Data Extracted!
26/5/2025 11:57:07 am Saving Results...
26/5/2025 11:57:07 am Saving File: 49a43a0f277453b4e9b4438abaae51d2.json
26/5/2025 11:57:07 am Done!!
26/5/2025 11:57:07 am Analyzing File: D:\XRFix\dataset_collection\overall\VR-AR-Game\Game\Assets\Low-Poly Medieval Market\Prefabs\Fruits and vegetables\apple_green.prefab
26/5/2025 11:57:07 am Data Extracted!
26/5/2025 11:57:07 am Saving Results...
26/5/2025 11:57:07 am Saving File: 43556b5539144a845b5edfb031914765.json
26/5/2025 11:57:07 am Done!!
26/5/2025 11:57:07 am Analyzing File: D:\XRFix\dataset_collection\overall\VR-AR-Game\Game\Assets\Low-Poly Medieval Market\Prefabs\Fruits and vegetables\apple_red.prefab
26/5/2025 11:57:07 am Data Extracted!
26/5/2025 11:57:07 am Saving Results...
26/5/2025 11:57:07 am Saving File: 10e1618a04997b9449183bad8d969464.json
26/5/2025 11:57:07 am Done!!
26/5/2025 11:57:07 am Analyzing File: D:\XRFix\dataset_collection\overall\VR-AR-Game\Game\Assets\Low-Poly Medieval Market\Prefabs\Fruits and vegetables\apple_yellow.prefab
26/5/2025 11:57:07 am Data Extracted!
26/5/2025 11:57:07 am Saving Results...
26/5/2025 11:57:07 am Saving File: ec69acfba609a0f4a931eb6ac24f3d4f.json
26/5/2025 11:57:07 am Done!!
26/5/2025 11:57:07 am Analyzing File: D:\XRFix\dataset_collection\overall\VR-AR-Game\Game\Assets\Low-Poly Medieval Market\Prefabs\Fruits and vegetables\banana.prefab
26/5/2025 11:57:07 am Data Extracted!
26/5/2025 11:57:07 am Saving Results...
26/5/2025 11:57:07 am Saving File: 7b7a60980f07021488b8f2c94a96f93c.json
26/5/2025 11:57:07 am Done!!
26/5/2025 11:57:07 am Analyzing File: D:\XRFix\dataset_collection\overall\VR-AR-Game\Game\Assets\Low-Poly Medieval Market\Prefabs\Fruits and vegetables\bananas.prefab
26/5/2025 11:57:07 am Data Extracted!
26/5/2025 11:57:07 am Saving Results...
26/5/2025 11:57:07 am Saving File: 2aea14354031de945a8280e4486ef3af.json
26/5/2025 11:57:07 am Done!!
26/5/2025 11:57:07 am Analyzing File: D:\XRFix\dataset_collection\overall\VR-AR-Game\Game\Assets\Low-Poly Medieval Market\Prefabs\Fruits and vegetables\banana_connector.prefab
26/5/2025 11:57:07 am Data Extracted!
26/5/2025 11:57:07 am Saving Results...
26/5/2025 11:57:07 am Saving File: 538c8ff5c1fc93a4d979678be31d7563.json
26/5/2025 11:57:07 am Done!!
26/5/2025 11:57:07 am Analyzing File: D:\XRFix\dataset_collection\overall\VR-AR-Game\Game\Assets\Low-Poly Medieval Market\Prefabs\Fruits and vegetables\beet.prefab
26/5/2025 11:57:07 am Data Extracted!
26/5/2025 11:57:07 am Saving Results...
26/5/2025 11:57:07 am Saving File: acbc5754161cdcc4994e732bf0e9fd18.json
26/5/2025 11:57:07 am Done!!
26/5/2025 11:57:07 am Analyzing File: D:\XRFix\dataset_collection\overall\VR-AR-Game\Game\Assets\Low-Poly Medieval Market\Prefabs\Fruits and vegetables\carrot.prefab
26/5/2025 11:57:07 am Data Extracted!
26/5/2025 11:57:07 am Saving Results...
26/5/2025 11:57:07 am Saving File: 9540292a453dac645bad435792805b94.json
26/5/2025 11:57:07 am Done!!
26/5/2025 11:57:07 am Analyzing File: D:\XRFix\dataset_collection\overall\VR-AR-Game\Game\Assets\Low-Poly Medieval Market\Prefabs\Fruits and vegetables\cucumber.prefab
26/5/2025 11:57:07 am Data Extracted!
26/5/2025 11:57:07 am Saving Results...
26/5/2025 11:57:07 am Saving File: 0dd60896cc22bfa46bfd0a908da1b92b.json
26/5/2025 11:57:07 am Done!!
26/5/2025 11:57:07 am Analyzing File: D:\XRFix\dataset_collection\overall\VR-AR-Game\Game\Assets\Low-Poly Medieval Market\Prefabs\Fruits and vegetables\eggplant.prefab
26/5/2025 11:57:07 am Data Extracted!
26/5/2025 11:57:07 am Saving Results...
26/5/2025 11:57:07 am Saving File: 2c9250409c4a1004eb1f70829a95d3d3.json
26/5/2025 11:57:07 am Done!!
26/5/2025 11:57:07 am Analyzing File: D:\XRFix\dataset_collection\overall\VR-AR-Game\Game\Assets\Low-Poly Medieval Market\Prefabs\Fruits and vegetables\onion.prefab
26/5/2025 11:57:07 am Data Extracted!
26/5/2025 11:57:07 am Saving Results...
26/5/2025 11:57:07 am Saving File: 1ef9cef6908c85e4ab01cd5bf9666027.json
26/5/2025 11:57:07 am Done!!
26/5/2025 11:57:07 am Analyzing File: D:\XRFix\dataset_collection\overall\VR-AR-Game\Game\Assets\Low-Poly Medieval Market\Prefabs\Fruits and vegetables\tomato.prefab
26/5/2025 11:57:07 am Data Extracted!
26/5/2025 11:57:07 am Saving Results...
26/5/2025 11:57:07 am Saving File: ba0a31dc656c679499efa3bb7dba1d5c.json
26/5/2025 11:57:07 am Done!!
26/5/2025 11:57:07 am Analyzing File: D:\XRFix\dataset_collection\overall\VR-AR-Game\Game\Assets\Low-Poly Medieval Market\Prefabs\Fruits and vegetables\watermelon.prefab
26/5/2025 11:57:07 am Data Extracted!
26/5/2025 11:57:07 am Saving Results...
26/5/2025 11:57:07 am Saving File: 3436223d709f61749afb4adc7dbbc63e.json
26/5/2025 11:57:07 am Done!!
26/5/2025 11:57:07 am Analyzing File: D:\XRFix\dataset_collection\overall\VR-AR-Game\Game\Assets\Low-Poly Medieval Market\Prefabs\Weapons\arrow.prefab
26/5/2025 11:57:07 am Data Extracted!
26/5/2025 11:57:07 am Saving Results...
26/5/2025 11:57:07 am Saving File: 4484866c96f56bb47ac5474f112aad57.json
26/5/2025 11:57:07 am Done!!
26/5/2025 11:57:07 am Analyzing File: D:\XRFix\dataset_collection\overall\VR-AR-Game\Game\Assets\Low-Poly Medieval Market\Prefabs\Weapons\axe.prefab
26/5/2025 11:57:07 am Data Extracted!
26/5/2025 11:57:07 am Saving Results...
26/5/2025 11:57:07 am Saving File: 8b8e806db3adde3489409c3768a42f9a.json
26/5/2025 11:57:07 am Done!!
26/5/2025 11:57:07 am Analyzing File: D:\XRFix\dataset_collection\overall\VR-AR-Game\Game\Assets\Low-Poly Medieval Market\Prefabs\Weapons\blacksmith_hammer.prefab
26/5/2025 11:57:07 am Data Extracted!
26/5/2025 11:57:07 am Saving Results...
26/5/2025 11:57:07 am Saving File: bceb571a8d099a343a86ddb624f88303.json
26/5/2025 11:57:07 am Done!!
26/5/2025 11:57:07 am Analyzing File: D:\XRFix\dataset_collection\overall\VR-AR-Game\Game\Assets\Low-Poly Medieval Market\Prefabs\Weapons\crossbow.prefab
26/5/2025 11:57:07 am Data Extracted!
26/5/2025 11:57:07 am Saving Results...
26/5/2025 11:57:07 am Saving File: 8d5cf3cf8ffea8644b3a44cd6870c703.json
26/5/2025 11:57:07 am Done!!
26/5/2025 11:57:07 am Analyzing File: D:\XRFix\dataset_collection\overall\VR-AR-Game\Game\Assets\Low-Poly Medieval Market\Prefabs\Weapons\crossbow_bolt.prefab
26/5/2025 11:57:07 am Data Extracted!
26/5/2025 11:57:07 am Saving Results...
26/5/2025 11:57:07 am Saving File: 3016a9d029c6aeb4b85502f71532780b.json
26/5/2025 11:57:07 am Done!!
26/5/2025 11:57:07 am Analyzing File: D:\XRFix\dataset_collection\overall\VR-AR-Game\Game\Assets\Low-Poly Medieval Market\Prefabs\Weapons\curved_dagger.prefab
26/5/2025 11:57:07 am Data Extracted!
26/5/2025 11:57:07 am Saving Results...
26/5/2025 11:57:07 am Saving File: a2674319195dc7347bcebeb89032aca4.json
26/5/2025 11:57:07 am Done!!
26/5/2025 11:57:07 am Analyzing File: D:\XRFix\dataset_collection\overall\VR-AR-Game\Game\Assets\Low-Poly Medieval Market\Prefabs\Weapons\dagger.prefab
26/5/2025 11:57:07 am Data Extracted!
26/5/2025 11:57:07 am Saving Results...
26/5/2025 11:57:07 am Saving File: 0118f73dbd62e9a48a59bb12475c9a5f.json
26/5/2025 11:57:07 am Done!!
26/5/2025 11:57:07 am Analyzing File: D:\XRFix\dataset_collection\overall\VR-AR-Game\Game\Assets\Low-Poly Medieval Market\Prefabs\Weapons\long_bow.prefab
26/5/2025 11:57:07 am Data Extracted!
26/5/2025 11:57:07 am Saving Results...
26/5/2025 11:57:07 am Saving File: 72bda203642b55d448714d7c6b19aa75.json
26/5/2025 11:57:07 am Done!!
26/5/2025 11:57:07 am Analyzing File: D:\XRFix\dataset_collection\overall\VR-AR-Game\Game\Assets\Low-Poly Medieval Market\Prefabs\Weapons\mace.prefab
26/5/2025 11:57:07 am Data Extracted!
26/5/2025 11:57:07 am Saving Results...
26/5/2025 11:57:07 am Saving File: 93b246921b0fb3d4fa054186c3505528.json
26/5/2025 11:57:07 am Done!!
26/5/2025 11:57:07 am Analyzing File: D:\XRFix\dataset_collection\overall\VR-AR-Game\Game\Assets\Low-Poly Medieval Market\Prefabs\Weapons\one_handed_sword.prefab
26/5/2025 11:57:07 am Data Extracted!
26/5/2025 11:57:07 am Saving Results...
26/5/2025 11:57:07 am Saving File: a262d897f717f8f4f8c816f018cf988c.json
26/5/2025 11:57:07 am Done!!
26/5/2025 11:57:07 am Analyzing File: D:\XRFix\dataset_collection\overall\VR-AR-Game\Game\Assets\Low-Poly Medieval Market\Prefabs\Weapons\shield_01.prefab
26/5/2025 11:57:07 am Data Extracted!
26/5/2025 11:57:07 am Saving Results...
26/5/2025 11:57:07 am Saving File: d6fdb1e4c30f266459d2118f85d3f2aa.json
26/5/2025 11:57:07 am Done!!
26/5/2025 11:57:07 am Analyzing File: D:\XRFix\dataset_collection\overall\VR-AR-Game\Game\Assets\Low-Poly Medieval Market\Prefabs\Weapons\shield_02.prefab
26/5/2025 11:57:07 am Data Extracted!
26/5/2025 11:57:07 am Saving Results...
26/5/2025 11:57:07 am Saving File: 44e79123abd9236488753ed07fadb5db.json
26/5/2025 11:57:07 am Done!!
26/5/2025 11:57:07 am Analyzing File: D:\XRFix\dataset_collection\overall\VR-AR-Game\Game\Assets\Low-Poly Medieval Market\Prefabs\Weapons\short_bow.prefab
26/5/2025 11:57:07 am Data Extracted!
26/5/2025 11:57:07 am Saving Results...
26/5/2025 11:57:07 am Saving File: b37d60f5221e08e4bb26a1a6a00c5bf8.json
26/5/2025 11:57:07 am Done!!
26/5/2025 11:57:07 am Analyzing File: D:\XRFix\dataset_collection\overall\VR-AR-Game\Game\Assets\Low-Poly Medieval Market\Prefabs\Weapons\short_sword.prefab
26/5/2025 11:57:07 am Data Extracted!
26/5/2025 11:57:07 am Saving Results...
26/5/2025 11:57:07 am Saving File: 999f1c6fc24d87c459f66a5e2b19e6fb.json
26/5/2025 11:57:07 am Done!!
26/5/2025 11:57:07 am Analyzing File: D:\XRFix\dataset_collection\overall\VR-AR-Game\Game\Assets\Low-Poly Medieval Market\Prefabs\Weapons\spear.prefab
26/5/2025 11:57:07 am Data Extracted!
26/5/2025 11:57:07 am Saving Results...
26/5/2025 11:57:07 am Saving File: c64b2f9a2c80825418e67c7593456e1b.json
26/5/2025 11:57:07 am Done!!
26/5/2025 11:57:07 am Analyzing File: D:\XRFix\dataset_collection\overall\VR-AR-Game\Game\Assets\Low-Poly Medieval Market\Prefabs\Weapons\two_handed_axe.prefab
26/5/2025 11:57:07 am Data Extracted!
26/5/2025 11:57:07 am Saving Results...
26/5/2025 11:57:07 am Saving File: 05b7ed5f67e74a640a9c53e965cd9d12.json
26/5/2025 11:57:07 am Done!!
26/5/2025 11:57:07 am Analyzing File: D:\XRFix\dataset_collection\overall\VR-AR-Game\Game\Assets\Low-Poly Medieval Market\Prefabs\Weapons\two_handed_hammer.prefab
26/5/2025 11:57:07 am Data Extracted!
26/5/2025 11:57:07 am Saving Results...
26/5/2025 11:57:07 am Saving File: e32d34c22f62e884195484260ddba41c.json
26/5/2025 11:57:07 am Done!!
26/5/2025 11:57:07 am Analyzing File: D:\XRFix\dataset_collection\overall\VR-AR-Game\Game\Assets\Low-Poly Medieval Market\Prefabs\Weapons\two_handed_sword.prefab
26/5/2025 11:57:07 am Data Extracted!
26/5/2025 11:57:07 am Saving Results...
26/5/2025 11:57:07 am Saving File: 18316d8df39495b44ab8d0fcea434874.json
26/5/2025 11:57:07 am Done!!
26/5/2025 11:57:07 am Analyzing File: D:\XRFix\dataset_collection\overall\VR-AR-Game\Game\Assets\Samples\XR Interaction Toolkit\2.5.4\Starter Assets\DemoScene.unity
26/5/2025 11:57:07 am Data Extracted!
26/5/2025 11:57:07 am Saving Results...
26/5/2025 11:57:07 am Saving File: 319dafa5c80f29f428dc1e0d03f04177.json
26/5/2025 11:57:07 am Done!!
26/5/2025 11:57:07 am Analyzing File: D:\XRFix\dataset_collection\overall\VR-AR-Game\Game\Assets\Samples\XR Interaction Toolkit\2.5.4\Starter Assets\DemoSceneAssets\Prefabs\Interactables Sample.prefab
26/5/2025 11:57:07 am Data Extracted!
26/5/2025 11:57:07 am Saving Results...
26/5/2025 11:57:07 am Saving File: 6821e1b7f44d8c44b8a2ba02f37309d5.json
26/5/2025 11:57:07 am Done!!
26/5/2025 11:57:07 am Analyzing File: D:\XRFix\dataset_collection\overall\VR-AR-Game\Game\Assets\Samples\XR Interaction Toolkit\2.5.4\Starter Assets\DemoSceneAssets\Prefabs\Teleportation Environment.prefab
26/5/2025 11:57:07 am Data Extracted!
26/5/2025 11:57:07 am Saving Results...
26/5/2025 11:57:07 am Saving File: 3e07eccb5e6f459d886de95044adb1d9.json
26/5/2025 11:57:07 am Done!!
26/5/2025 11:57:07 am Analyzing File: D:\XRFix\dataset_collection\overall\VR-AR-Game\Game\Assets\Samples\XR Interaction Toolkit\2.5.4\Starter Assets\DemoSceneAssets\Prefabs\UI Sample.prefab
26/5/2025 11:57:07 am Data Extracted!
26/5/2025 11:57:07 am Saving Results...
26/5/2025 11:57:07 am Saving File: fd28f23af44f73f4a95e33435872ad15.json
26/5/2025 11:57:07 am Done!!
26/5/2025 11:57:07 am Analyzing File: D:\XRFix\dataset_collection\overall\VR-AR-Game\Game\Assets\Samples\XR Interaction Toolkit\2.5.4\Starter Assets\DemoSceneAssets\Prefabs\Climb\Climb Sample.prefab
26/5/2025 11:57:07 am Data Extracted!
26/5/2025 11:57:07 am Saving Results...
26/5/2025 11:57:07 am Saving File: 2ea572d587ee60f44bd5baa3bc2d6503.json
26/5/2025 11:57:07 am Done!!
26/5/2025 11:57:07 am Analyzing File: D:\XRFix\dataset_collection\overall\VR-AR-Game\Game\Assets\Samples\XR Interaction Toolkit\2.5.4\Starter Assets\DemoSceneAssets\Prefabs\Climb\Climbing Wall.prefab
26/5/2025 11:57:07 am Data Extracted!
26/5/2025 11:57:07 am Saving Results...
26/5/2025 11:57:07 am Saving File: a0ea40bd139aedc43b0e8374d6139437.json
26/5/2025 11:57:07 am Done!!
26/5/2025 11:57:07 am Analyzing File: D:\XRFix\dataset_collection\overall\VR-AR-Game\Game\Assets\Samples\XR Interaction Toolkit\2.5.4\Starter Assets\DemoSceneAssets\Prefabs\Climb\Ladder.prefab
26/5/2025 11:57:07 am Data Extracted!
26/5/2025 11:57:07 am Saving Results...
26/5/2025 11:57:07 am Saving File: b3830b3b2f190ee46a9c88433e985221.json
26/5/2025 11:57:07 am Done!!
26/5/2025 11:57:07 am Analyzing File: D:\XRFix\dataset_collection\overall\VR-AR-Game\Game\Assets\Samples\XR Interaction Toolkit\2.5.4\Starter Assets\DemoSceneAssets\Prefabs\Interactables\Interactable Instant Pyramid.prefab
26/5/2025 11:57:07 am Data Extracted!
26/5/2025 11:57:07 am Saving Results...
26/5/2025 11:57:07 am Saving File: 2ed984a58a974166bf92c82a74380454.json
26/5/2025 11:57:07 am Done!!
26/5/2025 11:57:07 am Analyzing File: D:\XRFix\dataset_collection\overall\VR-AR-Game\Game\Assets\Samples\XR Interaction Toolkit\2.5.4\Starter Assets\DemoSceneAssets\Prefabs\Interactables\Interactable Kinematic Torus.prefab
26/5/2025 11:57:07 am Data Extracted!
26/5/2025 11:57:07 am Saving Results...
26/5/2025 11:57:07 am Saving File: 521327bdbcb341f782d36f02cab76cb0.json
26/5/2025 11:57:07 am Done!!
26/5/2025 11:57:07 am Analyzing File: D:\XRFix\dataset_collection\overall\VR-AR-Game\Game\Assets\Samples\XR Interaction Toolkit\2.5.4\Starter Assets\DemoSceneAssets\Prefabs\Interactables\Interactable Simple Cube.prefab
26/5/2025 11:57:07 am Data Extracted!
26/5/2025 11:57:07 am Saving Results...
26/5/2025 11:57:07 am Saving File: 2e16046ebcbcb6742a86569d82e56cce.json
26/5/2025 11:57:07 am Done!!
26/5/2025 11:57:07 am Analyzing File: D:\XRFix\dataset_collection\overall\VR-AR-Game\Game\Assets\Samples\XR Interaction Toolkit\2.5.4\Starter Assets\DemoSceneAssets\Prefabs\Interactables\Interactable Velocity Tracked Wedge.prefab
26/5/2025 11:57:07 am Data Extracted!
26/5/2025 11:57:07 am Saving Results...
26/5/2025 11:57:07 am Saving File: d5615d616019430d9c2e8727e71c97fb.json
26/5/2025 11:57:07 am Done!!
26/5/2025 11:57:07 am Analyzing File: D:\XRFix\dataset_collection\overall\VR-AR-Game\Game\Assets\Samples\XR Interaction Toolkit\2.5.4\Starter Assets\DemoSceneAssets\Prefabs\Interactables\Interaction Affordance.prefab
26/5/2025 11:57:07 am Data Extracted!
26/5/2025 11:57:07 am Saving Results...
26/5/2025 11:57:07 am Saving File: eb9104ef66b7305468adb3697fdeed5e.json
26/5/2025 11:57:07 am Done!!
26/5/2025 11:57:07 am Analyzing File: D:\XRFix\dataset_collection\overall\VR-AR-Game\Game\Assets\Samples\XR Interaction Toolkit\2.5.4\Starter Assets\DemoSceneAssets\Prefabs\Interactables\Push Button.prefab
26/5/2025 11:57:07 am Data Extracted!
26/5/2025 11:57:07 am Saving Results...
26/5/2025 11:57:07 am Saving File: 76f3439a0ae796e4b81bee3f91f888ee.json
26/5/2025 11:57:07 am Done!!
26/5/2025 11:57:07 am Analyzing File: D:\XRFix\dataset_collection\overall\VR-AR-Game\Game\Assets\Samples\XR Interaction Toolkit\2.5.4\Starter Assets\DemoSceneAssets\Prefabs\Teleport\Snapping Teleport Anchor.prefab
26/5/2025 11:57:07 am Data Extracted!
26/5/2025 11:57:07 am Saving Results...
26/5/2025 11:57:07 am Saving File: 037ba65d346be2a48ad006b9a9a3873e.json
26/5/2025 11:57:07 am Done!!
26/5/2025 11:57:07 am Analyzing File: D:\XRFix\dataset_collection\overall\VR-AR-Game\Game\Assets\Samples\XR Interaction Toolkit\2.5.4\Starter Assets\DemoSceneAssets\Prefabs\Teleport\Teleport Anchor.prefab
26/5/2025 11:57:07 am Data Extracted!
26/5/2025 11:57:07 am Saving Results...
26/5/2025 11:57:07 am Saving File: fad94b617f0540568dbf4c9c4011248c.json
26/5/2025 11:57:07 am Done!!
26/5/2025 11:57:07 am Analyzing File: D:\XRFix\dataset_collection\overall\VR-AR-Game\Game\Assets\Samples\XR Interaction Toolkit\2.5.4\Starter Assets\DemoSceneAssets\Prefabs\Teleport\Teleport Area.prefab
26/5/2025 11:57:07 am Data Extracted!
26/5/2025 11:57:07 am Saving Results...
26/5/2025 11:57:07 am Saving File: beb4e2871579447497fe41dfb108e2cd.json
26/5/2025 11:57:07 am Done!!
26/5/2025 11:57:07 am Analyzing File: D:\XRFix\dataset_collection\overall\VR-AR-Game\Game\Assets\Samples\XR Interaction Toolkit\2.5.4\Starter Assets\DemoSceneAssets\Prefabs\UI\Dropdown.prefab
26/5/2025 11:57:07 am Data Extracted!
26/5/2025 11:57:07 am Saving Results...
26/5/2025 11:57:07 am Saving File: 870459f1cb8d7b7428337cc5935feb67.json
26/5/2025 11:57:07 am Done!!
26/5/2025 11:57:07 am Analyzing File: D:\XRFix\dataset_collection\overall\VR-AR-Game\Game\Assets\Samples\XR Interaction Toolkit\2.5.4\Starter Assets\DemoSceneAssets\Prefabs\UI\Icon Button.prefab
26/5/2025 11:57:07 am Data Extracted!
26/5/2025 11:57:07 am Saving Results...
26/5/2025 11:57:07 am Saving File: 56686f82f64b0af4688a89676403a500.json
26/5/2025 11:57:07 am Done!!
26/5/2025 11:57:07 am Analyzing File: D:\XRFix\dataset_collection\overall\VR-AR-Game\Game\Assets\Samples\XR Interaction Toolkit\2.5.4\Starter Assets\DemoSceneAssets\Prefabs\UI\Icon Toggle.prefab
26/5/2025 11:57:07 am Data Extracted!
26/5/2025 11:57:07 am Saving Results...
26/5/2025 11:57:07 am Saving File: 541ed11e270c6994ca5910042c7e04da.json
26/5/2025 11:57:07 am Done!!
26/5/2025 11:57:07 am Analyzing File: D:\XRFix\dataset_collection\overall\VR-AR-Game\Game\Assets\Samples\XR Interaction Toolkit\2.5.4\Starter Assets\DemoSceneAssets\Prefabs\UI\Interactive Controls.prefab
26/5/2025 11:57:07 am Data Extracted!
26/5/2025 11:57:07 am Saving Results...
26/5/2025 11:57:07 am Saving File: 7bbb1960bab3e75459304488d8d1ffba.json
26/5/2025 11:57:07 am Done!!
26/5/2025 11:57:07 am Analyzing File: D:\XRFix\dataset_collection\overall\VR-AR-Game\Game\Assets\Samples\XR Interaction Toolkit\2.5.4\Starter Assets\DemoSceneAssets\Prefabs\UI\MinMaxSlider.prefab
26/5/2025 11:57:07 am Data Extracted!
26/5/2025 11:57:07 am Saving Results...
26/5/2025 11:57:07 am Saving File: 657321a07c3561043af55547ec4b0ed7.json
26/5/2025 11:57:07 am Done!!
26/5/2025 11:57:07 am Analyzing File: D:\XRFix\dataset_collection\overall\VR-AR-Game\Game\Assets\Samples\XR Interaction Toolkit\2.5.4\Starter Assets\DemoSceneAssets\Prefabs\UI\ModalSingleButton.prefab
26/5/2025 11:57:07 am Data Extracted!
26/5/2025 11:57:07 am Saving Results...
26/5/2025 11:57:07 am Saving File: c24a7635b5761984d81cf6c4aac26e0d.json
26/5/2025 11:57:07 am Done!!
26/5/2025 11:57:07 am Analyzing File: D:\XRFix\dataset_collection\overall\VR-AR-Game\Game\Assets\Samples\XR Interaction Toolkit\2.5.4\Starter Assets\DemoSceneAssets\Prefabs\UI\Scroll UI Sample.prefab
26/5/2025 11:57:07 am Data Extracted!
26/5/2025 11:57:07 am Saving Results...
26/5/2025 11:57:07 am Saving File: 0cbc0856f0fb8d84a81be5dea463c369.json
26/5/2025 11:57:07 am Done!!
26/5/2025 11:57:07 am Analyzing File: D:\XRFix\dataset_collection\overall\VR-AR-Game\Game\Assets\Samples\XR Interaction Toolkit\2.5.4\Starter Assets\DemoSceneAssets\Prefabs\UI\Text Toggle.prefab
26/5/2025 11:57:07 am Data Extracted!
26/5/2025 11:57:07 am Saving Results...
26/5/2025 11:57:07 am Saving File: 6a448845c7017044e8a9f3d711cfe825.json
26/5/2025 11:57:07 am Done!!
26/5/2025 11:57:07 am Analyzing File: D:\XRFix\dataset_collection\overall\VR-AR-Game\Game\Assets\Samples\XR Interaction Toolkit\2.5.4\Starter Assets\DemoSceneAssets\Prefabs\UI\TextButton.prefab
26/5/2025 11:57:07 am Data Extracted!
26/5/2025 11:57:07 am Saving Results...
26/5/2025 11:57:07 am Saving File: e5db301629853dd4a99835fa70099d79.json
26/5/2025 11:57:07 am Done!!
26/5/2025 11:57:07 am Analyzing File: D:\XRFix\dataset_collection\overall\VR-AR-Game\Game\Assets\Samples\XR Interaction Toolkit\2.5.4\Starter Assets\Prefabs\XR Interaction Setup.prefab
26/5/2025 11:57:07 am Data Extracted!
26/5/2025 11:57:07 am Saving Results...
26/5/2025 11:57:07 am Saving File: 895f6f3c2d334633b5800312285058d2.json
26/5/2025 11:57:07 am Done!!
26/5/2025 11:57:07 am Analyzing File: D:\XRFix\dataset_collection\overall\VR-AR-Game\Game\Assets\Samples\XR Interaction Toolkit\2.5.4\Starter Assets\Prefabs\XR Origin (XR Rig).prefab
26/5/2025 11:57:07 am Data Extracted!
26/5/2025 11:57:07 am Saving Results...
26/5/2025 11:57:07 am Saving File: f6336ac4ac8b4d34bc5072418cdc62a0.json
26/5/2025 11:57:07 am Done!!
26/5/2025 11:57:07 am Analyzing File: D:\XRFix\dataset_collection\overall\VR-AR-Game\Game\Assets\Samples\XR Interaction Toolkit\2.5.4\Starter Assets\Prefabs\Controllers\XR Controller Left.prefab
26/5/2025 11:57:07 am Data Extracted!
26/5/2025 11:57:07 am Saving Results...
26/5/2025 11:57:07 am Saving File: 1392f805216c47742996d4742c80721c.json
26/5/2025 11:57:07 am Done!!
26/5/2025 11:57:07 am Analyzing File: D:\XRFix\dataset_collection\overall\VR-AR-Game\Game\Assets\Samples\XR Interaction Toolkit\2.5.4\Starter Assets\Prefabs\Controllers\XR Controller Right.prefab
26/5/2025 11:57:07 am Data Extracted!
26/5/2025 11:57:07 am Saving Results...
26/5/2025 11:57:07 am Saving File: 9f3369e30fbd31f4bb596b1a99babe83.json
26/5/2025 11:57:07 am Done!!
26/5/2025 11:57:07 am Analyzing File: D:\XRFix\dataset_collection\overall\VR-AR-Game\Game\Assets\Samples\XR Interaction Toolkit\2.5.4\Starter Assets\Prefabs\Interactors\Direct Interactor.prefab
26/5/2025 11:57:07 am Data Extracted!
26/5/2025 11:57:07 am Saving Results...
26/5/2025 11:57:07 am Saving File: 2fd3e07afe5b461490fb8e314976b1b0.json
26/5/2025 11:57:07 am Done!!
26/5/2025 11:57:07 am Analyzing File: D:\XRFix\dataset_collection\overall\VR-AR-Game\Game\Assets\Samples\XR Interaction Toolkit\2.5.4\Starter Assets\Prefabs\Interactors\Gaze Interactor.prefab
26/5/2025 11:57:07 am Data Extracted!
26/5/2025 11:57:07 am Saving Results...
26/5/2025 11:57:07 am Saving File: b84cd05e1160fe34cab2585022c8cd99.json
26/5/2025 11:57:07 am Done!!
26/5/2025 11:57:07 am Analyzing File: D:\XRFix\dataset_collection\overall\VR-AR-Game\Game\Assets\Samples\XR Interaction Toolkit\2.5.4\Starter Assets\Prefabs\Interactors\Poke Interactor.prefab
26/5/2025 11:57:07 am Data Extracted!
26/5/2025 11:57:07 am Saving Results...
26/5/2025 11:57:07 am Saving File: 27024f5809f4a4347b9cd7f26a1bdf93.json
26/5/2025 11:57:07 am Done!!
26/5/2025 11:57:07 am Analyzing File: D:\XRFix\dataset_collection\overall\VR-AR-Game\Game\Assets\Samples\XR Interaction Toolkit\2.5.4\Starter Assets\Prefabs\Interactors\Ray Interactor.prefab
26/5/2025 11:57:07 am Data Extracted!
26/5/2025 11:57:07 am Saving Results...
26/5/2025 11:57:07 am Saving File: ad818c36731146e994540a1896ad8f24.json
26/5/2025 11:57:07 am Done!!
26/5/2025 11:57:07 am Analyzing File: D:\XRFix\dataset_collection\overall\VR-AR-Game\Game\Assets\Samples\XR Interaction Toolkit\2.5.4\Starter Assets\Prefabs\Interactors\Teleport Interactor.prefab
26/5/2025 11:57:07 am Data Extracted!
26/5/2025 11:57:07 am Saving Results...
26/5/2025 11:57:07 am Saving File: c1800acf6366418a9b5f610249000331.json
26/5/2025 11:57:07 am Done!!
26/5/2025 11:57:07 am Analyzing File: D:\XRFix\dataset_collection\overall\VR-AR-Game\Game\Assets\Samples\XR Interaction Toolkit\2.5.4\Starter Assets\Prefabs\Teleport\Blocking Teleport Reticle.prefab
26/5/2025 11:57:07 am Data Extracted!
26/5/2025 11:57:07 am Saving Results...
26/5/2025 11:57:07 am Saving File: a3fde713df4d99042a0403c4be9eea32.json
26/5/2025 11:57:07 am Done!!
26/5/2025 11:57:07 am Analyzing File: D:\XRFix\dataset_collection\overall\VR-AR-Game\Game\Assets\Samples\XR Interaction Toolkit\2.5.4\Starter Assets\Prefabs\Teleport\Directional Teleport Reticle.prefab
26/5/2025 11:57:07 am Data Extracted!
26/5/2025 11:57:07 am Saving Results...
26/5/2025 11:57:07 am Saving File: 893219773891c784ab469a39151879b4.json
26/5/2025 11:57:07 am Done!!
26/5/2025 11:57:07 am Analyzing File: D:\XRFix\dataset_collection\overall\VR-AR-Game\Game\Assets\Samples\XR Interaction Toolkit\2.5.4\Starter Assets\Tunneling Vignette\TunnelingVignette.mat
26/5/2025 11:57:07 am Data Extracted!
26/5/2025 11:57:07 am Saving Results...
26/5/2025 11:57:07 am Saving File: 0a35b7e20f75a8540a2c14b9555078cb.json
26/5/2025 11:57:07 am Done!!
26/5/2025 11:57:07 am Analyzing File: D:\XRFix\dataset_collection\overall\VR-AR-Game\Game\Assets\Samples\XR Interaction Toolkit\2.5.4\Starter Assets\Tunneling Vignette\TunnelingVignette.prefab
26/5/2025 11:57:07 am Data Extracted!
26/5/2025 11:57:07 am Saving Results...
26/5/2025 11:57:07 am Saving File: 6c8af5c8012f01440af6cb2bc3eb987c.json
26/5/2025 11:57:07 am Done!!
26/5/2025 11:57:07 am Analyzing File: D:\XRFix\dataset_collection\overall\VR-AR-Game\Game\Assets\Scenes\SampleScene.unity
26/5/2025 11:57:07 am Data Extracted!
26/5/2025 11:57:07 am Saving Results...
26/5/2025 11:57:07 am Saving File: 9fc0d4010bbf28b4594072e72b8655ab.json
26/5/2025 11:57:07 am Done!!
26/5/2025 11:57:07 am Analyzing File: D:\XRFix\dataset_collection\overall\VR-AR-Game\Game\Assets\StarterAssets\Environment\Art\Materials\Blue_Mat.mat
26/5/2025 11:57:07 am Data Extracted!
26/5/2025 11:57:07 am Saving Results...
26/5/2025 11:57:07 am Saving File: 979aef027a1c86c42a15ce35fce366fa.json
26/5/2025 11:57:07 am Done!!
26/5/2025 11:57:07 am Analyzing File: D:\XRFix\dataset_collection\overall\VR-AR-Game\Game\Assets\StarterAssets\Environment\Art\Materials\GreyBlue_Mat.mat
26/5/2025 11:57:07 am Data Extracted!
26/5/2025 11:57:07 am Saving Results...
26/5/2025 11:57:07 am Saving File: 6b911390c5825014e8377183a7837d3f.json
26/5/2025 11:57:07 am Done!!
26/5/2025 11:57:07 am Analyzing File: D:\XRFix\dataset_collection\overall\VR-AR-Game\Game\Assets\StarterAssets\Environment\Art\Materials\GridBlue_01_Mat.mat
26/5/2025 11:57:07 am Data Extracted!
26/5/2025 11:57:07 am Saving Results...
26/5/2025 11:57:07 am Saving File: ff188f58422043f489060e28a5e4e0c0.json
26/5/2025 11:57:07 am Done!!
26/5/2025 11:57:07 am Analyzing File: D:\XRFix\dataset_collection\overall\VR-AR-Game\Game\Assets\StarterAssets\Environment\Art\Materials\GridOrange_01_Mat.mat
26/5/2025 11:57:07 am Data Extracted!
26/5/2025 11:57:07 am Saving Results...
26/5/2025 11:57:07 am Saving File: 7ab977a21c92388468ee65ad1c0e5a78.json
26/5/2025 11:57:07 am Done!!
26/5/2025 11:57:07 am Analyzing File: D:\XRFix\dataset_collection\overall\VR-AR-Game\Game\Assets\StarterAssets\Environment\Art\Materials\GridWhite_01_Mat.mat
26/5/2025 11:57:07 am Data Extracted!
26/5/2025 11:57:07 am Saving Results...
26/5/2025 11:57:07 am Saving File: dbf898c9f9c4a2d46aa6336e23caeb61.json
26/5/2025 11:57:07 am Done!!
26/5/2025 11:57:07 am Analyzing File: D:\XRFix\dataset_collection\overall\VR-AR-Game\Game\Assets\StarterAssets\Environment\Art\Skybox\SkyboxLite.mat
26/5/2025 11:57:07 am Data Extracted!
26/5/2025 11:57:07 am Saving Results...
26/5/2025 11:57:07 am Saving File: f6c51332ac7d92541a38fb263b09d2a8.json
26/5/2025 11:57:07 am Done!!
26/5/2025 11:57:07 am Analyzing File: D:\XRFix\dataset_collection\overall\VR-AR-Game\Game\Assets\StarterAssets\Environment\Art\Skybox\SkyboxLiteWarm.mat
26/5/2025 11:57:07 am Data Extracted!
26/5/2025 11:57:07 am Saving Results...
26/5/2025 11:57:07 am Saving File: aeab33f69c199e54794f516d31450ec4.json
26/5/2025 11:57:07 am Done!!
26/5/2025 11:57:07 am Analyzing File: D:\XRFix\dataset_collection\overall\VR-AR-Game\Game\Assets\StarterAssets\Environment\Prefabs\Box_100x100x100_Prefab.prefab
26/5/2025 11:57:07 am Data Extracted!
26/5/2025 11:57:07 am Saving Results...
26/5/2025 11:57:07 am Saving File: e5f4daf24146ee040b5a2d7a73b30aa0.json
26/5/2025 11:57:07 am Done!!
26/5/2025 11:57:07 am Analyzing File: D:\XRFix\dataset_collection\overall\VR-AR-Game\Game\Assets\StarterAssets\Environment\Prefabs\Box_350x250x200_Prefab.prefab
26/5/2025 11:57:07 am Data Extracted!
26/5/2025 11:57:07 am Saving Results...
26/5/2025 11:57:07 am Saving File: 7b846d8f536f007498c941069487ce81.json
26/5/2025 11:57:07 am Done!!
26/5/2025 11:57:07 am Analyzing File: D:\XRFix\dataset_collection\overall\VR-AR-Game\Game\Assets\StarterAssets\Environment\Prefabs\Box_350x250x300_Prefab.prefab
26/5/2025 11:57:07 am Data Extracted!
26/5/2025 11:57:07 am Saving Results...
26/5/2025 11:57:07 am Saving File: 687dbafc2b84b2846b9a4a7a7dae2a7e.json
26/5/2025 11:57:07 am Done!!
26/5/2025 11:57:07 am Analyzing File: D:\XRFix\dataset_collection\overall\VR-AR-Game\Game\Assets\StarterAssets\Environment\Prefabs\Environment_Prefab.prefab
26/5/2025 11:57:07 am Data Extracted!
26/5/2025 11:57:07 am Saving Results...
26/5/2025 11:57:07 am Saving File: 09aade0ecefd01e4b8f7661acf64f5c2.json
26/5/2025 11:57:07 am Done!!
26/5/2025 11:57:07 am Analyzing File: D:\XRFix\dataset_collection\overall\VR-AR-Game\Game\Assets\StarterAssets\Environment\Prefabs\Ramp_Prefab.prefab
26/5/2025 11:57:07 am Data Extracted!
26/5/2025 11:57:07 am Saving Results...
26/5/2025 11:57:07 am Saving File: 8a7437817844dce4894b049de73b75f2.json
26/5/2025 11:57:07 am Done!!
26/5/2025 11:57:07 am Analyzing File: D:\XRFix\dataset_collection\overall\VR-AR-Game\Game\Assets\StarterAssets\Environment\Prefabs\Stairs_200x100x200_Prefab.prefab
26/5/2025 11:57:07 am Data Extracted!
26/5/2025 11:57:07 am Saving Results...
26/5/2025 11:57:07 am Saving File: 466621a4836aa504c87c15d88722d465.json
26/5/2025 11:57:07 am Done!!
26/5/2025 11:57:07 am Analyzing File: D:\XRFix\dataset_collection\overall\VR-AR-Game\Game\Assets\StarterAssets\Environment\Prefabs\Stairs_650_400_300_Prefab.prefab
26/5/2025 11:57:07 am Data Extracted!
26/5/2025 11:57:07 am Saving Results...
26/5/2025 11:57:07 am Saving File: 50a0925b0c22af146a2d15615f815a1c.json
26/5/2025 11:57:07 am Done!!
26/5/2025 11:57:07 am Analyzing File: D:\XRFix\dataset_collection\overall\VR-AR-Game\Game\Assets\StarterAssets\Environment\Prefabs\Structure_Prefab.prefab
26/5/2025 11:57:07 am Data Extracted!
26/5/2025 11:57:07 am Saving Results...
26/5/2025 11:57:07 am Saving File: 79e624e6a8770a946afb866fd94b394b.json
26/5/2025 11:57:07 am Done!!
26/5/2025 11:57:07 am Analyzing File: D:\XRFix\dataset_collection\overall\VR-AR-Game\Game\Assets\StarterAssets\Environment\Prefabs\Tunnel_Prefab.prefab
26/5/2025 11:57:07 am Data Extracted!
26/5/2025 11:57:07 am Saving Results...
26/5/2025 11:57:07 am Saving File: e5d7b87d422ee0f478ee09eb32e24f4e.json
26/5/2025 11:57:07 am Done!!
26/5/2025 11:57:07 am Analyzing File: D:\XRFix\dataset_collection\overall\VR-AR-Game\Game\Assets\StarterAssets\Environment\Prefabs\Wall_Prefab.prefab
26/5/2025 11:57:07 am Data Extracted!
26/5/2025 11:57:07 am Saving Results...
26/5/2025 11:57:07 am Saving File: 9eb847ab97b24024588682c8601254cf.json
26/5/2025 11:57:07 am Done!!
26/5/2025 11:57:07 am Analyzing File: D:\XRFix\dataset_collection\overall\VR-AR-Game\Game\Assets\StarterAssets\FirstPersonController\Prefabs\MainCamera.prefab
26/5/2025 11:57:07 am Data Extracted!
26/5/2025 11:57:07 am Saving Results...
26/5/2025 11:57:07 am Saving File: 2d3a85ecde41a8246a79669975912b74.json
26/5/2025 11:57:07 am Done!!
26/5/2025 11:57:07 am Analyzing File: D:\XRFix\dataset_collection\overall\VR-AR-Game\Game\Assets\StarterAssets\FirstPersonController\Prefabs\NestedParent_Unpack.prefab
26/5/2025 11:57:07 am Data Extracted!
26/5/2025 11:57:07 am Saving Results...
26/5/2025 11:57:07 am Saving File: 035bf1ba97d19214580cfe6f5a29fdc3.json
26/5/2025 11:57:07 am Done!!
26/5/2025 11:57:07 am Analyzing File: D:\XRFix\dataset_collection\overall\VR-AR-Game\Game\Assets\StarterAssets\FirstPersonController\Prefabs\PlayerCapsule.prefab
26/5/2025 11:57:07 am Data Extracted!
26/5/2025 11:57:07 am Saving Results...
26/5/2025 11:57:07 am Saving File: c5efc39a8aaf6e64ea40e9ad573e9b47.json
26/5/2025 11:57:07 am Done!!
26/5/2025 11:57:07 am Analyzing File: D:\XRFix\dataset_collection\overall\VR-AR-Game\Game\Assets\StarterAssets\FirstPersonController\Prefabs\PlayerFollowCamera.prefab
26/5/2025 11:57:07 am Data Extracted!
26/5/2025 11:57:07 am Saving Results...
26/5/2025 11:57:07 am Saving File: 9c489a8547f4d9e4387da15a4ff82c81.json
26/5/2025 11:57:07 am Done!!
26/5/2025 11:57:07 am Analyzing File: D:\XRFix\dataset_collection\overall\VR-AR-Game\Game\Assets\StarterAssets\FirstPersonController\Scenes\Playground.unity
26/5/2025 11:57:07 am Data Extracted!
26/5/2025 11:57:07 am Saving Results...
26/5/2025 11:57:07 am Saving File: 707acc8dffb72b144bb1ffbe1c965f3d.json
26/5/2025 11:57:07 am Done!!
26/5/2025 11:57:07 am Analyzing File: D:\XRFix\dataset_collection\overall\VR-AR-Game\Game\Assets\StarterAssets\Mobile\Prefabs\CanvasInputs\UI_Canvas_StarterAssetsInputs_Joysticks.prefab
26/5/2025 11:57:07 am Data Extracted!
26/5/2025 11:57:07 am Saving Results...
26/5/2025 11:57:07 am Saving File: 2f7f3dde7ae722a4aafffe20691ad702.json
26/5/2025 11:57:07 am Done!!
26/5/2025 11:57:07 am Analyzing File: D:\XRFix\dataset_collection\overall\VR-AR-Game\Game\Assets\StarterAssets\Mobile\Prefabs\CanvasInputs\UI_Canvas_StarterAssetsInputs_TouchZones.prefab
26/5/2025 11:57:07 am Data Extracted!
26/5/2025 11:57:07 am Saving Results...
26/5/2025 11:57:07 am Saving File: 7484ce6f8ca3d81408c606b5ae8b9ff3.json
26/5/2025 11:57:07 am Done!!
26/5/2025 11:57:07 am Analyzing File: D:\XRFix\dataset_collection\overall\VR-AR-Game\Game\Assets\StarterAssets\Mobile\Prefabs\EventSystem\UI_EventSystem.prefab
26/5/2025 11:57:07 am Data Extracted!
26/5/2025 11:57:07 am Saving Results...
26/5/2025 11:57:07 am Saving File: f0271df749728104eac22c3d897fd8ce.json
26/5/2025 11:57:07 am Done!!
26/5/2025 11:57:07 am Analyzing File: D:\XRFix\dataset_collection\overall\VR-AR-Game\Game\Assets\StarterAssets\Mobile\Prefabs\VirtualInputs\UI_Virtual_Button.prefab
26/5/2025 11:57:07 am Data Extracted!
26/5/2025 11:57:07 am Saving Results...
26/5/2025 11:57:07 am Saving File: 9e55d9b4642484f41be20c69a9b48063.json
26/5/2025 11:57:07 am Done!!
26/5/2025 11:57:07 am Analyzing File: D:\XRFix\dataset_collection\overall\VR-AR-Game\Game\Assets\StarterAssets\Mobile\Prefabs\VirtualInputs\UI_Virtual_Joystick.prefab
26/5/2025 11:57:07 am Data Extracted!
26/5/2025 11:57:07 am Saving Results...
26/5/2025 11:57:07 am Saving File: 6eb08bfc0fd869c47b796c42ada099da.json
26/5/2025 11:57:07 am Done!!
26/5/2025 11:57:07 am Analyzing File: D:\XRFix\dataset_collection\overall\VR-AR-Game\Game\Assets\StarterAssets\Mobile\Prefabs\VirtualInputs\UI_Virtual_TouchZone.prefab
26/5/2025 11:57:07 am Data Extracted!
26/5/2025 11:57:07 am Saving Results...
26/5/2025 11:57:07 am Saving File: c82978c3789dad44da354dc354c782b2.json
26/5/2025 11:57:07 am Done!!
26/5/2025 11:57:07 am Analyzing File: D:\XRFix\dataset_collection\overall\VR-AR-Game\Game\Assets\SunnyLand Artwork\Environment\Tileset\Main Palette.prefab
26/5/2025 11:57:07 am Data Extracted!
26/5/2025 11:57:07 am Saving Results...
26/5/2025 11:57:07 am Saving File: 2abb85ccc811c9548bb18717d38a404e.json
26/5/2025 11:57:07 am Done!!
26/5/2025 11:57:07 am Analyzing File: D:\XRFix\dataset_collection\overall\VR-AR-Game\Game\Assets\SunnyLand Artwork\Scenes\Demo_characters.unity
26/5/2025 11:57:07 am Data Extracted!
26/5/2025 11:57:07 am Saving Results...
26/5/2025 11:57:07 am Saving File: e8451b5ab7f76c44f9bbbe39432cb874.json
26/5/2025 11:57:07 am Done!!
26/5/2025 11:57:07 am Analyzing File: D:\XRFix\dataset_collection\overall\VR-AR-Game\Game\Assets\SunnyLand Artwork\Scenes\Demo_environment.unity
26/5/2025 11:57:07 am Data Extracted!
26/5/2025 11:57:07 am Saving Results...
26/5/2025 11:57:07 am Saving File: 014c3ef8a971d334582a48e9f80043d8.json
26/5/2025 11:57:07 am Done!!
26/5/2025 11:57:07 am Analyzing File: D:\XRFix\dataset_collection\overall\VR-AR-Game\Game\Assets\SunnyLand Artwork\Scenes\Demo_tileset.unity
26/5/2025 11:57:07 am Data Extracted!
26/5/2025 11:57:07 am Saving Results...
26/5/2025 11:57:07 am Saving File: 452af763b907cd140a1dca1564ae7b2b.json
26/5/2025 11:57:07 am Done!!
26/5/2025 11:57:07 am Analyzing File: D:\XRFix\dataset_collection\overall\VR-AR-Game\Game\Assets\SunnyLand Artwork\Sprites\Enemies\bat\bat-fly\bat-fly-Animation.anim
26/5/2025 11:57:07 am Data Extracted!
26/5/2025 11:57:07 am Saving Results...
26/5/2025 11:57:07 am Saving File: 6fe3e31b603eba04db447b345c24dd10.json
26/5/2025 11:57:07 am Done!!
26/5/2025 11:57:07 am Analyzing File: D:\XRFix\dataset_collection\overall\VR-AR-Game\Game\Assets\SunnyLand Artwork\Sprites\Enemies\bat\bat-fly\bat-fly1.controller
26/5/2025 11:57:07 am Data Extracted!
26/5/2025 11:57:07 am Saving Results...
26/5/2025 11:57:07 am Saving File: e7f36d860ebe37c47b93ddc6dd72b06d.json
26/5/2025 11:57:07 am Done!!
26/5/2025 11:57:07 am Analyzing File: D:\XRFix\dataset_collection\overall\VR-AR-Game\Game\Assets\SunnyLand Artwork\Sprites\Enemies\bat\bat-hang\Bat-Hang-Animation.anim
26/5/2025 11:57:07 am Data Extracted!
26/5/2025 11:57:07 am Saving Results...
26/5/2025 11:57:07 am Saving File: ef1b15cc576e3b344a8a9e036549b0cd.json
26/5/2025 11:57:07 am Done!!
26/5/2025 11:57:07 am Analyzing File: D:\XRFix\dataset_collection\overall\VR-AR-Game\Game\Assets\SunnyLand Artwork\Sprites\Enemies\bat\bat-hang\bat-hang1.controller
26/5/2025 11:57:07 am Data Extracted!
26/5/2025 11:57:07 am Saving Results...
26/5/2025 11:57:07 am Saving File: ae7c4f2b1e5b97649b16af3fec3041b2.json
26/5/2025 11:57:07 am Done!!
26/5/2025 11:57:07 am Analyzing File: D:\XRFix\dataset_collection\overall\VR-AR-Game\Game\Assets\SunnyLand Artwork\Sprites\Enemies\bear\Bear-Animation.anim
26/5/2025 11:57:07 am Data Extracted!
26/5/2025 11:57:07 am Saving Results...
26/5/2025 11:57:07 am Saving File: 2d315eccaabe464459d293e5fa7f12ec.json
26/5/2025 11:57:07 am Done!!
26/5/2025 11:57:07 am Analyzing File: D:\XRFix\dataset_collection\overall\VR-AR-Game\Game\Assets\SunnyLand Artwork\Sprites\Enemies\bear\bear-walk1.controller
26/5/2025 11:57:07 am Data Extracted!
26/5/2025 11:57:07 am Saving Results...
26/5/2025 11:57:07 am Saving File: 6335f15cd83a0e54f8857f7a5dd177f2.json
26/5/2025 11:57:07 am Done!!
26/5/2025 11:57:07 am Analyzing File: D:\XRFix\dataset_collection\overall\VR-AR-Game\Game\Assets\SunnyLand Artwork\Sprites\Enemies\Bettle\Bettle-Animation.anim
26/5/2025 11:57:07 am Data Extracted!
26/5/2025 11:57:07 am Saving Results...
26/5/2025 11:57:07 am Saving File: 6432468398cdf1c40ac4984c7e6a7677.json
26/5/2025 11:57:07 am Done!!
26/5/2025 11:57:07 am Analyzing File: D:\XRFix\dataset_collection\overall\VR-AR-Game\Game\Assets\SunnyLand Artwork\Sprites\Enemies\Bettle\bettle1.controller
26/5/2025 11:57:07 am Data Extracted!
26/5/2025 11:57:07 am Saving Results...
26/5/2025 11:57:07 am Saving File: 92ac96d13992d1e45bb5519bc16468cf.json
26/5/2025 11:57:07 am Done!!
26/5/2025 11:57:07 am Analyzing File: D:\XRFix\dataset_collection\overall\VR-AR-Game\Game\Assets\SunnyLand Artwork\Sprites\Enemies\bunny\Bunny-Animation.anim
26/5/2025 11:57:07 am Data Extracted!
26/5/2025 11:57:07 am Saving Results...
26/5/2025 11:57:07 am Saving File: 600290b533c3c0b458e01fe6859ebfd4.json
26/5/2025 11:57:07 am Done!!
26/5/2025 11:57:07 am Analyzing File: D:\XRFix\dataset_collection\overall\VR-AR-Game\Game\Assets\SunnyLand Artwork\Sprites\Enemies\bunny\bunny1.controller
26/5/2025 11:57:07 am Data Extracted!
26/5/2025 11:57:07 am Saving Results...
26/5/2025 11:57:07 am Saving File: 2b656825904332a4a9aea45e002fa3e5.json
26/5/2025 11:57:07 am Done!!
26/5/2025 11:57:07 am Analyzing File: D:\XRFix\dataset_collection\overall\VR-AR-Game\Game\Assets\SunnyLand Artwork\Sprites\Enemies\Dino\Dino-Animation.anim
26/5/2025 11:57:07 am Data Extracted!
26/5/2025 11:57:07 am Saving Results...
26/5/2025 11:57:07 am Saving File: 8a213ffc66b99584a9a943e6b8fa8069.json
26/5/2025 11:57:07 am Done!!
26/5/2025 11:57:07 am Analyzing File: D:\XRFix\dataset_collection\overall\VR-AR-Game\Game\Assets\SunnyLand Artwork\Sprites\Enemies\Dino\dino1.controller
26/5/2025 11:57:07 am Data Extracted!
26/5/2025 11:57:07 am Saving Results...
26/5/2025 11:57:07 am Saving File: 29d8cec4114872048b2ed9dbc5262e90.json
26/5/2025 11:57:07 am Done!!
26/5/2025 11:57:07 am Analyzing File: D:\XRFix\dataset_collection\overall\VR-AR-Game\Game\Assets\SunnyLand Artwork\Sprites\Enemies\Dino-Idle\Dino-Idle-Animation.anim
26/5/2025 11:57:07 am Data Extracted!
26/5/2025 11:57:07 am Saving Results...
26/5/2025 11:57:07 am Saving File: 9d6c47267aca94c409a9a078a3cc4bbf.json
26/5/2025 11:57:07 am Done!!
26/5/2025 11:57:07 am Analyzing File: D:\XRFix\dataset_collection\overall\VR-AR-Game\Game\Assets\SunnyLand Artwork\Sprites\Enemies\Dino-Idle\dino-idle1.controller
26/5/2025 11:57:07 am Data Extracted!
26/5/2025 11:57:07 am Saving Results...
26/5/2025 11:57:07 am Saving File: ee4cf4b2a666e004882e6e2c0716247d.json
26/5/2025 11:57:07 am Done!!
26/5/2025 11:57:07 am Analyzing File: D:\XRFix\dataset_collection\overall\VR-AR-Game\Game\Assets\SunnyLand Artwork\Sprites\Enemies\Dog\Dog-Animation.anim
26/5/2025 11:57:07 am Data Extracted!
26/5/2025 11:57:07 am Saving Results...
26/5/2025 11:57:07 am Saving File: d2925e23d408b8340abe6a4ff652b2b5.json
26/5/2025 11:57:07 am Done!!
26/5/2025 11:57:07 am Analyzing File: D:\XRFix\dataset_collection\overall\VR-AR-Game\Game\Assets\SunnyLand Artwork\Sprites\Enemies\Dog\dog1.controller
26/5/2025 11:57:07 am Data Extracted!
26/5/2025 11:57:07 am Saving Results...
26/5/2025 11:57:07 am Saving File: 67c716b1f11d3dc489685ec26ea36bd9.json
26/5/2025 11:57:07 am Done!!
26/5/2025 11:57:07 am Analyzing File: D:\XRFix\dataset_collection\overall\VR-AR-Game\Game\Assets\SunnyLand Artwork\Sprites\Enemies\Dog-idle\Dog-Idle-Animation.anim
26/5/2025 11:57:07 am Data Extracted!
26/5/2025 11:57:07 am Saving Results...
26/5/2025 11:57:07 am Saving File: f5ca4f073737f284999dc49d752cc67d.json
26/5/2025 11:57:07 am Done!!
26/5/2025 11:57:07 am Analyzing File: D:\XRFix\dataset_collection\overall\VR-AR-Game\Game\Assets\SunnyLand Artwork\Sprites\Enemies\Dog-idle\dog-idlet1.controller
26/5/2025 11:57:07 am Data Extracted!
26/5/2025 11:57:07 am Saving Results...
26/5/2025 11:57:07 am Saving File: 37df7265558758d40b7233873400f564.json
26/5/2025 11:57:07 am Done!!
26/5/2025 11:57:07 am Analyzing File: D:\XRFix\dataset_collection\overall\VR-AR-Game\Game\Assets\SunnyLand Artwork\Sprites\Enemies\eagle\Eagle-Animation.anim
26/5/2025 11:57:07 am Data Extracted!
26/5/2025 11:57:07 am Saving Results...
26/5/2025 11:57:07 am Saving File: 452cd83b532eddc4198624efb5753b83.json
26/5/2025 11:57:07 am Done!!
26/5/2025 11:57:07 am Analyzing File: D:\XRFix\dataset_collection\overall\VR-AR-Game\Game\Assets\SunnyLand Artwork\Sprites\Enemies\eagle\eagle-attack-1.controller
26/5/2025 11:57:07 am Data Extracted!
26/5/2025 11:57:07 am Saving Results...
26/5/2025 11:57:07 am Saving File: 6f462620e81c7be4f9c392f019bc7c72.json
26/5/2025 11:57:07 am Done!!
26/5/2025 11:57:07 am Analyzing File: D:\XRFix\dataset_collection\overall\VR-AR-Game\Game\Assets\SunnyLand Artwork\Sprites\Enemies\Eagle Dive Attack\attack1.controller
26/5/2025 11:57:07 am Data Extracted!
26/5/2025 11:57:07 am Saving Results...
26/5/2025 11:57:07 am Saving File: fcc5c1c6d7b35784aa234aa8b146197f.json
26/5/2025 11:57:07 am Done!!
26/5/2025 11:57:07 am Analyzing File: D:\XRFix\dataset_collection\overall\VR-AR-Game\Game\Assets\SunnyLand Artwork\Sprites\Enemies\Eagle Dive Attack\Eagle-dive-attack-Animation.anim
26/5/2025 11:57:07 am Data Extracted!
26/5/2025 11:57:07 am Saving Results...
26/5/2025 11:57:07 am Saving File: c6ca8dbf4d47732458de3d46de662d23.json
26/5/2025 11:57:07 am Done!!
26/5/2025 11:57:07 am Analyzing File: D:\XRFix\dataset_collection\overall\VR-AR-Game\Game\Assets\SunnyLand Artwork\Sprites\Enemies\Eagle Hurt\Eagle-hurt-Animation.anim
26/5/2025 11:57:07 am Data Extracted!
26/5/2025 11:57:07 am Saving Results...
26/5/2025 11:57:07 am Saving File: a75393ab993a84344990bd9b1029909b.json
26/5/2025 11:57:07 am Done!!
26/5/2025 11:57:07 am Analyzing File: D:\XRFix\dataset_collection\overall\VR-AR-Game\Game\Assets\SunnyLand Artwork\Sprites\Enemies\Eagle Hurt\hurt1.controller
26/5/2025 11:57:07 am Data Extracted!
26/5/2025 11:57:07 am Saving Results...
26/5/2025 11:57:07 am Saving File: 8bb0af3bbf5caa94199150101567a29d.json
26/5/2025 11:57:07 am Done!!
26/5/2025 11:57:07 am Analyzing File: D:\XRFix\dataset_collection\overall\VR-AR-Game\Game\Assets\SunnyLand Artwork\Sprites\Enemies\frog\idle\frog-idle-1.controller
26/5/2025 11:57:07 am Data Extracted!
26/5/2025 11:57:07 am Saving Results...
26/5/2025 11:57:07 am Saving File: 965e0f314868db7459bd29b788b20463.json
26/5/2025 11:57:07 am Done!!
26/5/2025 11:57:07 am Analyzing File: D:\XRFix\dataset_collection\overall\VR-AR-Game\Game\Assets\SunnyLand Artwork\Sprites\Enemies\frog\idle\Frog-Idle-Animation.anim
26/5/2025 11:57:07 am Data Extracted!
26/5/2025 11:57:07 am Saving Results...
26/5/2025 11:57:07 am Saving File: 031a05d7241e5bf47a0400b37239d0f0.json
26/5/2025 11:57:07 am Done!!
26/5/2025 11:57:07 am Analyzing File: D:\XRFix\dataset_collection\overall\VR-AR-Game\Game\Assets\SunnyLand Artwork\Sprites\Enemies\opossum\opossum-1.controller
26/5/2025 11:57:07 am Data Extracted!
26/5/2025 11:57:07 am Saving Results...
26/5/2025 11:57:07 am Saving File: 6a00242ccf6bae947ba1a8065e70f60e.json
26/5/2025 11:57:07 am Done!!
26/5/2025 11:57:07 am Analyzing File: D:\XRFix\dataset_collection\overall\VR-AR-Game\Game\Assets\SunnyLand Artwork\Sprites\Enemies\opossum\Oposum-Animation.anim
26/5/2025 11:57:07 am Data Extracted!
26/5/2025 11:57:07 am Saving Results...
26/5/2025 11:57:07 am Saving File: b808b0ae5078e434b9c0e1166ace36fc.json
26/5/2025 11:57:07 am Done!!
26/5/2025 11:57:07 am Analyzing File: D:\XRFix\dataset_collection\overall\VR-AR-Game\Game\Assets\SunnyLand Artwork\Sprites\Enemies\pig\Pig-Animation.anim
26/5/2025 11:57:07 am Data Extracted!
26/5/2025 11:57:07 am Saving Results...
26/5/2025 11:57:07 am Saving File: ad62acaa76ed88545bf0120b33983127.json
26/5/2025 11:57:07 am Done!!
26/5/2025 11:57:07 am Analyzing File: D:\XRFix\dataset_collection\overall\VR-AR-Game\Game\Assets\SunnyLand Artwork\Sprites\Enemies\pig\pig1.controller
26/5/2025 11:57:07 am Data Extracted!
26/5/2025 11:57:07 am Saving Results...
26/5/2025 11:57:07 am Saving File: 146367ea2d0ad12438b371c0eb94fc51.json
26/5/2025 11:57:07 am Done!!
26/5/2025 11:57:07 am Analyzing File: D:\XRFix\dataset_collection\overall\VR-AR-Game\Game\Assets\SunnyLand Artwork\Sprites\Enemies\Slimer\Slimer-Animation.anim
26/5/2025 11:57:07 am Data Extracted!
26/5/2025 11:57:07 am Saving Results...
26/5/2025 11:57:07 am Saving File: 8a6728eb38954a143aefbdc0aa2d2a6c.json
26/5/2025 11:57:07 am Done!!
26/5/2025 11:57:07 am Analyzing File: D:\XRFix\dataset_collection\overall\VR-AR-Game\Game\Assets\SunnyLand Artwork\Sprites\Enemies\Slimer\slimer1.controller
26/5/2025 11:57:07 am Data Extracted!
26/5/2025 11:57:07 am Saving Results...
26/5/2025 11:57:07 am Saving File: fc777b0cb35e51343831780a571a3652.json
26/5/2025 11:57:07 am Done!!
26/5/2025 11:57:07 am Analyzing File: D:\XRFix\dataset_collection\overall\VR-AR-Game\Game\Assets\SunnyLand Artwork\Sprites\Enemies\Slimer-Idle\Slimer-idle-Animation.anim
26/5/2025 11:57:07 am Data Extracted!
26/5/2025 11:57:07 am Saving Results...
26/5/2025 11:57:07 am Saving File: ecab362c6ecdb854a82986bf0e95f4f2.json
26/5/2025 11:57:07 am Done!!
26/5/2025 11:57:07 am Analyzing File: D:\XRFix\dataset_collection\overall\VR-AR-Game\Game\Assets\SunnyLand Artwork\Sprites\Enemies\Slimer-Idle\slimer-idle1.controller
26/5/2025 11:57:07 am Data Extracted!
26/5/2025 11:57:07 am Saving Results...
26/5/2025 11:57:07 am Saving File: 997a405e5a64b5c4087d6af2e89a9d60.json
26/5/2025 11:57:07 am Done!!
26/5/2025 11:57:07 am Analyzing File: D:\XRFix\dataset_collection\overall\VR-AR-Game\Game\Assets\SunnyLand Artwork\Sprites\Enemies\Vulture\Vulture-Animation.anim
26/5/2025 11:57:07 am Data Extracted!
26/5/2025 11:57:07 am Saving Results...
26/5/2025 11:57:07 am Saving File: 46767805eb08edd45991fd630528eaac.json
26/5/2025 11:57:07 am Done!!
26/5/2025 11:57:07 am Analyzing File: D:\XRFix\dataset_collection\overall\VR-AR-Game\Game\Assets\SunnyLand Artwork\Sprites\Enemies\Vulture\vulture1.controller
26/5/2025 11:57:07 am Data Extracted!
26/5/2025 11:57:07 am Saving Results...
26/5/2025 11:57:07 am Saving File: 967d32c1514790e4fae9217d34310ff3.json
26/5/2025 11:57:07 am Done!!
26/5/2025 11:57:07 am Analyzing File: D:\XRFix\dataset_collection\overall\VR-AR-Game\Game\Assets\SunnyLand Artwork\Sprites\Enemies\Vulture-Idle\Vulture-idle-Animation.anim
26/5/2025 11:57:07 am Data Extracted!
26/5/2025 11:57:07 am Saving Results...
26/5/2025 11:57:07 am Saving File: c5e974486b2f8584480a39ea9e890906.json
26/5/2025 11:57:07 am Done!!
26/5/2025 11:57:07 am Analyzing File: D:\XRFix\dataset_collection\overall\VR-AR-Game\Game\Assets\SunnyLand Artwork\Sprites\Enemies\Vulture-Idle\vulture-idle1.controller
26/5/2025 11:57:07 am Data Extracted!
26/5/2025 11:57:07 am Saving Results...
26/5/2025 11:57:07 am Saving File: f1f02346018ba87459a0ce9a12b62d8e.json
26/5/2025 11:57:07 am Done!!
26/5/2025 11:57:07 am Analyzing File: D:\XRFix\dataset_collection\overall\VR-AR-Game\Game\Assets\SunnyLand Artwork\Sprites\Fx\enemy-death\Enemt-death-Animation.anim
26/5/2025 11:57:07 am Data Extracted!
26/5/2025 11:57:07 am Saving Results...
26/5/2025 11:57:07 am Saving File: dc73b11e172bd5742b9656a0de4fc1d7.json
26/5/2025 11:57:07 am Done!!
26/5/2025 11:57:07 am Analyzing File: D:\XRFix\dataset_collection\overall\VR-AR-Game\Game\Assets\SunnyLand Artwork\Sprites\Fx\enemy-death\enemy-death-1.controller
26/5/2025 11:57:07 am Data Extracted!
26/5/2025 11:57:07 am Saving Results...
26/5/2025 11:57:07 am Saving File: 8aa61b6bb07648945ace945788b99869.json
26/5/2025 11:57:07 am Done!!
26/5/2025 11:57:07 am Analyzing File: D:\XRFix\dataset_collection\overall\VR-AR-Game\Game\Assets\SunnyLand Artwork\Sprites\Fx\item-feedback\item-feedback-1.controller
26/5/2025 11:57:07 am Data Extracted!
26/5/2025 11:57:07 am Saving Results...
26/5/2025 11:57:07 am Saving File: 6dab642fce51f72458f1cfacf5d45d8e.json
26/5/2025 11:57:07 am Done!!
26/5/2025 11:57:07 am Analyzing File: D:\XRFix\dataset_collection\overall\VR-AR-Game\Game\Assets\SunnyLand Artwork\Sprites\Fx\item-feedback\Item-feedback-Animation.anim
26/5/2025 11:57:07 am Data Extracted!
26/5/2025 11:57:07 am Saving Results...
26/5/2025 11:57:07 am Saving File: e4c163fc6a44f1443ab07ca694ca102f.json
26/5/2025 11:57:07 am Done!!
26/5/2025 11:57:07 am Analyzing File: D:\XRFix\dataset_collection\overall\VR-AR-Game\Game\Assets\SunnyLand Artwork\Sprites\Items\cherry\cherry-1.controller
26/5/2025 11:57:07 am Data Extracted!
26/5/2025 11:57:07 am Saving Results...
26/5/2025 11:57:07 am Saving File: 7f79d1aa08490e94bbaaea67098732b1.json
26/5/2025 11:57:07 am Done!!
26/5/2025 11:57:07 am Analyzing File: D:\XRFix\dataset_collection\overall\VR-AR-Game\Game\Assets\SunnyLand Artwork\Sprites\Items\cherry\Cherry-Animation.anim
26/5/2025 11:57:07 am Data Extracted!
26/5/2025 11:57:07 am Saving Results...
26/5/2025 11:57:07 am Saving File: 63587be96931747449986dd46c5bf247.json
26/5/2025 11:57:07 am Done!!
26/5/2025 11:57:07 am Analyzing File: D:\XRFix\dataset_collection\overall\VR-AR-Game\Game\Assets\SunnyLand Artwork\Sprites\Items\gem\gem-1.controller
26/5/2025 11:57:07 am Data Extracted!
26/5/2025 11:57:07 am Saving Results...
26/5/2025 11:57:07 am Saving File: 0187b62eb661b27449df6607b920d631.json
26/5/2025 11:57:07 am Done!!
26/5/2025 11:57:07 am Analyzing File: D:\XRFix\dataset_collection\overall\VR-AR-Game\Game\Assets\SunnyLand Artwork\Sprites\Items\gem\Gem-Animation.anim
26/5/2025 11:57:07 am Data Extracted!
26/5/2025 11:57:07 am Saving Results...
26/5/2025 11:57:07 am Saving File: 3ddfbb0099ed9fc42b9fac58efe09d79.json
26/5/2025 11:57:07 am Done!!
26/5/2025 11:57:07 am Analyzing File: D:\XRFix\dataset_collection\overall\VR-AR-Game\Game\Assets\SunnyLand Artwork\Sprites\player\climb\climb_Animation.anim
26/5/2025 11:57:07 am Data Extracted!
26/5/2025 11:57:07 am Saving Results...
26/5/2025 11:57:07 am Saving File: f4ddc481126ef51428e1cfe972fbe745.json
26/5/2025 11:57:07 am Done!!
26/5/2025 11:57:07 am Analyzing File: D:\XRFix\dataset_collection\overall\VR-AR-Game\Game\Assets\SunnyLand Artwork\Sprites\player\climb\player-climb-1.controller
26/5/2025 11:57:07 am Data Extracted!
26/5/2025 11:57:07 am Saving Results...
26/5/2025 11:57:07 am Saving File: 8865de23d28a87441b2075d2654a71b2.json
26/5/2025 11:57:07 am Done!!
26/5/2025 11:57:07 am Analyzing File: D:\XRFix\dataset_collection\overall\VR-AR-Game\Game\Assets\SunnyLand Artwork\Sprites\player\crouch\Crouch_Animation.anim
26/5/2025 11:57:07 am Data Extracted!
26/5/2025 11:57:07 am Saving Results...
26/5/2025 11:57:07 am Saving File: 64c630e37ac9954458d4415ab548619f.json
26/5/2025 11:57:07 am Done!!
26/5/2025 11:57:07 am Analyzing File: D:\XRFix\dataset_collection\overall\VR-AR-Game\Game\Assets\SunnyLand Artwork\Sprites\player\crouch\player-crouch-1.controller
26/5/2025 11:57:07 am Data Extracted!
26/5/2025 11:57:07 am Saving Results...
26/5/2025 11:57:07 am Saving File: 0f36a994c1e79ee4d85d581934aab07c.json
26/5/2025 11:57:07 am Done!!
26/5/2025 11:57:07 am Analyzing File: D:\XRFix\dataset_collection\overall\VR-AR-Game\Game\Assets\SunnyLand Artwork\Sprites\player\hurt\Hurt_Animation.anim
26/5/2025 11:57:07 am Data Extracted!
26/5/2025 11:57:07 am Saving Results...
26/5/2025 11:57:07 am Saving File: 5bef7414665b49346ad5bb42100bccec.json
26/5/2025 11:57:07 am Done!!
26/5/2025 11:57:07 am Analyzing File: D:\XRFix\dataset_collection\overall\VR-AR-Game\Game\Assets\SunnyLand Artwork\Sprites\player\hurt\player-hurt-1.controller
26/5/2025 11:57:07 am Data Extracted!
26/5/2025 11:57:07 am Saving Results...
26/5/2025 11:57:07 am Saving File: 47c658ad1513db84ab55c2816ca184e2.json
26/5/2025 11:57:07 am Done!!
26/5/2025 11:57:07 am Analyzing File: D:\XRFix\dataset_collection\overall\VR-AR-Game\Game\Assets\SunnyLand Artwork\Sprites\player\idle\Idle-Animation.anim
26/5/2025 11:57:07 am Data Extracted!
26/5/2025 11:57:07 am Saving Results...
26/5/2025 11:57:07 am Saving File: ec0a0aeed9edcb543a7dda6bd460375c.json
26/5/2025 11:57:07 am Done!!
26/5/2025 11:57:07 am Analyzing File: D:\XRFix\dataset_collection\overall\VR-AR-Game\Game\Assets\SunnyLand Artwork\Sprites\player\idle\player-idle-1.controller
26/5/2025 11:57:07 am Data Extracted!
26/5/2025 11:57:07 am Saving Results...
26/5/2025 11:57:07 am Saving File: e4cff99bdcba65045bd79a993cb7a7cd.json
26/5/2025 11:57:07 am Done!!
26/5/2025 11:57:07 am Analyzing File: D:\XRFix\dataset_collection\overall\VR-AR-Game\Game\Assets\SunnyLand Artwork\Sprites\player\run\player-run-1.controller
26/5/2025 11:57:07 am Data Extracted!
26/5/2025 11:57:07 am Saving Results...
26/5/2025 11:57:07 am Saving File: 02b1ea4278e1d6641a652b9a8540fbac.json
26/5/2025 11:57:07 am Done!!
26/5/2025 11:57:07 am Analyzing File: D:\XRFix\dataset_collection\overall\VR-AR-Game\Game\Assets\SunnyLand Artwork\Sprites\player\run\run-Animation.anim
26/5/2025 11:57:07 am Data Extracted!
26/5/2025 11:57:07 am Saving Results...
26/5/2025 11:57:07 am Saving File: dc8c1a16f7ce5a94fa620ee313ea89b5.json
26/5/2025 11:57:07 am Done!!
26/5/2025 11:57:07 am Analyzing File: D:\XRFix\dataset_collection\overall\VR-AR-Game\Game\Assets\TextMesh Pro\Resources\Fonts & Materials\LiberationSans SDF - Drop Shadow.mat
26/5/2025 11:57:07 am Data Extracted!
26/5/2025 11:57:07 am Saving Results...
26/5/2025 11:57:07 am Saving File: e73a58f6e2794ae7b1b7e50b7fb811b0.json
26/5/2025 11:57:07 am Done!!
26/5/2025 11:57:07 am Analyzing File: D:\XRFix\dataset_collection\overall\VR-AR-Game\Game\Assets\TextMesh Pro\Resources\Fonts & Materials\LiberationSans SDF - Outline.mat
26/5/2025 11:57:07 am Data Extracted!
26/5/2025 11:57:07 am Saving Results...
26/5/2025 11:57:07 am Saving File: 79459efec17a4d00a321bdcc27bbc385.json
26/5/2025 11:57:07 am Done!!
26/5/2025 11:57:07 am Done!
26/5/2025 11:57:07 am Analyzing Meta files...
26/5/2025 11:57:07 am Analyzing File: D:\XRFix\dataset_collection\overall\VR-AR-Game\Game\Assets\angryLogVoice.mp3.meta
26/5/2025 11:57:07 am Data Extracted!
26/5/2025 11:57:07 am Saving Results...
26/5/2025 11:57:07 am Saving File: 1f5f274793ae345a88a61c4ca8e2d381.json
26/5/2025 11:57:07 am Done!!
26/5/2025 11:57:07 am Analyzing File: D:\XRFix\dataset_collection\overall\VR-AR-Game\Game\Assets\Assets_AngryLog.meta
26/5/2025 11:57:07 am Data Extracted!
26/5/2025 11:57:07 am Saving Results...
26/5/2025 11:57:07 am Saving File: 66c721a177f884ba2b0fc6cc7b16abb5.json
26/5/2025 11:57:07 am Done!!
26/5/2025 11:57:07 am Analyzing File: D:\XRFix\dataset_collection\overall\VR-AR-Game\Game\Assets\CodeScripts.meta
26/5/2025 11:57:07 am Data Extracted!
26/5/2025 11:57:07 am Saving Results...
26/5/2025 11:57:07 am Saving File: d389e9f10a3fc46b88d6a1186eb62eea.json
26/5/2025 11:57:07 am Done!!
26/5/2025 11:57:07 am Analyzing File: D:\XRFix\dataset_collection\overall\VR-AR-Game\Game\Assets\Hovl Studio.meta
26/5/2025 11:57:07 am Data Extracted!
26/5/2025 11:57:07 am Saving Results...
26/5/2025 11:57:07 am Saving File: 4f825e2d8cb024be49c45d45f4580464.json
26/5/2025 11:57:07 am Done!!
26/5/2025 11:57:07 am Analyzing File: D:\XRFix\dataset_collection\overall\VR-AR-Game\Game\Assets\Leohpaz.meta
26/5/2025 11:57:07 am Data Extracted!
26/5/2025 11:57:07 am Saving Results...
26/5/2025 11:57:07 am Saving File: 933e48d4911e748cfa1e07724398746f.json
26/5/2025 11:57:07 am Done!!
26/5/2025 11:57:07 am Analyzing File: D:\XRFix\dataset_collection\overall\VR-AR-Game\Game\Assets\Low-Poly Medieval Market.meta
26/5/2025 11:57:07 am Data Extracted!
26/5/2025 11:57:07 am Saving Results...
26/5/2025 11:57:07 am Saving File: 152662971e5c6244e947b44be47bd5f7.json
26/5/2025 11:57:07 am Done!!
26/5/2025 11:57:07 am Analyzing File: D:\XRFix\dataset_collection\overall\VR-AR-Game\Game\Assets\Oculus.meta
26/5/2025 11:57:07 am Data Extracted!
26/5/2025 11:57:07 am Saving Results...
26/5/2025 11:57:07 am Saving File: d2a6e12f5ff644e02b4b51966cad6672.json
26/5/2025 11:57:07 am Done!!
26/5/2025 11:57:07 am Analyzing File: D:\XRFix\dataset_collection\overall\VR-AR-Game\Game\Assets\Resources.meta
26/5/2025 11:57:07 am Data Extracted!
26/5/2025 11:57:07 am Saving Results...
26/5/2025 11:57:07 am Saving File: 201bde5dd9d164474a7a4fa9afa6a528.json
26/5/2025 11:57:07 am Done!!
26/5/2025 11:57:07 am Analyzing File: D:\XRFix\dataset_collection\overall\VR-AR-Game\Game\Assets\Samples.meta
26/5/2025 11:57:07 am Data Extracted!
26/5/2025 11:57:07 am Saving Results...
26/5/2025 11:57:07 am Saving File: d3ed0e0dec7b345a3b1a097048b34d53.json
26/5/2025 11:57:07 am Done!!
26/5/2025 11:57:07 am Analyzing File: D:\XRFix\dataset_collection\overall\VR-AR-Game\Game\Assets\Scenes.meta
26/5/2025 11:57:07 am Data Extracted!
26/5/2025 11:57:07 am Saving Results...
26/5/2025 11:57:07 am Saving File: dd65182c7860448c09e82d4672ad690f.json
26/5/2025 11:57:07 am Done!!
26/5/2025 11:57:07 am Analyzing File: D:\XRFix\dataset_collection\overall\VR-AR-Game\Game\Assets\StarterAssets.meta
26/5/2025 11:57:07 am Data Extracted!
26/5/2025 11:57:07 am Saving Results...
26/5/2025 11:57:07 am Saving File: 3a02228b247d93142bd5e9fe086feace.json
26/5/2025 11:57:07 am Done!!
26/5/2025 11:57:07 am Analyzing File: D:\XRFix\dataset_collection\overall\VR-AR-Game\Game\Assets\SunnyLand Artwork.meta
26/5/2025 11:57:07 am Data Extracted!
26/5/2025 11:57:07 am Saving Results...
26/5/2025 11:57:07 am Saving File: 2f17d1e6a207e4d8eb72bd03b1b645ac.json
26/5/2025 11:57:07 am Done!!
26/5/2025 11:57:07 am Analyzing File: D:\XRFix\dataset_collection\overall\VR-AR-Game\Game\Assets\TextMesh Pro.meta
26/5/2025 11:57:07 am Data Extracted!
26/5/2025 11:57:07 am Saving Results...
26/5/2025 11:57:07 am Saving File: f54d1bd14bd3ca042bd867b519fee8cc.json
26/5/2025 11:57:07 am Done!!
26/5/2025 11:57:07 am Analyzing File: D:\XRFix\dataset_collection\overall\VR-AR-Game\Game\Assets\UniversalRenderPipelineGlobalSettings.asset.meta
26/5/2025 11:57:07 am Data Extracted!
26/5/2025 11:57:07 am Saving Results...
26/5/2025 11:57:07 am Saving File: 12cb4125aa7a54530a34917f935cfade.json
26/5/2025 11:57:07 am Done!!
26/5/2025 11:57:07 am Analyzing File: D:\XRFix\dataset_collection\overall\VR-AR-Game\Game\Assets\XR.meta
26/5/2025 11:57:07 am Data Extracted!
26/5/2025 11:57:07 am Saving Results...
26/5/2025 11:57:07 am Saving File: 21d929800d9ea4e64a5b63686e41c447.json
26/5/2025 11:57:07 am Done!!
26/5/2025 11:57:07 am Analyzing File: D:\XRFix\dataset_collection\overall\VR-AR-Game\Game\Assets\XRI.meta
26/5/2025 11:57:07 am Data Extracted!
26/5/2025 11:57:07 am Saving Results...
26/5/2025 11:57:07 am Saving File: c149071b057a64e99ab1cfaaf55b729d.json
26/5/2025 11:57:07 am Done!!
26/5/2025 11:57:07 am Analyzing File: D:\XRFix\dataset_collection\overall\VR-AR-Game\Game\Assets\Assets_AngryLog\Animation.meta
26/5/2025 11:57:07 am Data Extracted!
26/5/2025 11:57:07 am Saving Results...
26/5/2025 11:57:07 am Saving File: bc56c0dd4317044dc9b6a8ddeb79a88e.json
26/5/2025 11:57:07 am Done!!
26/5/2025 11:57:07 am Analyzing File: D:\XRFix\dataset_collection\overall\VR-AR-Game\Game\Assets\Assets_AngryLog\FBX.meta
26/5/2025 11:57:07 am Data Extracted!
26/5/2025 11:57:07 am Saving Results...
26/5/2025 11:57:07 am Saving File: 857b95e020dc842d68625c3b2d497ed7.json
26/5/2025 11:57:07 am Done!!
26/5/2025 11:57:07 am Analyzing File: D:\XRFix\dataset_collection\overall\VR-AR-Game\Game\Assets\Assets_AngryLog\Materials.meta
26/5/2025 11:57:07 am Data Extracted!
26/5/2025 11:57:07 am Saving Results...
26/5/2025 11:57:07 am Saving File: 14f5f639eea9f4ec08001da0d6b042dd.json
26/5/2025 11:57:07 am Done!!
26/5/2025 11:57:07 am Analyzing File: D:\XRFix\dataset_collection\overall\VR-AR-Game\Game\Assets\Assets_AngryLog\Prefabs.meta
26/5/2025 11:57:07 am Data Extracted!
26/5/2025 11:57:07 am Saving Results...
26/5/2025 11:57:07 am Saving File: 00fc1ef3a5e0a49ffb59b2e596e289c8.json
26/5/2025 11:57:07 am Done!!
26/5/2025 11:57:07 am Analyzing File: D:\XRFix\dataset_collection\overall\VR-AR-Game\Game\Assets\Assets_AngryLog\ReadMe_AngryLog.pdf.meta
26/5/2025 11:57:07 am Data Extracted!
26/5/2025 11:57:07 am Saving Results...
26/5/2025 11:57:07 am Saving File: f1d30bc7214c84fc5ad12453031c9ebf.json
26/5/2025 11:57:07 am Done!!
26/5/2025 11:57:07 am Analyzing File: D:\XRFix\dataset_collection\overall\VR-AR-Game\Game\Assets\Assets_AngryLog\Scenes.meta
26/5/2025 11:57:07 am Data Extracted!
26/5/2025 11:57:07 am Saving Results...
26/5/2025 11:57:07 am Saving File: 8b11007bc6a2048ea875bf4758b9765c.json
26/5/2025 11:57:07 am Done!!
26/5/2025 11:57:07 am Analyzing File: D:\XRFix\dataset_collection\overall\VR-AR-Game\Game\Assets\Assets_AngryLog\Textures.meta
26/5/2025 11:57:07 am Data Extracted!
26/5/2025 11:57:07 am Saving Results...
26/5/2025 11:57:07 am Saving File: 2361e593e119544efbcab87856d7d70e.json
26/5/2025 11:57:07 am Done!!
26/5/2025 11:57:07 am Analyzing File: D:\XRFix\dataset_collection\overall\VR-AR-Game\Game\Assets\Assets_AngryLog\FBX\TreeRevengerFBX.fbx.meta
26/5/2025 11:57:07 am Data Extracted!
26/5/2025 11:57:07 am Saving Results...
26/5/2025 11:57:07 am Saving File: ef019180a46774882bdbf566549b7960.json
26/5/2025 11:57:07 am Done!!
26/5/2025 11:57:07 am Analyzing File: D:\XRFix\dataset_collection\overall\VR-AR-Game\Game\Assets\Assets_AngryLog\Textures\TexLeaves.png.meta
26/5/2025 11:57:07 am Data Extracted!
26/5/2025 11:57:07 am Saving Results...
26/5/2025 11:57:07 am Saving File: a6916dd24e0f94fa6960c73c3de3fa51.json
26/5/2025 11:57:07 am Done!!
26/5/2025 11:57:07 am Analyzing File: D:\XRFix\dataset_collection\overall\VR-AR-Game\Game\Assets\Assets_AngryLog\Textures\TexRevenger.png.meta
26/5/2025 11:57:07 am Data Extracted!
26/5/2025 11:57:07 am Saving Results...
26/5/2025 11:57:07 am Saving File: e62994e71378b4362839f23288857d5b.json
26/5/2025 11:57:07 am Done!!
26/5/2025 11:57:07 am Analyzing File: D:\XRFix\dataset_collection\overall\VR-AR-Game\Game\Assets\Assets_AngryLog\Textures\TextureCell.png.meta
26/5/2025 11:57:07 am Data Extracted!
26/5/2025 11:57:07 am Saving Results...
26/5/2025 11:57:07 am Saving File: d8fbabca8400e4e82b06ca0e60ff18c5.json
26/5/2025 11:57:07 am Done!!
26/5/2025 11:57:07 am Analyzing File: D:\XRFix\dataset_collection\overall\VR-AR-Game\Game\Assets\CodeScripts\AudioManager.cs.meta
26/5/2025 11:57:07 am Data Extracted!
26/5/2025 11:57:07 am Saving Results...
26/5/2025 11:57:07 am Saving File: f635728aa89e14896bd0d819ba71f9c4.json
26/5/2025 11:57:07 am Done!!
26/5/2025 11:57:07 am Analyzing File: D:\XRFix\dataset_collection\overall\VR-AR-Game\Game\Assets\CodeScripts\HintTextController.cs.meta
26/5/2025 11:57:07 am Data Extracted!
26/5/2025 11:57:07 am Saving Results...
26/5/2025 11:57:07 am Saving File: 1ec04106c80ee4fb6840e3c0f44c0476.json
26/5/2025 11:57:07 am Done!!
26/5/2025 11:57:07 am Analyzing File: D:\XRFix\dataset_collection\overall\VR-AR-Game\Game\Assets\CodeScripts\MainMenuController.cs.meta
26/5/2025 11:57:07 am Data Extracted!
26/5/2025 11:57:07 am Saving Results...
26/5/2025 11:57:07 am Saving File: 3172c01071d6f44ba93d93e1e8594abc.json
26/5/2025 11:57:07 am Done!!
26/5/2025 11:57:07 am Analyzing File: D:\XRFix\dataset_collection\overall\VR-AR-Game\Game\Assets\CodeScripts\ObjectHold.cs.meta
26/5/2025 11:57:07 am Data Extracted!
26/5/2025 11:57:07 am Saving Results...
26/5/2025 11:57:07 am Saving File: c21f5f4f605a74e808df3c4867404f08.json
26/5/2025 11:57:07 am Done!!
26/5/2025 11:57:07 am Analyzing File: D:\XRFix\dataset_collection\overall\VR-AR-Game\Game\Assets\CodeScripts\RaycastGun.cs.meta
26/5/2025 11:57:07 am Data Extracted!
26/5/2025 11:57:07 am Saving Results...
26/5/2025 11:57:07 am Saving File: 74e8e3766e29a469b99566e7833141b1.json
26/5/2025 11:57:07 am Done!!
26/5/2025 11:57:07 am Analyzing File: D:\XRFix\dataset_collection\overall\VR-AR-Game\Game\Assets\CodeScripts\Target.cs.meta
26/5/2025 11:57:07 am Data Extracted!
26/5/2025 11:57:07 am Saving Results...
26/5/2025 11:57:07 am Saving File: 6e15ba767e32e473f8b2993973cb659b.json
26/5/2025 11:57:07 am Done!!
26/5/2025 11:57:07 am Analyzing File: D:\XRFix\dataset_collection\overall\VR-AR-Game\Game\Assets\CodeScripts\TextManager.cs.meta
26/5/2025 11:57:07 am Data Extracted!
26/5/2025 11:57:07 am Saving Results...
26/5/2025 11:57:07 am Saving File: 9b50127db98c74336807fadecbf41e1c.json
26/5/2025 11:57:07 am Done!!
26/5/2025 11:57:07 am Analyzing File: D:\XRFix\dataset_collection\overall\VR-AR-Game\Game\Assets\CodeScripts\ThrowingTutorial.cs.meta
26/5/2025 11:57:07 am Data Extracted!
26/5/2025 11:57:07 am Saving Results...
26/5/2025 11:57:07 am Saving File: ddecfe1e9790b4071abdfb9cf0d30de5.json
26/5/2025 11:57:07 am Done!!
26/5/2025 11:57:07 am Analyzing File: D:\XRFix\dataset_collection\overall\VR-AR-Game\Game\Assets\CodeScripts\TriggerEnter.cs.meta
26/5/2025 11:57:07 am Data Extracted!
26/5/2025 11:57:07 am Saving Results...
26/5/2025 11:57:07 am Saving File: 555ca36f7cabb414780af7c51d7209ee.json
26/5/2025 11:57:07 am Done!!
26/5/2025 11:57:07 am Analyzing File: D:\XRFix\dataset_collection\overall\VR-AR-Game\Game\Assets\Hovl Studio\Magic sword.meta
26/5/2025 11:57:07 am Data Extracted!
26/5/2025 11:57:07 am Saving Results...
26/5/2025 11:57:07 am Saving File: f59ab40d81d2e794aac598cf212eb11e.json
26/5/2025 11:57:07 am Done!!
26/5/2025 11:57:07 am Analyzing File: D:\XRFix\dataset_collection\overall\VR-AR-Game\Game\Assets\Hovl Studio\Magic sword\Materials.meta
26/5/2025 11:57:07 am Data Extracted!
26/5/2025 11:57:07 am Saving Results...
26/5/2025 11:57:07 am Saving File: c8588a88f886a11439634c0209b28ced.json
26/5/2025 11:57:07 am Done!!
26/5/2025 11:57:07 am Analyzing File: D:\XRFix\dataset_collection\overall\VR-AR-Game\Game\Assets\Hovl Studio\Magic sword\Models.meta
26/5/2025 11:57:07 am Data Extracted!
26/5/2025 11:57:07 am Saving Results...
26/5/2025 11:57:07 am Saving File: 72fa38aa9f676db40bfd92b3fcd9c61b.json
26/5/2025 11:57:07 am Done!!
26/5/2025 11:57:07 am Analyzing File: D:\XRFix\dataset_collection\overall\VR-AR-Game\Game\Assets\Hovl Studio\Magic sword\Prefabs.meta
26/5/2025 11:57:07 am Data Extracted!
26/5/2025 11:57:07 am Saving Results...
26/5/2025 11:57:07 am Saving File: 3393d23caf6a11f4a9b9552dc23cfa49.json
26/5/2025 11:57:07 am Done!!
26/5/2025 11:57:07 am Analyzing File: D:\XRFix\dataset_collection\overall\VR-AR-Game\Game\Assets\Hovl Studio\Magic sword\Textures.meta
26/5/2025 11:57:07 am Data Extracted!
26/5/2025 11:57:07 am Saving Results...
26/5/2025 11:57:07 am Saving File: 542ab17347dbe9b4498bbb2eb40b4923.json
26/5/2025 11:57:07 am Done!!
26/5/2025 11:57:07 am Analyzing File: D:\XRFix\dataset_collection\overall\VR-AR-Game\Game\Assets\Hovl Studio\Magic sword\Models\MagicSword.fbx.meta
26/5/2025 11:57:07 am Data Extracted!
26/5/2025 11:57:07 am Saving Results...
26/5/2025 11:57:07 am Saving File: c8934126fd9131249a579eeadd5f60a5.json
26/5/2025 11:57:07 am Done!!
26/5/2025 11:57:07 am Analyzing File: D:\XRFix\dataset_collection\overall\VR-AR-Game\Game\Assets\Hovl Studio\Magic sword\Textures\MagicSword_Albedo.png.meta
26/5/2025 11:57:07 am Data Extracted!
26/5/2025 11:57:07 am Saving Results...
26/5/2025 11:57:07 am Saving File: 430ca6a749bf93b43bcb741ae6191db1.json
26/5/2025 11:57:07 am Done!!
26/5/2025 11:57:07 am Analyzing File: D:\XRFix\dataset_collection\overall\VR-AR-Game\Game\Assets\Hovl Studio\Magic sword\Textures\MagicSword_AO.png.meta
26/5/2025 11:57:07 am Data Extracted!
26/5/2025 11:57:07 am Saving Results...
26/5/2025 11:57:07 am Saving File: d602f691892bdd74eb45b2a17006ac0d.json
26/5/2025 11:57:07 am Done!!
26/5/2025 11:57:07 am Analyzing File: D:\XRFix\dataset_collection\overall\VR-AR-Game\Game\Assets\Hovl Studio\Magic sword\Textures\MagicSword_Emission.png.meta
26/5/2025 11:57:07 am Data Extracted!
26/5/2025 11:57:07 am Saving Results...
26/5/2025 11:57:07 am Saving File: 6568b2571d2f8604081092ed0372f455.json
26/5/2025 11:57:07 am Done!!
26/5/2025 11:57:07 am Analyzing File: D:\XRFix\dataset_collection\overall\VR-AR-Game\Game\Assets\Hovl Studio\Magic sword\Textures\MagicSword_MetallicSmoothness.png.meta
26/5/2025 11:57:07 am Data Extracted!
26/5/2025 11:57:07 am Saving Results...
26/5/2025 11:57:07 am Saving File: 9761c4a4302f9324d94fbcc3277e20b8.json
26/5/2025 11:57:07 am Done!!
26/5/2025 11:57:07 am Analyzing File: D:\XRFix\dataset_collection\overall\VR-AR-Game\Game\Assets\Hovl Studio\Magic sword\Textures\MagicSword_Normal.png.meta
26/5/2025 11:57:07 am Data Extracted!
26/5/2025 11:57:07 am Saving Results...
26/5/2025 11:57:07 am Saving File: 4684953ed14054a439da24d569fd4b3c.json
26/5/2025 11:57:07 am Done!!
26/5/2025 11:57:07 am Analyzing File: D:\XRFix\dataset_collection\overall\VR-AR-Game\Game\Assets\Hovl Studio\Magic sword\Textures\Set2.meta
26/5/2025 11:57:07 am Data Extracted!
26/5/2025 11:57:07 am Saving Results...
26/5/2025 11:57:07 am Saving File: 6c3c75c38e1d2ef4bae48687fa7f2372.json
26/5/2025 11:57:07 am Done!!
26/5/2025 11:57:07 am Analyzing File: D:\XRFix\dataset_collection\overall\VR-AR-Game\Game\Assets\Hovl Studio\Magic sword\Textures\Set2\MagicSword_Albedo.png.meta
26/5/2025 11:57:07 am Data Extracted!
26/5/2025 11:57:07 am Saving Results...
26/5/2025 11:57:07 am Saving File: be04cf744b792bd4a862546406b7f8ea.json
26/5/2025 11:57:07 am Done!!
26/5/2025 11:57:07 am Analyzing File: D:\XRFix\dataset_collection\overall\VR-AR-Game\Game\Assets\Hovl Studio\Magic sword\Textures\Set2\MagicSword_Emission.png.meta
26/5/2025 11:57:07 am Data Extracted!
26/5/2025 11:57:07 am Saving Results...
26/5/2025 11:57:07 am Saving File: 7102c8c6597fd944989a10f3a127981a.json
26/5/2025 11:57:07 am Done!!
26/5/2025 11:57:07 am Analyzing File: D:\XRFix\dataset_collection\overall\VR-AR-Game\Game\Assets\Hovl Studio\Magic sword\Textures\Set2\MagicSword_MetallicSmoothness.png.meta
26/5/2025 11:57:07 am Data Extracted!
26/5/2025 11:57:07 am Saving Results...
26/5/2025 11:57:07 am Saving File: 311a7db1e73762642a96232444e6ccac.json
26/5/2025 11:57:07 am Done!!
26/5/2025 11:57:07 am Analyzing File: D:\XRFix\dataset_collection\overall\VR-AR-Game\Game\Assets\Hovl Studio\Magic sword\Textures\Set2\MagicSword_Normal.png.meta
26/5/2025 11:57:07 am Data Extracted!
26/5/2025 11:57:07 am Saving Results...
26/5/2025 11:57:07 am Saving File: e48035ec258b8c74ca3efbfedc9a44f6.json
26/5/2025 11:57:07 am Done!!
26/5/2025 11:57:07 am Analyzing File: D:\XRFix\dataset_collection\overall\VR-AR-Game\Game\Assets\Leohpaz\RPG_Essentials_Free.meta
26/5/2025 11:57:07 am Data Extracted!
26/5/2025 11:57:07 am Saving Results...
26/5/2025 11:57:07 am Saving File: 5f9a859faf3cc45dbb4ba9123c5c1f5f.json
26/5/2025 11:57:07 am Done!!
26/5/2025 11:57:07 am Analyzing File: D:\XRFix\dataset_collection\overall\VR-AR-Game\Game\Assets\Leohpaz\RPG_Essentials_Free\10_Battle_SFX.meta
26/5/2025 11:57:07 am Data Extracted!
26/5/2025 11:57:07 am Saving Results...
26/5/2025 11:57:07 am Saving File: 1cb5876d2bf7ada4cab9558fb6eaf9a6.json
26/5/2025 11:57:07 am Done!!
26/5/2025 11:57:07 am Analyzing File: D:\XRFix\dataset_collection\overall\VR-AR-Game\Game\Assets\Leohpaz\RPG_Essentials_Free\10_UI_Menu_SFX.meta
26/5/2025 11:57:07 am Data Extracted!
26/5/2025 11:57:07 am Saving Results...
26/5/2025 11:57:07 am Saving File: d833e5bd5f85ee740b426684fc746d76.json
26/5/2025 11:57:07 am Done!!
26/5/2025 11:57:07 am Analyzing File: D:\XRFix\dataset_collection\overall\VR-AR-Game\Game\Assets\Leohpaz\RPG_Essentials_Free\12_Player_Movement_SFX.meta
26/5/2025 11:57:07 am Data Extracted!
26/5/2025 11:57:07 am Saving Results...
26/5/2025 11:57:07 am Saving File: c7956f95db5bb7b478a7982bc2eb428c.json
26/5/2025 11:57:07 am Done!!
26/5/2025 11:57:07 am Analyzing File: D:\XRFix\dataset_collection\overall\VR-AR-Game\Game\Assets\Leohpaz\RPG_Essentials_Free\8_Atk_Magic_SFX.meta
26/5/2025 11:57:07 am Data Extracted!
26/5/2025 11:57:07 am Saving Results...
26/5/2025 11:57:07 am Saving File: 346b108228ad91c4881c54fac60e294e.json
26/5/2025 11:57:07 am Done!!
26/5/2025 11:57:07 am Analyzing File: D:\XRFix\dataset_collection\overall\VR-AR-Game\Game\Assets\Leohpaz\RPG_Essentials_Free\8_Buffs_Heals_SFX.meta
26/5/2025 11:57:07 am Data Extracted!
26/5/2025 11:57:07 am Saving Results...
26/5/2025 11:57:07 am Saving File: fb37f83a5a3ba9645838dad550849ddc.json
26/5/2025 11:57:07 am Done!!
26/5/2025 11:57:07 am Analyzing File: D:\XRFix\dataset_collection\overall\VR-AR-Game\Game\Assets\Leohpaz\RPG_Essentials_Free\10_Battle_SFX\03_Claw_03.wav.meta
26/5/2025 11:57:07 am Data Extracted!
26/5/2025 11:57:07 am Saving Results...
26/5/2025 11:57:07 am Saving File: 56703418e3aed4c47a5f6622816b8e41.json
26/5/2025 11:57:07 am Done!!
26/5/2025 11:57:07 am Analyzing File: D:\XRFix\dataset_collection\overall\VR-AR-Game\Game\Assets\Leohpaz\RPG_Essentials_Free\10_Battle_SFX\08_Bite_04.wav.meta
26/5/2025 11:57:07 am Data Extracted!
26/5/2025 11:57:07 am Saving Results...
26/5/2025 11:57:07 am Saving File: fd25a15f9797641458336cccfb445343.json
26/5/2025 11:57:07 am Done!!
26/5/2025 11:57:07 am Analyzing File: D:\XRFix\dataset_collection\overall\VR-AR-Game\Game\Assets\Leohpaz\RPG_Essentials_Free\10_Battle_SFX\15_Impact_flesh_02.wav.meta
26/5/2025 11:57:07 am Data Extracted!
26/5/2025 11:57:07 am Saving Results...
26/5/2025 11:57:07 am Saving File: 7c47b20bb9874304a809dc5580d403ba.json
26/5/2025 11:57:07 am Done!!
26/5/2025 11:57:07 am Analyzing File: D:\XRFix\dataset_collection\overall\VR-AR-Game\Game\Assets\Leohpaz\RPG_Essentials_Free\10_Battle_SFX\22_Slash_04.wav.meta
26/5/2025 11:57:07 am Data Extracted!
26/5/2025 11:57:07 am Saving Results...
26/5/2025 11:57:07 am Saving File: 88b1cbe3caa3fee4b8b103b5edd7aba9.json
26/5/2025 11:57:07 am Done!!
26/5/2025 11:57:07 am Analyzing File: D:\XRFix\dataset_collection\overall\VR-AR-Game\Game\Assets\Leohpaz\RPG_Essentials_Free\10_Battle_SFX\35_Miss_Evade_02.wav.meta
26/5/2025 11:57:07 am Data Extracted!
26/5/2025 11:57:07 am Saving Results...
26/5/2025 11:57:07 am Saving File: f11db4559b3ffff45b62e9327fc5535d.json
26/5/2025 11:57:07 am Done!!
26/5/2025 11:57:07 am Analyzing File: D:\XRFix\dataset_collection\overall\VR-AR-Game\Game\Assets\Leohpaz\RPG_Essentials_Free\10_Battle_SFX\39_Block_03.wav.meta
26/5/2025 11:57:07 am Data Extracted!
26/5/2025 11:57:07 am Saving Results...
26/5/2025 11:57:07 am Saving File: b7b5a6156961bac44a67504d42ce6fcf.json
26/5/2025 11:57:07 am Done!!
26/5/2025 11:57:07 am Analyzing File: D:\XRFix\dataset_collection\overall\VR-AR-Game\Game\Assets\Leohpaz\RPG_Essentials_Free\10_Battle_SFX\51_Flee_02.wav.meta
26/5/2025 11:57:07 am Data Extracted!
26/5/2025 11:57:07 am Saving Results...
26/5/2025 11:57:07 am Saving File: c458b6714dab015479d507b21fd2cead.json
26/5/2025 11:57:07 am Done!!
26/5/2025 11:57:07 am Analyzing File: D:\XRFix\dataset_collection\overall\VR-AR-Game\Game\Assets\Leohpaz\RPG_Essentials_Free\10_Battle_SFX\55_Encounter_02.wav.meta
26/5/2025 11:57:07 am Data Extracted!
26/5/2025 11:57:07 am Saving Results...
26/5/2025 11:57:07 am Saving File: 21c4a490b24ba2045bc815f7626a40ef.json
26/5/2025 11:57:07 am Done!!
26/5/2025 11:57:07 am Analyzing File: D:\XRFix\dataset_collection\overall\VR-AR-Game\Game\Assets\Leohpaz\RPG_Essentials_Free\10_Battle_SFX\69_Enemy_death_01.wav.meta
26/5/2025 11:57:07 am Data Extracted!
26/5/2025 11:57:07 am Saving Results...
26/5/2025 11:57:07 am Saving File: 566d2ea6240b489479a6e9fd608c2621.json
26/5/2025 11:57:07 am Done!!
26/5/2025 11:57:07 am Analyzing File: D:\XRFix\dataset_collection\overall\VR-AR-Game\Game\Assets\Leohpaz\RPG_Essentials_Free\10_Battle_SFX\77_flesh_02.wav.meta
26/5/2025 11:57:07 am Data Extracted!
26/5/2025 11:57:07 am Saving Results...
26/5/2025 11:57:07 am Saving File: 2b21ef916f6943c439b71a7c74568878.json
26/5/2025 11:57:07 am Done!!
26/5/2025 11:57:07 am Analyzing File: D:\XRFix\dataset_collection\overall\VR-AR-Game\Game\Assets\Leohpaz\RPG_Essentials_Free\10_UI_Menu_SFX\001_Hover_01.wav.meta
26/5/2025 11:57:07 am Data Extracted!
26/5/2025 11:57:07 am Saving Results...
26/5/2025 11:57:07 am Saving File: 35cf7766e9e2aa542811e896fde57989.json
26/5/2025 11:57:07 am Done!!
26/5/2025 11:57:07 am Analyzing File: D:\XRFix\dataset_collection\overall\VR-AR-Game\Game\Assets\Leohpaz\RPG_Essentials_Free\10_UI_Menu_SFX\013_Confirm_03.wav.meta
26/5/2025 11:57:07 am Data Extracted!
26/5/2025 11:57:07 am Saving Results...
26/5/2025 11:57:07 am Saving File: c5cb2ac29e89dbf43a9b644caaad45e6.json
26/5/2025 11:57:07 am Done!!
26/5/2025 11:57:07 am Analyzing File: D:\XRFix\dataset_collection\overall\VR-AR-Game\Game\Assets\Leohpaz\RPG_Essentials_Free\10_UI_Menu_SFX\029_Decline_09.wav.meta
26/5/2025 11:57:07 am Data Extracted!
26/5/2025 11:57:07 am Saving Results...
26/5/2025 11:57:07 am Saving File: 7cc057bed53baf34799f52aab3c84800.json
26/5/2025 11:57:07 am Done!!
26/5/2025 11:57:07 am Analyzing File: D:\XRFix\dataset_collection\overall\VR-AR-Game\Game\Assets\Leohpaz\RPG_Essentials_Free\10_UI_Menu_SFX\033_Denied_03.wav.meta
26/5/2025 11:57:07 am Data Extracted!
26/5/2025 11:57:07 am Saving Results...
26/5/2025 11:57:07 am Saving File: 1ed8fb76fc64e4e46847348138782234.json
26/5/2025 11:57:07 am Done!!
26/5/2025 11:57:07 am Analyzing File: D:\XRFix\dataset_collection\overall\VR-AR-Game\Game\Assets\Leohpaz\RPG_Essentials_Free\10_UI_Menu_SFX\051_use_item_01.wav.meta
26/5/2025 11:57:07 am Data Extracted!
26/5/2025 11:57:07 am Saving Results...
26/5/2025 11:57:07 am Saving File: ba39bf8baf6d13046889b2d64822381a.json
26/5/2025 11:57:07 am Done!!
26/5/2025 11:57:07 am Analyzing File: D:\XRFix\dataset_collection\overall\VR-AR-Game\Game\Assets\Leohpaz\RPG_Essentials_Free\10_UI_Menu_SFX\070_Equip_10.wav.meta
26/5/2025 11:57:07 am Data Extracted!
26/5/2025 11:57:07 am Saving Results...
26/5/2025 11:57:07 am Saving File: 490bfbc72255342408984f60044487de.json
26/5/2025 11:57:07 am Done!!
26/5/2025 11:57:07 am Analyzing File: D:\XRFix\dataset_collection\overall\VR-AR-Game\Game\Assets\Leohpaz\RPG_Essentials_Free\10_UI_Menu_SFX\071_Unequip_01.wav.meta
26/5/2025 11:57:07 am Data Extracted!
26/5/2025 11:57:07 am Saving Results...
26/5/2025 11:57:07 am Saving File: 78ad99fd0a0a5144280b07bbdba84815.json
26/5/2025 11:57:07 am Done!!
26/5/2025 11:57:07 am Analyzing File: D:\XRFix\dataset_collection\overall\VR-AR-Game\Game\Assets\Leohpaz\RPG_Essentials_Free\10_UI_Menu_SFX\079_Buy_sell_01.wav.meta
26/5/2025 11:57:07 am Data Extracted!
26/5/2025 11:57:07 am Saving Results...
26/5/2025 11:57:07 am Saving File: abdbbfd33a46f4549987385f85c536b5.json
26/5/2025 11:57:07 am Done!!
26/5/2025 11:57:07 am Analyzing File: D:\XRFix\dataset_collection\overall\VR-AR-Game\Game\Assets\Leohpaz\RPG_Essentials_Free\10_UI_Menu_SFX\092_Pause_04.wav.meta
26/5/2025 11:57:07 am Data Extracted!
26/5/2025 11:57:07 am Saving Results...
26/5/2025 11:57:07 am Saving File: b83bf8726a7fac349a54389f0c57cda6.json
26/5/2025 11:57:07 am Done!!
26/5/2025 11:57:07 am Analyzing File: D:\XRFix\dataset_collection\overall\VR-AR-Game\Game\Assets\Leohpaz\RPG_Essentials_Free\10_UI_Menu_SFX\098_Unpause_04.wav.meta
26/5/2025 11:57:07 am Data Extracted!
26/5/2025 11:57:07 am Saving Results...
26/5/2025 11:57:07 am Saving File: e58d8bd078f188a4ba314e933b98528b.json
26/5/2025 11:57:07 am Done!!
26/5/2025 11:57:07 am Analyzing File: D:\XRFix\dataset_collection\overall\VR-AR-Game\Game\Assets\Leohpaz\RPG_Essentials_Free\12_Player_Movement_SFX\03_Step_grass_03.wav.meta
26/5/2025 11:57:07 am Data Extracted!
26/5/2025 11:57:07 am Saving Results...
26/5/2025 11:57:07 am Saving File: df7087e4d8a8bb546bc08ce68632903f.json
26/5/2025 11:57:07 am Done!!
26/5/2025 11:57:07 am Analyzing File: D:\XRFix\dataset_collection\overall\VR-AR-Game\Game\Assets\Leohpaz\RPG_Essentials_Free\12_Player_Movement_SFX\08_Step_rock_02.wav.meta
26/5/2025 11:57:07 am Data Extracted!
26/5/2025 11:57:07 am Saving Results...
26/5/2025 11:57:07 am Saving File: 023ea3ddeaa8dd146b7633a0800e5a0e.json
26/5/2025 11:57:07 am Done!!
26/5/2025 11:57:07 am Analyzing File: D:\XRFix\dataset_collection\overall\VR-AR-Game\Game\Assets\Leohpaz\RPG_Essentials_Free\12_Player_Movement_SFX\12_Step_wood_03.wav.meta
26/5/2025 11:57:07 am Data Extracted!
26/5/2025 11:57:07 am Saving Results...
26/5/2025 11:57:07 am Saving File: 2352822feb4caa14ebdbc0c713289f8d.json
26/5/2025 11:57:07 am Done!!
26/5/2025 11:57:07 am Analyzing File: D:\XRFix\dataset_collection\overall\VR-AR-Game\Game\Assets\Leohpaz\RPG_Essentials_Free\12_Player_Movement_SFX\14_Step_water_02.wav.meta
26/5/2025 11:57:07 am Data Extracted!
26/5/2025 11:57:07 am Saving Results...
26/5/2025 11:57:07 am Saving File: 60f9efe3d97bc8f47bea1af7f7093d41.json
26/5/2025 11:57:07 am Done!!
26/5/2025 11:57:07 am Analyzing File: D:\XRFix\dataset_collection\overall\VR-AR-Game\Game\Assets\Leohpaz\RPG_Essentials_Free\12_Player_Movement_SFX\26_Swim_Submerged_02.wav.meta
26/5/2025 11:57:07 am Data Extracted!
26/5/2025 11:57:07 am Saving Results...
26/5/2025 11:57:07 am Saving File: c619008f1efb180488a78e4a966a3e16.json
26/5/2025 11:57:07 am Done!!
26/5/2025 11:57:07 am Analyzing File: D:\XRFix\dataset_collection\overall\VR-AR-Game\Game\Assets\Leohpaz\RPG_Essentials_Free\12_Player_Movement_SFX\30_Jump_03.wav.meta
26/5/2025 11:57:07 am Data Extracted!
26/5/2025 11:57:07 am Saving Results...
26/5/2025 11:57:07 am Saving File: 4e349dc959014a845b9aa317d1c2b7f0.json
26/5/2025 11:57:07 am Done!!
26/5/2025 11:57:07 am Analyzing File: D:\XRFix\dataset_collection\overall\VR-AR-Game\Game\Assets\Leohpaz\RPG_Essentials_Free\12_Player_Movement_SFX\42_Cling_climb_03.wav.meta
26/5/2025 11:57:07 am Data Extracted!
26/5/2025 11:57:07 am Saving Results...
26/5/2025 11:57:07 am Saving File: e1e2d06fe0d78194b9c7c8cc88414d0d.json
26/5/2025 11:57:07 am Done!!
26/5/2025 11:57:07 am Analyzing File: D:\XRFix\dataset_collection\overall\VR-AR-Game\Game\Assets\Leohpaz\RPG_Essentials_Free\12_Player_Movement_SFX\45_Landing_01.wav.meta
26/5/2025 11:57:07 am Data Extracted!
26/5/2025 11:57:07 am Saving Results...
26/5/2025 11:57:07 am Saving File: eaae8fe8d600e1f459f34aa5757fa3b8.json
26/5/2025 11:57:07 am Done!!
26/5/2025 11:57:07 am Analyzing File: D:\XRFix\dataset_collection\overall\VR-AR-Game\Game\Assets\Leohpaz\RPG_Essentials_Free\12_Player_Movement_SFX\52_Dive_02.wav.meta
26/5/2025 11:57:07 am Data Extracted!
26/5/2025 11:57:07 am Saving Results...
26/5/2025 11:57:07 am Saving File: 5c7b6d4002009e842bd2621585546d19.json
26/5/2025 11:57:07 am Done!!
26/5/2025 11:57:07 am Analyzing File: D:\XRFix\dataset_collection\overall\VR-AR-Game\Game\Assets\Leohpaz\RPG_Essentials_Free\12_Player_Movement_SFX\56_Attack_03.wav.meta
26/5/2025 11:57:07 am Data Extracted!
26/5/2025 11:57:07 am Saving Results...
26/5/2025 11:57:07 am Saving File: 323e15cfe809e114ab92c9f4b25e8bc2.json
26/5/2025 11:57:07 am Done!!
26/5/2025 11:57:07 am Analyzing File: D:\XRFix\dataset_collection\overall\VR-AR-Game\Game\Assets\Leohpaz\RPG_Essentials_Free\12_Player_Movement_SFX\61_Hit_03.wav.meta
26/5/2025 11:57:07 am Data Extracted!
26/5/2025 11:57:07 am Saving Results...
26/5/2025 11:57:07 am Saving File: 8b23b175a78d6b5458322e3a6c9905d0.json
26/5/2025 11:57:07 am Done!!
26/5/2025 11:57:07 am Analyzing File: D:\XRFix\dataset_collection\overall\VR-AR-Game\Game\Assets\Leohpaz\RPG_Essentials_Free\12_Player_Movement_SFX\88_Teleport_02.wav.meta
26/5/2025 11:57:07 am Data Extracted!
26/5/2025 11:57:07 am Saving Results...
26/5/2025 11:57:07 am Saving File: 8ff2a2d7e79f81c40ac447512f879374.json
26/5/2025 11:57:07 am Done!!
26/5/2025 11:57:07 am Analyzing File: D:\XRFix\dataset_collection\overall\VR-AR-Game\Game\Assets\Leohpaz\RPG_Essentials_Free\8_Atk_Magic_SFX\04_Fire_explosion_04_medium.wav.meta
26/5/2025 11:57:07 am Data Extracted!
26/5/2025 11:57:07 am Saving Results...
26/5/2025 11:57:07 am Saving File: a652877b012108e41871f867ada9f176.json
26/5/2025 11:57:07 am Done!!
26/5/2025 11:57:07 am Analyzing File: D:\XRFix\dataset_collection\overall\VR-AR-Game\Game\Assets\Leohpaz\RPG_Essentials_Free\8_Atk_Magic_SFX\13_Ice_explosion_01.wav.meta
26/5/2025 11:57:07 am Data Extracted!
26/5/2025 11:57:07 am Saving Results...
26/5/2025 11:57:07 am Saving File: 1d74880bed4586644a16a79a2d9dc8af.json
26/5/2025 11:57:07 am Done!!
26/5/2025 11:57:07 am Analyzing File: D:\XRFix\dataset_collection\overall\VR-AR-Game\Game\Assets\Leohpaz\RPG_Essentials_Free\8_Atk_Magic_SFX\18_Thunder_02.wav.meta
26/5/2025 11:57:07 am Data Extracted!
26/5/2025 11:57:07 am Saving Results...
26/5/2025 11:57:07 am Saving File: f1cb5d83282f2904a85f73111d068616.json
26/5/2025 11:57:07 am Done!!
26/5/2025 11:57:07 am Analyzing File: D:\XRFix\dataset_collection\overall\VR-AR-Game\Game\Assets\Leohpaz\RPG_Essentials_Free\8_Atk_Magic_SFX\22_Water_02.wav.meta
26/5/2025 11:57:07 am Data Extracted!
26/5/2025 11:57:07 am Saving Results...
26/5/2025 11:57:07 am Saving File: 1eb7cbaf61d23a64bbd36c0a38b5cb0c.json
26/5/2025 11:57:07 am Done!!
26/5/2025 11:57:07 am Analyzing File: D:\XRFix\dataset_collection\overall\VR-AR-Game\Game\Assets\Leohpaz\RPG_Essentials_Free\8_Atk_Magic_SFX\25_Wind_01.wav.meta
26/5/2025 11:57:07 am Data Extracted!
26/5/2025 11:57:07 am Saving Results...
26/5/2025 11:57:07 am Saving File: c91fcf414acc0344cb03b13996f1bf3b.json
26/5/2025 11:57:07 am Done!!
26/5/2025 11:57:07 am Analyzing File: D:\XRFix\dataset_collection\overall\VR-AR-Game\Game\Assets\Leohpaz\RPG_Essentials_Free\8_Atk_Magic_SFX\30_Earth_02.wav.meta
26/5/2025 11:57:07 am Data Extracted!
26/5/2025 11:57:07 am Saving Results...
26/5/2025 11:57:07 am Saving File: b7f8695cf65a4f24eb37544298821146.json
26/5/2025 11:57:07 am Done!!
26/5/2025 11:57:07 am Analyzing File: D:\XRFix\dataset_collection\overall\VR-AR-Game\Game\Assets\Leohpaz\RPG_Essentials_Free\8_Atk_Magic_SFX\45_Charge_05.wav.meta
26/5/2025 11:57:07 am Data Extracted!
26/5/2025 11:57:07 am Saving Results...
26/5/2025 11:57:07 am Saving File: d1afd3f4d23c24f418ffc315afb04965.json
26/5/2025 11:57:07 am Done!!
26/5/2025 11:57:07 am Analyzing File: D:\XRFix\dataset_collection\overall\VR-AR-Game\Game\Assets\Leohpaz\RPG_Essentials_Free\8_Atk_Magic_SFX\46_Poison_01.wav.meta
26/5/2025 11:57:07 am Data Extracted!
26/5/2025 11:57:07 am Saving Results...
26/5/2025 11:57:07 am Saving File: 83829ff414f47a048b5387e4ab33571c.json
26/5/2025 11:57:07 am Done!!
26/5/2025 11:57:07 am Analyzing File: D:\XRFix\dataset_collection\overall\VR-AR-Game\Game\Assets\Leohpaz\RPG_Essentials_Free\8_Buffs_Heals_SFX\02_Heal_02.wav.meta
26/5/2025 11:57:07 am Data Extracted!
26/5/2025 11:57:07 am Saving Results...
26/5/2025 11:57:07 am Saving File: cfce0cea076109f478783201b2a9f57f.json
26/5/2025 11:57:07 am Done!!
26/5/2025 11:57:07 am Analyzing File: D:\XRFix\dataset_collection\overall\VR-AR-Game\Game\Assets\Leohpaz\RPG_Essentials_Free\8_Buffs_Heals_SFX\16_Atk_buff_04.wav.meta
26/5/2025 11:57:07 am Data Extracted!
26/5/2025 11:57:07 am Saving Results...
26/5/2025 11:57:07 am Saving File: b0e62ed71b1538648b719821f4f63b4c.json
26/5/2025 11:57:07 am Done!!
26/5/2025 11:57:07 am Analyzing File: D:\XRFix\dataset_collection\overall\VR-AR-Game\Game\Assets\Leohpaz\RPG_Essentials_Free\8_Buffs_Heals_SFX\17_Def_buff_01.wav.meta
26/5/2025 11:57:07 am Data Extracted!
26/5/2025 11:57:07 am Saving Results...
26/5/2025 11:57:07 am Saving File: 00e4eb96f4f6cc249a632e4027644cad.json
26/5/2025 11:57:07 am Done!!
26/5/2025 11:57:07 am Analyzing File: D:\XRFix\dataset_collection\overall\VR-AR-Game\Game\Assets\Leohpaz\RPG_Essentials_Free\8_Buffs_Heals_SFX\21_Debuff_01.wav.meta
26/5/2025 11:57:07 am Data Extracted!
26/5/2025 11:57:07 am Saving Results...
26/5/2025 11:57:07 am Saving File: acbcb75601b0082458fda8807f67c813.json
26/5/2025 11:57:07 am Done!!
26/5/2025 11:57:07 am Analyzing File: D:\XRFix\dataset_collection\overall\VR-AR-Game\Game\Assets\Leohpaz\RPG_Essentials_Free\8_Buffs_Heals_SFX\30_Revive_03.wav.meta
26/5/2025 11:57:07 am Data Extracted!
26/5/2025 11:57:07 am Saving Results...
26/5/2025 11:57:07 am Saving File: d654174ef194bd7479bf4b8d8f753318.json
26/5/2025 11:57:07 am Done!!
26/5/2025 11:57:07 am Analyzing File: D:\XRFix\dataset_collection\overall\VR-AR-Game\Game\Assets\Leohpaz\RPG_Essentials_Free\8_Buffs_Heals_SFX\39_Absorb_04.wav.meta
26/5/2025 11:57:07 am Data Extracted!
26/5/2025 11:57:07 am Saving Results...
26/5/2025 11:57:07 am Saving File: 7a9de5c4d998126449cf964a6b27a8b0.json
26/5/2025 11:57:07 am Done!!
26/5/2025 11:57:07 am Analyzing File: D:\XRFix\dataset_collection\overall\VR-AR-Game\Game\Assets\Leohpaz\RPG_Essentials_Free\8_Buffs_Heals_SFX\44_Sleep_01.wav.meta
26/5/2025 11:57:07 am Data Extracted!
26/5/2025 11:57:07 am Saving Results...
26/5/2025 11:57:07 am Saving File: aa967a280457c054bb646d57611f5bd0.json
26/5/2025 11:57:07 am Done!!
26/5/2025 11:57:07 am Analyzing File: D:\XRFix\dataset_collection\overall\VR-AR-Game\Game\Assets\Leohpaz\RPG_Essentials_Free\8_Buffs_Heals_SFX\48_Speed_up_02.wav.meta
26/5/2025 11:57:07 am Data Extracted!
26/5/2025 11:57:07 am Saving Results...
26/5/2025 11:57:07 am Saving File: 6cf9c85b5a3b88c468b21b9d21250adf.json
26/5/2025 11:57:07 am Done!!
26/5/2025 11:57:07 am Analyzing File: D:\XRFix\dataset_collection\overall\VR-AR-Game\Game\Assets\Low-Poly Medieval Market\Materials.meta
26/5/2025 11:57:07 am Data Extracted!
26/5/2025 11:57:07 am Saving Results...
26/5/2025 11:57:07 am Saving File: d0234ba368eeec9418390da711bfdad0.json
26/5/2025 11:57:07 am Done!!
26/5/2025 11:57:07 am Analyzing File: D:\XRFix\dataset_collection\overall\VR-AR-Game\Game\Assets\Low-Poly Medieval Market\Models.meta
26/5/2025 11:57:07 am Data Extracted!
26/5/2025 11:57:07 am Saving Results...
26/5/2025 11:57:07 am Saving File: e537ab315894e604ea44fa21c67f45d9.json
26/5/2025 11:57:07 am Done!!
26/5/2025 11:57:07 am Analyzing File: D:\XRFix\dataset_collection\overall\VR-AR-Game\Game\Assets\Low-Poly Medieval Market\New Universal Render Pipeline Asset.asset.meta
26/5/2025 11:57:07 am Data Extracted!
26/5/2025 11:57:07 am Saving Results...
26/5/2025 11:57:07 am Saving File: 6b86efeef2fde4118a8a81b31cb49840.json
26/5/2025 11:57:07 am Done!!
26/5/2025 11:57:07 am Analyzing File: D:\XRFix\dataset_collection\overall\VR-AR-Game\Game\Assets\Low-Poly Medieval Market\New Universal Render Pipeline Asset_Renderer.asset.meta
26/5/2025 11:57:07 am Data Extracted!
26/5/2025 11:57:07 am Saving Results...
26/5/2025 11:57:07 am Saving File: df01b5c08bbc64c91bf6756b38bb0610.json
26/5/2025 11:57:07 am Done!!
26/5/2025 11:57:07 am Analyzing File: D:\XRFix\dataset_collection\overall\VR-AR-Game\Game\Assets\Low-Poly Medieval Market\Prefabs.meta
26/5/2025 11:57:07 am Data Extracted!
26/5/2025 11:57:07 am Saving Results...
26/5/2025 11:57:07 am Saving File: feba067cab574dc46aa4d47ea94c14ce.json
26/5/2025 11:57:07 am Done!!
26/5/2025 11:57:07 am Analyzing File: D:\XRFix\dataset_collection\overall\VR-AR-Game\Game\Assets\Low-Poly Medieval Market\Readme.meta
26/5/2025 11:57:07 am Data Extracted!
26/5/2025 11:57:07 am Saving Results...
26/5/2025 11:57:07 am Saving File: be46e4703781542e7864733b75606d6d.json
26/5/2025 11:57:07 am Done!!
26/5/2025 11:57:07 am Analyzing File: D:\XRFix\dataset_collection\overall\VR-AR-Game\Game\Assets\Low-Poly Medieval Market\Scenes.meta
26/5/2025 11:57:07 am Data Extracted!
26/5/2025 11:57:07 am Saving Results...
26/5/2025 11:57:07 am Saving File: 9c53962885c2c4f449125a979d6ad240.json
26/5/2025 11:57:07 am Done!!
26/5/2025 11:57:07 am Analyzing File: D:\XRFix\dataset_collection\overall\VR-AR-Game\Game\Assets\Low-Poly Medieval Market\Textures.meta
26/5/2025 11:57:07 am Data Extracted!
26/5/2025 11:57:07 am Saving Results...
26/5/2025 11:57:07 am Saving File: b0bcbb5526e34914ea314e2491ed05f3.json
26/5/2025 11:57:07 am Done!!
26/5/2025 11:57:07 am Analyzing File: D:\XRFix\dataset_collection\overall\VR-AR-Game\Game\Assets\Low-Poly Medieval Market\Models\apple_green.fbx.meta
26/5/2025 11:57:07 am Data Extracted!
26/5/2025 11:57:07 am Saving Results...
26/5/2025 11:57:07 am Saving File: 71c5647d13e97ec4c8f30cc729c99940.json
26/5/2025 11:57:07 am Done!!
26/5/2025 11:57:07 am Analyzing File: D:\XRFix\dataset_collection\overall\VR-AR-Game\Game\Assets\Low-Poly Medieval Market\Models\apple_red.fbx.meta
26/5/2025 11:57:07 am Data Extracted!
26/5/2025 11:57:07 am Saving Results...
26/5/2025 11:57:07 am Saving File: d28111219c4ac474a93442017c18267d.json
26/5/2025 11:57:07 am Done!!
26/5/2025 11:57:07 am Analyzing File: D:\XRFix\dataset_collection\overall\VR-AR-Game\Game\Assets\Low-Poly Medieval Market\Models\apple_yellow.fbx.meta
26/5/2025 11:57:07 am Data Extracted!
26/5/2025 11:57:07 am Saving Results...
26/5/2025 11:57:07 am Saving File: c7165ea75cf14034980f2cd37c14688c.json
26/5/2025 11:57:07 am Done!!
26/5/2025 11:57:07 am Analyzing File: D:\XRFix\dataset_collection\overall\VR-AR-Game\Game\Assets\Low-Poly Medieval Market\Models\average_meat.fbx.meta
26/5/2025 11:57:07 am Data Extracted!
26/5/2025 11:57:07 am Saving Results...
26/5/2025 11:57:07 am Saving File: f1e45e089509d8440a06755a320a2971.json
26/5/2025 11:57:07 am Done!!
26/5/2025 11:57:07 am Analyzing File: D:\XRFix\dataset_collection\overall\VR-AR-Game\Game\Assets\Low-Poly Medieval Market\Models\bag.fbx.meta
26/5/2025 11:57:07 am Data Extracted!
26/5/2025 11:57:07 am Saving Results...
26/5/2025 11:57:07 am Saving File: 891f9064dc32cd44799e77e28e889e92.json
26/5/2025 11:57:07 am Done!!
26/5/2025 11:57:07 am Analyzing File: D:\XRFix\dataset_collection\overall\VR-AR-Game\Game\Assets\Low-Poly Medieval Market\Models\bag_of_gold.fbx.meta
26/5/2025 11:57:07 am Data Extracted!
26/5/2025 11:57:07 am Saving Results...
26/5/2025 11:57:07 am Saving File: 7cb2c82d5615e92438e691aee458fe7c.json
26/5/2025 11:57:07 am Done!!
26/5/2025 11:57:07 am Analyzing File: D:\XRFix\dataset_collection\overall\VR-AR-Game\Game\Assets\Low-Poly Medieval Market\Models\bag_open.fbx.meta
26/5/2025 11:57:07 am Data Extracted!
26/5/2025 11:57:07 am Saving Results...
26/5/2025 11:57:07 am Saving File: 4066b69ead49d39438006f007286e158.json
26/5/2025 11:57:07 am Done!!
26/5/2025 11:57:07 am Analyzing File: D:\XRFix\dataset_collection\overall\VR-AR-Game\Game\Assets\Low-Poly Medieval Market\Models\BakeryMarket.fbx.meta
26/5/2025 11:57:07 am Data Extracted!
26/5/2025 11:57:07 am Saving Results...
26/5/2025 11:57:07 am Saving File: f1a4f1ed56833a94f91ff3bda647b175.json
26/5/2025 11:57:07 am Done!!
26/5/2025 11:57:07 am Analyzing File: D:\XRFix\dataset_collection\overall\VR-AR-Game\Game\Assets\Low-Poly Medieval Market\Models\banana.fbx.meta
26/5/2025 11:57:07 am Data Extracted!
26/5/2025 11:57:07 am Saving Results...
26/5/2025 11:57:07 am Saving File: c9cc7adf2c20bf143a97dd3f0ab2b1d7.json
26/5/2025 11:57:07 am Done!!
26/5/2025 11:57:07 am Analyzing File: D:\XRFix\dataset_collection\overall\VR-AR-Game\Game\Assets\Low-Poly Medieval Market\Models\banana_connector.fbx.meta
26/5/2025 11:57:07 am Data Extracted!
26/5/2025 11:57:07 am Saving Results...
26/5/2025 11:57:07 am Saving File: fc2afaebf3afa3142ab237e09bf98ea3.json
26/5/2025 11:57:07 am Done!!
26/5/2025 11:57:07 am Analyzing File: D:\XRFix\dataset_collection\overall\VR-AR-Game\Game\Assets\Low-Poly Medieval Market\Models\basket_01.fbx.meta
26/5/2025 11:57:07 am Data Extracted!
26/5/2025 11:57:07 am Saving Results...
26/5/2025 11:57:07 am Saving File: 1dc7b4bc1048fad489f347a56acaa198.json
26/5/2025 11:57:07 am Done!!
26/5/2025 11:57:07 am Analyzing File: D:\XRFix\dataset_collection\overall\VR-AR-Game\Game\Assets\Low-Poly Medieval Market\Models\basket_02.fbx.meta
26/5/2025 11:57:07 am Data Extracted!
26/5/2025 11:57:07 am Saving Results...
26/5/2025 11:57:07 am Saving File: 5eb91d3ec6773934185f75b231bccc4b.json
26/5/2025 11:57:07 am Done!!
26/5/2025 11:57:07 am Analyzing File: D:\XRFix\dataset_collection\overall\VR-AR-Game\Game\Assets\Low-Poly Medieval Market\Models\beet.fbx.meta
26/5/2025 11:57:07 am Data Extracted!
26/5/2025 11:57:07 am Saving Results...
26/5/2025 11:57:07 am Saving File: e30b7966333f8454188c9463d54e0f53.json
26/5/2025 11:57:07 am Done!!
26/5/2025 11:57:07 am Analyzing File: D:\XRFix\dataset_collection\overall\VR-AR-Game\Game\Assets\Low-Poly Medieval Market\Models\big_meat.fbx.meta
26/5/2025 11:57:07 am Data Extracted!
26/5/2025 11:57:07 am Saving Results...
26/5/2025 11:57:07 am Saving File: d921181b5cb1d034c9eb98d36bb0d399.json
26/5/2025 11:57:07 am Done!!
26/5/2025 11:57:07 am Analyzing File: D:\XRFix\dataset_collection\overall\VR-AR-Game\Game\Assets\Low-Poly Medieval Market\Models\bush_01.fbx.meta
26/5/2025 11:57:07 am Data Extracted!
26/5/2025 11:57:07 am Saving Results...
26/5/2025 11:57:07 am Saving File: e88624b56a90dbf4f932e2c18f209cf5.json
26/5/2025 11:57:07 am Done!!
26/5/2025 11:57:07 am Analyzing File: D:\XRFix\dataset_collection\overall\VR-AR-Game\Game\Assets\Low-Poly Medieval Market\Models\bush_02.fbx.meta
26/5/2025 11:57:07 am Data Extracted!
26/5/2025 11:57:07 am Saving Results...
26/5/2025 11:57:07 am Saving File: 604951a509df52c4083bf27b952bb671.json
26/5/2025 11:57:07 am Done!!
26/5/2025 11:57:07 am Analyzing File: D:\XRFix\dataset_collection\overall\VR-AR-Game\Game\Assets\Low-Poly Medieval Market\Models\cake.fbx.meta
26/5/2025 11:57:07 am Data Extracted!
26/5/2025 11:57:07 am Saving Results...
26/5/2025 11:57:07 am Saving File: 28db122164d8d124880cf082764f7d53.json
26/5/2025 11:57:07 am Done!!
26/5/2025 11:57:07 am Analyzing File: D:\XRFix\dataset_collection\overall\VR-AR-Game\Game\Assets\Low-Poly Medieval Market\Models\candy_jar.fbx.meta
26/5/2025 11:57:07 am Data Extracted!
26/5/2025 11:57:07 am Saving Results...
26/5/2025 11:57:07 am Saving File: 103b6a81c9f62a54ca2a3694e37e8029.json
26/5/2025 11:57:07 am Done!!
26/5/2025 11:57:07 am Analyzing File: D:\XRFix\dataset_collection\overall\VR-AR-Game\Game\Assets\Low-Poly Medieval Market\Models\carrot.fbx.meta
26/5/2025 11:57:07 am Data Extracted!
26/5/2025 11:57:07 am Saving Results...
26/5/2025 11:57:07 am Saving File: e24a8827498d3bb4b932c15208dcab04.json
26/5/2025 11:57:07 am Done!!
26/5/2025 11:57:07 am Analyzing File: D:\XRFix\dataset_collection\overall\VR-AR-Game\Game\Assets\Low-Poly Medieval Market\Models\cleaver.fbx.meta
26/5/2025 11:57:07 am Data Extracted!
26/5/2025 11:57:07 am Saving Results...
26/5/2025 11:57:07 am Saving File: 11d829bc1ba93ec44adfa3c29fcfef5f.json
26/5/2025 11:57:07 am Done!!
26/5/2025 11:57:07 am Analyzing File: D:\XRFix\dataset_collection\overall\VR-AR-Game\Game\Assets\Low-Poly Medieval Market\Models\coin.fbx.meta
26/5/2025 11:57:07 am Data Extracted!
26/5/2025 11:57:07 am Saving Results...
26/5/2025 11:57:07 am Saving File: 811e0fd5b521204478f4c03144cf78d7.json
26/5/2025 11:57:07 am Done!!
26/5/2025 11:57:07 am Analyzing File: D:\XRFix\dataset_collection\overall\VR-AR-Game\Game\Assets\Low-Poly Medieval Market\Models\coins.fbx.meta
26/5/2025 11:57:07 am Data Extracted!
26/5/2025 11:57:07 am Saving Results...
26/5/2025 11:57:07 am Saving File: 5c0694d20b2eb2a468ab8467d1e2d54b.json
26/5/2025 11:57:07 am Done!!
26/5/2025 11:57:07 am Analyzing File: D:\XRFix\dataset_collection\overall\VR-AR-Game\Game\Assets\Low-Poly Medieval Market\Models\cookie.fbx.meta
26/5/2025 11:57:07 am Data Extracted!
26/5/2025 11:57:07 am Saving Results...
26/5/2025 11:57:07 am Saving File: 7a124a28803e38547aac4126f9b08bc1.json
26/5/2025 11:57:07 am Done!!
26/5/2025 11:57:07 am Analyzing File: D:\XRFix\dataset_collection\overall\VR-AR-Game\Game\Assets\Low-Poly Medieval Market\Models\cucumber.fbx.meta
26/5/2025 11:57:07 am Data Extracted!
26/5/2025 11:57:07 am Saving Results...
26/5/2025 11:57:07 am Saving File: 206b207c2f8e5df49ab6e6c65d399a08.json
26/5/2025 11:57:07 am Done!!
26/5/2025 11:57:07 am Analyzing File: D:\XRFix\dataset_collection\overall\VR-AR-Game\Game\Assets\Low-Poly Medieval Market\Models\cutting_board.fbx.meta
26/5/2025 11:57:07 am Data Extracted!
26/5/2025 11:57:07 am Saving Results...
26/5/2025 11:57:07 am Saving File: fd6f7e8a4cd9ff94c907f5fe41e4a87f.json
26/5/2025 11:57:07 am Done!!
26/5/2025 11:57:07 am Analyzing File: D:\XRFix\dataset_collection\overall\VR-AR-Game\Game\Assets\Low-Poly Medieval Market\Models\cutting_board_01.fbx.meta
26/5/2025 11:57:07 am Data Extracted!
26/5/2025 11:57:07 am Saving Results...
26/5/2025 11:57:07 am Saving File: 18f2bab3ad19fb24c82437fdf99385ff.json
26/5/2025 11:57:07 am Done!!
26/5/2025 11:57:07 am Analyzing File: D:\XRFix\dataset_collection\overall\VR-AR-Game\Game\Assets\Low-Poly Medieval Market\Models\eggplant.fbx.meta
26/5/2025 11:57:07 am Data Extracted!
26/5/2025 11:57:07 am Saving Results...
26/5/2025 11:57:07 am Saving File: 15cfcb71328198d4d9400022e3013292.json
26/5/2025 11:57:07 am Done!!
26/5/2025 11:57:07 am Analyzing File: D:\XRFix\dataset_collection\overall\VR-AR-Game\Game\Assets\Low-Poly Medieval Market\Models\egg_brown.fbx.meta
26/5/2025 11:57:07 am Data Extracted!
26/5/2025 11:57:07 am Saving Results...
26/5/2025 11:57:07 am Saving File: 4fdd31f04f1abfa499e3467943c426fc.json
26/5/2025 11:57:07 am Done!!
26/5/2025 11:57:07 am Analyzing File: D:\XRFix\dataset_collection\overall\VR-AR-Game\Game\Assets\Low-Poly Medieval Market\Models\egg_white.fbx.meta
26/5/2025 11:57:07 am Data Extracted!
26/5/2025 11:57:07 am Saving Results...
26/5/2025 11:57:07 am Saving File: 92529b3f7b4d2094faf19b093b491f39.json
26/5/2025 11:57:07 am Done!!
26/5/2025 11:57:07 am Analyzing File: D:\XRFix\dataset_collection\overall\VR-AR-Game\Game\Assets\Low-Poly Medieval Market\Models\FBX Weapon market.meta
26/5/2025 11:57:07 am Data Extracted!
26/5/2025 11:57:07 am Saving Results...
26/5/2025 11:57:07 am Saving File: bf2500a76bbc5fb4cb88ffb413a76d61.json
26/5/2025 11:57:07 am Done!!
26/5/2025 11:57:07 am Analyzing File: D:\XRFix\dataset_collection\overall\VR-AR-Game\Game\Assets\Low-Poly Medieval Market\Models\fish.fbx.meta
26/5/2025 11:57:07 am Data Extracted!
26/5/2025 11:57:07 am Saving Results...
26/5/2025 11:57:07 am Saving File: 3763a610870991740befe42354bfeb4a.json
26/5/2025 11:57:07 am Done!!
26/5/2025 11:57:07 am Analyzing File: D:\XRFix\dataset_collection\overall\VR-AR-Game\Game\Assets\Low-Poly Medieval Market\Models\fishing_rod.fbx.meta
26/5/2025 11:57:07 am Data Extracted!
26/5/2025 11:57:07 am Saving Results...
26/5/2025 11:57:07 am Saving File: 095c7254214cf304ea29b3561adb1351.json
26/5/2025 11:57:07 am Done!!
26/5/2025 11:57:07 am Analyzing File: D:\XRFix\dataset_collection\overall\VR-AR-Game\Game\Assets\Low-Poly Medieval Market\Models\fish_knife.fbx.meta
26/5/2025 11:57:07 am Data Extracted!
26/5/2025 11:57:07 am Saving Results...
26/5/2025 11:57:07 am Saving File: 5a9e23f42291e67438599b4894a7bcd0.json
26/5/2025 11:57:07 am Done!!
26/5/2025 11:57:07 am Analyzing File: D:\XRFix\dataset_collection\overall\VR-AR-Game\Game\Assets\Low-Poly Medieval Market\Models\fish_market.fbx.meta
26/5/2025 11:57:07 am Data Extracted!
26/5/2025 11:57:07 am Saving Results...
26/5/2025 11:57:07 am Saving File: b7e179b894b78ba479ebf74e790e8a7a.json
26/5/2025 11:57:07 am Done!!
26/5/2025 11:57:07 am Analyzing File: D:\XRFix\dataset_collection\overall\VR-AR-Game\Game\Assets\Low-Poly Medieval Market\Models\fish_twisted_01.fbx.meta
26/5/2025 11:57:07 am Data Extracted!
26/5/2025 11:57:07 am Saving Results...
26/5/2025 11:57:07 am Saving File: f18dbc5e2d5cf7445a5eb39f6a7d3458.json
26/5/2025 11:57:07 am Done!!
26/5/2025 11:57:07 am Analyzing File: D:\XRFix\dataset_collection\overall\VR-AR-Game\Game\Assets\Low-Poly Medieval Market\Models\fish_twisted_02.fbx.meta
26/5/2025 11:57:07 am Data Extracted!
26/5/2025 11:57:07 am Saving Results...
26/5/2025 11:57:07 am Saving File: 0a62bce1346018845bf6f3b6c3115cdc.json
26/5/2025 11:57:07 am Done!!
26/5/2025 11:57:07 am Analyzing File: D:\XRFix\dataset_collection\overall\VR-AR-Game\Game\Assets\Low-Poly Medieval Market\Models\grass_01.fbx.meta
26/5/2025 11:57:07 am Data Extracted!
26/5/2025 11:57:07 am Saving Results...
26/5/2025 11:57:07 am Saving File: 58ef67edf27efe348953308529eaced2.json
26/5/2025 11:57:07 am Done!!
26/5/2025 11:57:07 am Analyzing File: D:\XRFix\dataset_collection\overall\VR-AR-Game\Game\Assets\Low-Poly Medieval Market\Models\grass_02.fbx.meta
26/5/2025 11:57:07 am Data Extracted!
26/5/2025 11:57:07 am Saving Results...
26/5/2025 11:57:07 am Saving File: cb029d78bdbe3f04e81a7eb0ee858b03.json
26/5/2025 11:57:07 am Done!!
26/5/2025 11:57:07 am Analyzing File: D:\XRFix\dataset_collection\overall\VR-AR-Game\Game\Assets\Low-Poly Medieval Market\Models\grass_03.fbx.meta
26/5/2025 11:57:07 am Data Extracted!
26/5/2025 11:57:07 am Saving Results...
26/5/2025 11:57:07 am Saving File: bece97dd7e0a6d2498db3387b559641c.json
26/5/2025 11:57:07 am Done!!
26/5/2025 11:57:07 am Analyzing File: D:\XRFix\dataset_collection\overall\VR-AR-Game\Game\Assets\Low-Poly Medieval Market\Models\Island.fbx.meta
26/5/2025 11:57:07 am Data Extracted!
26/5/2025 11:57:07 am Saving Results...
26/5/2025 11:57:07 am Saving File: f3d740d7f7cf3344bb43277317687763.json
26/5/2025 11:57:07 am Done!!
26/5/2025 11:57:07 am Analyzing File: D:\XRFix\dataset_collection\overall\VR-AR-Game\Game\Assets\Low-Poly Medieval Market\Models\lamp_post.fbx.meta
26/5/2025 11:57:07 am Data Extracted!
26/5/2025 11:57:07 am Saving Results...
26/5/2025 11:57:07 am Saving File: 4e392ec6d15022a47bebb3f4d7c69204.json
26/5/2025 11:57:07 am Done!!
26/5/2025 11:57:07 am Analyzing File: D:\XRFix\dataset_collection\overall\VR-AR-Game\Game\Assets\Low-Poly Medieval Market\Models\Latern.fbx.meta
26/5/2025 11:57:07 am Data Extracted!
26/5/2025 11:57:07 am Saving Results...
26/5/2025 11:57:07 am Saving File: 820b6cbbd9088ec4e94caaba7cdefe1a.json
26/5/2025 11:57:07 am Done!!
26/5/2025 11:57:07 am Analyzing File: D:\XRFix\dataset_collection\overall\VR-AR-Game\Game\Assets\Low-Poly Medieval Market\Models\leather_dressing_frame.fbx.meta
26/5/2025 11:57:07 am Data Extracted!
26/5/2025 11:57:07 am Saving Results...
26/5/2025 11:57:07 am Saving File: 25c02d141ccf858419e7e6f088bc206e.json
26/5/2025 11:57:07 am Done!!
26/5/2025 11:57:07 am Analyzing File: D:\XRFix\dataset_collection\overall\VR-AR-Game\Game\Assets\Low-Poly Medieval Market\Models\long_loaf.fbx.meta
26/5/2025 11:57:07 am Data Extracted!
26/5/2025 11:57:07 am Saving Results...
26/5/2025 11:57:07 am Saving File: 0dfb12300f720f84eb3c7e6b6055ad35.json
26/5/2025 11:57:07 am Done!!
26/5/2025 11:57:07 am Analyzing File: D:\XRFix\dataset_collection\overall\VR-AR-Game\Game\Assets\Low-Poly Medieval Market\Models\MeatMarket.fbx.meta
26/5/2025 11:57:07 am Data Extracted!
26/5/2025 11:57:07 am Saving Results...
26/5/2025 11:57:07 am Saving File: 0700a42fbc0a521408ec16b855ecc14b.json
26/5/2025 11:57:07 am Done!!
26/5/2025 11:57:07 am Analyzing File: D:\XRFix\dataset_collection\overall\VR-AR-Game\Game\Assets\Low-Poly Medieval Market\Models\meat_hanger.fbx.meta
26/5/2025 11:57:07 am Data Extracted!
26/5/2025 11:57:07 am Saving Results...
26/5/2025 11:57:07 am Saving File: bfd8f19bd5e0ce344ac875e42aa3678c.json
26/5/2025 11:57:07 am Done!!
26/5/2025 11:57:07 am Analyzing File: D:\XRFix\dataset_collection\overall\VR-AR-Game\Game\Assets\Low-Poly Medieval Market\Models\meat_with_bone.fbx.meta
26/5/2025 11:57:07 am Data Extracted!
26/5/2025 11:57:07 am Saving Results...
26/5/2025 11:57:07 am Saving File: 95a872cede847f043b611305167ec3dd.json
26/5/2025 11:57:07 am Done!!
26/5/2025 11:57:07 am Analyzing File: D:\XRFix\dataset_collection\overall\VR-AR-Game\Game\Assets\Low-Poly Medieval Market\Models\onion.fbx.meta
26/5/2025 11:57:07 am Data Extracted!
26/5/2025 11:57:07 am Saving Results...
26/5/2025 11:57:07 am Saving File: b4660fe11ffa2304c828a4677b6fe0a1.json
26/5/2025 11:57:07 am Done!!
26/5/2025 11:57:07 am Analyzing File: D:\XRFix\dataset_collection\overall\VR-AR-Game\Game\Assets\Low-Poly Medieval Market\Models\pastry.fbx.meta
26/5/2025 11:57:07 am Data Extracted!
26/5/2025 11:57:07 am Saving Results...
26/5/2025 11:57:07 am Saving File: 0beffb5271d8f24449893df9714c08b6.json
26/5/2025 11:57:07 am Done!!
26/5/2025 11:57:07 am Analyzing File: D:\XRFix\dataset_collection\overall\VR-AR-Game\Game\Assets\Low-Poly Medieval Market\Models\pie.fbx.meta
26/5/2025 11:57:07 am Data Extracted!
26/5/2025 11:57:07 am Saving Results...
26/5/2025 11:57:07 am Saving File: c7a7cfb53396e2840a06c8afe722a282.json
26/5/2025 11:57:07 am Done!!
26/5/2025 11:57:07 am Analyzing File: D:\XRFix\dataset_collection\overall\VR-AR-Game\Game\Assets\Low-Poly Medieval Market\Models\piece_of_cheese.fbx.meta
26/5/2025 11:57:07 am Data Extracted!
26/5/2025 11:57:07 am Saving Results...
26/5/2025 11:57:07 am Saving File: 03b5bd5f46b4e1a4f91a5e7648fb0dbf.json
26/5/2025 11:57:07 am Done!!
26/5/2025 11:57:07 am Analyzing File: D:\XRFix\dataset_collection\overall\VR-AR-Game\Game\Assets\Low-Poly Medieval Market\Models\pinch_of_flour.fbx.meta
26/5/2025 11:57:07 am Data Extracted!
26/5/2025 11:57:07 am Saving Results...
26/5/2025 11:57:07 am Saving File: 6776ea93397693b4fae5de70fc3312da.json
26/5/2025 11:57:07 am Done!!
26/5/2025 11:57:07 am Analyzing File: D:\XRFix\dataset_collection\overall\VR-AR-Game\Game\Assets\Low-Poly Medieval Market\Models\potato.fbx.meta
26/5/2025 11:57:07 am Data Extracted!
26/5/2025 11:57:07 am Saving Results...
26/5/2025 11:57:07 am Saving File: 5616f010a47c9c94baf783bf4686dad4.json
26/5/2025 11:57:07 am Done!!
26/5/2025 11:57:07 am Analyzing File: D:\XRFix\dataset_collection\overall\VR-AR-Game\Game\Assets\Low-Poly Medieval Market\Models\pretzel.fbx.meta
26/5/2025 11:57:07 am Data Extracted!
26/5/2025 11:57:07 am Saving Results...
26/5/2025 11:57:07 am Saving File: f93f3f7071c58e94e8616a61b8ccb73b.json
26/5/2025 11:57:07 am Done!!
26/5/2025 11:57:07 am Analyzing File: D:\XRFix\dataset_collection\overall\VR-AR-Game\Game\Assets\Low-Poly Medieval Market\Models\rag.fbx.meta
26/5/2025 11:57:07 am Data Extracted!
26/5/2025 11:57:07 am Saving Results...
26/5/2025 11:57:07 am Saving File: 6866ebb83c09d0849ade44c49a23b726.json
26/5/2025 11:57:07 am Done!!
26/5/2025 11:57:07 am Analyzing File: D:\XRFix\dataset_collection\overall\VR-AR-Game\Game\Assets\Low-Poly Medieval Market\Models\round_bread.fbx.meta
26/5/2025 11:57:07 am Data Extracted!
26/5/2025 11:57:07 am Saving Results...
26/5/2025 11:57:07 am Saving File: dd890c06263fdbe47be82693915f1a70.json
26/5/2025 11:57:07 am Done!!
26/5/2025 11:57:07 am Analyzing File: D:\XRFix\dataset_collection\overall\VR-AR-Game\Game\Assets\Low-Poly Medieval Market\Models\round_cheese.fbx.meta
26/5/2025 11:57:07 am Data Extracted!
26/5/2025 11:57:07 am Saving Results...
26/5/2025 11:57:07 am Saving File: d320db67a194e4149bb4d75d749a92b8.json
26/5/2025 11:57:07 am Done!!
26/5/2025 11:57:07 am Analyzing File: D:\XRFix\dataset_collection\overall\VR-AR-Game\Game\Assets\Low-Poly Medieval Market\Models\sausages_hanging.fbx.meta
26/5/2025 11:57:07 am Data Extracted!
26/5/2025 11:57:07 am Saving Results...
26/5/2025 11:57:07 am Saving File: 39cbdc68e5700224aa233c72e7def9cc.json
26/5/2025 11:57:07 am Done!!
26/5/2025 11:57:07 am Analyzing File: D:\XRFix\dataset_collection\overall\VR-AR-Game\Game\Assets\Low-Poly Medieval Market\Models\sausage_on_surface.fbx.meta
26/5/2025 11:57:07 am Data Extracted!
26/5/2025 11:57:07 am Saving Results...
26/5/2025 11:57:07 am Saving File: f531e0e193cd45642aa6127adc0b5b2d.json
26/5/2025 11:57:07 am Done!!
26/5/2025 11:57:07 am Analyzing File: D:\XRFix\dataset_collection\overall\VR-AR-Game\Game\Assets\Low-Poly Medieval Market\Models\section_01.fbx.meta
26/5/2025 11:57:07 am Data Extracted!
26/5/2025 11:57:07 am Saving Results...
26/5/2025 11:57:07 am Saving File: 3f7264317de665d42975f9ae4905d2d7.json
26/5/2025 11:57:07 am Done!!
26/5/2025 11:57:07 am Analyzing File: D:\XRFix\dataset_collection\overall\VR-AR-Game\Game\Assets\Low-Poly Medieval Market\Models\section_02.fbx.meta
26/5/2025 11:57:07 am Data Extracted!
26/5/2025 11:57:07 am Saving Results...
26/5/2025 11:57:07 am Saving File: 5a7ced3fa5d616349b80fd0a2e4fbca8.json
26/5/2025 11:57:07 am Done!!
26/5/2025 11:57:07 am Analyzing File: D:\XRFix\dataset_collection\overall\VR-AR-Game\Game\Assets\Low-Poly Medieval Market\Models\section_03.fbx.meta
26/5/2025 11:57:07 am Data Extracted!
26/5/2025 11:57:07 am Saving Results...
26/5/2025 11:57:07 am Saving File: ed8102e1c7df3c648b958df65f36a6e0.json
26/5/2025 11:57:07 am Done!!
26/5/2025 11:57:07 am Analyzing File: D:\XRFix\dataset_collection\overall\VR-AR-Game\Game\Assets\Low-Poly Medieval Market\Models\section_04.fbx.meta
26/5/2025 11:57:07 am Data Extracted!
26/5/2025 11:57:07 am Saving Results...
26/5/2025 11:57:07 am Saving File: 03295be368e52954e972393b2dc55cc9.json
26/5/2025 11:57:07 am Done!!
26/5/2025 11:57:07 am Analyzing File: D:\XRFix\dataset_collection\overall\VR-AR-Game\Game\Assets\Low-Poly Medieval Market\Models\section_05.fbx.meta
26/5/2025 11:57:07 am Data Extracted!
26/5/2025 11:57:07 am Saving Results...
26/5/2025 11:57:07 am Saving File: 922abc859ae21c644b986b660374633c.json
26/5/2025 11:57:07 am Done!!
26/5/2025 11:57:07 am Analyzing File: D:\XRFix\dataset_collection\overall\VR-AR-Game\Game\Assets\Low-Poly Medieval Market\Models\small_meat.fbx.meta
26/5/2025 11:57:07 am Data Extracted!
26/5/2025 11:57:07 am Saving Results...
26/5/2025 11:57:07 am Saving File: 9af4d627b9eb31741bc76d7bde048ac9.json
26/5/2025 11:57:07 am Done!!
26/5/2025 11:57:07 am Analyzing File: D:\XRFix\dataset_collection\overall\VR-AR-Game\Game\Assets\Low-Poly Medieval Market\Models\stone_fence_01.fbx.meta
26/5/2025 11:57:07 am Data Extracted!
26/5/2025 11:57:07 am Saving Results...
26/5/2025 11:57:07 am Saving File: 76720c48bd762e840b89a7f55e2e238d.json
26/5/2025 11:57:07 am Done!!
26/5/2025 11:57:07 am Analyzing File: D:\XRFix\dataset_collection\overall\VR-AR-Game\Game\Assets\Low-Poly Medieval Market\Models\stone_fence_02.fbx.meta
26/5/2025 11:57:07 am Data Extracted!
26/5/2025 11:57:07 am Saving Results...
26/5/2025 11:57:07 am Saving File: fb1a94648bbde3b4aa235b2722ee7582.json
26/5/2025 11:57:07 am Done!!
26/5/2025 11:57:07 am Analyzing File: D:\XRFix\dataset_collection\overall\VR-AR-Game\Game\Assets\Low-Poly Medieval Market\Models\stone_fence_03.fbx.meta
26/5/2025 11:57:07 am Data Extracted!
26/5/2025 11:57:07 am Saving Results...
26/5/2025 11:57:07 am Saving File: ced8328dcd6ff85449e524474b164944.json
26/5/2025 11:57:07 am Done!!
26/5/2025 11:57:07 am Analyzing File: D:\XRFix\dataset_collection\overall\VR-AR-Game\Game\Assets\Low-Poly Medieval Market\Models\stone_pillar.fbx.meta
26/5/2025 11:57:07 am Data Extracted!
26/5/2025 11:57:07 am Saving Results...
26/5/2025 11:57:07 am Saving File: 547918b602e9a664f8bbed6998006b60.json
26/5/2025 11:57:07 am Done!!
26/5/2025 11:57:07 am Analyzing File: D:\XRFix\dataset_collection\overall\VR-AR-Game\Game\Assets\Low-Poly Medieval Market\Models\swordfish.fbx.meta
26/5/2025 11:57:07 am Data Extracted!
26/5/2025 11:57:07 am Saving Results...
26/5/2025 11:57:07 am Saving File: 216af29fb8329d948aacd9ef677bee72.json
26/5/2025 11:57:07 am Done!!
26/5/2025 11:57:07 am Analyzing File: D:\XRFix\dataset_collection\overall\VR-AR-Game\Game\Assets\Low-Poly Medieval Market\Models\table_01.fbx.meta
26/5/2025 11:57:07 am Data Extracted!
26/5/2025 11:57:07 am Saving Results...
26/5/2025 11:57:07 am Saving File: 9132b2a44c0e3684a92c1c63cc400b39.json
26/5/2025 11:57:07 am Done!!
26/5/2025 11:57:07 am Analyzing File: D:\XRFix\dataset_collection\overall\VR-AR-Game\Game\Assets\Low-Poly Medieval Market\Models\table_02.fbx.meta
26/5/2025 11:57:07 am Data Extracted!
26/5/2025 11:57:07 am Saving Results...
26/5/2025 11:57:07 am Saving File: 4b5b6ea53349d4c4bb5850ba8d38beed.json
26/5/2025 11:57:07 am Done!!
26/5/2025 11:57:07 am Analyzing File: D:\XRFix\dataset_collection\overall\VR-AR-Game\Game\Assets\Low-Poly Medieval Market\Models\tomato.fbx.meta
26/5/2025 11:57:07 am Data Extracted!
26/5/2025 11:57:07 am Saving Results...
26/5/2025 11:57:07 am Saving File: ff67b2d0df360374eadb902749e92c49.json
26/5/2025 11:57:07 am Done!!
26/5/2025 11:57:07 am Analyzing File: D:\XRFix\dataset_collection\overall\VR-AR-Game\Game\Assets\Low-Poly Medieval Market\Models\trailway_01.fbx.meta
26/5/2025 11:57:07 am Data Extracted!
26/5/2025 11:57:07 am Saving Results...
26/5/2025 11:57:07 am Saving File: 92535f89550383d4e86cfed994c1a88b.json
26/5/2025 11:57:07 am Done!!
26/5/2025 11:57:07 am Analyzing File: D:\XRFix\dataset_collection\overall\VR-AR-Game\Game\Assets\Low-Poly Medieval Market\Models\trailway_02.fbx.meta
26/5/2025 11:57:07 am Data Extracted!
26/5/2025 11:57:07 am Saving Results...
26/5/2025 11:57:07 am Saving File: 617568d1c23d5b04cbc73bd5dce482fd.json
26/5/2025 11:57:07 am Done!!
26/5/2025 11:57:07 am Analyzing File: D:\XRFix\dataset_collection\overall\VR-AR-Game\Game\Assets\Low-Poly Medieval Market\Models\trailway_03.fbx.meta
26/5/2025 11:57:07 am Data Extracted!
26/5/2025 11:57:07 am Saving Results...
26/5/2025 11:57:07 am Saving File: 1a1dfac4adfe4f946ae6af5431db1088.json
26/5/2025 11:57:07 am Done!!
26/5/2025 11:57:07 am Analyzing File: D:\XRFix\dataset_collection\overall\VR-AR-Game\Game\Assets\Low-Poly Medieval Market\Models\tree_01.fbx.meta
26/5/2025 11:57:07 am Data Extracted!
26/5/2025 11:57:07 am Saving Results...
26/5/2025 11:57:07 am Saving File: 0dbb60be9e747ea42b464805cc0f9586.json
26/5/2025 11:57:07 am Done!!
26/5/2025 11:57:07 am Analyzing File: D:\XRFix\dataset_collection\overall\VR-AR-Game\Game\Assets\Low-Poly Medieval Market\Models\tree_02.fbx.meta
26/5/2025 11:57:07 am Data Extracted!
26/5/2025 11:57:07 am Saving Results...
26/5/2025 11:57:07 am Saving File: aeeaf9597360c8848b7be23b6bf7f7cb.json
26/5/2025 11:57:07 am Done!!
26/5/2025 11:57:07 am Analyzing File: D:\XRFix\dataset_collection\overall\VR-AR-Game\Game\Assets\Low-Poly Medieval Market\Models\tree_03.fbx.meta
26/5/2025 11:57:07 am Data Extracted!
26/5/2025 11:57:07 am Saving Results...
26/5/2025 11:57:07 am Saving File: ce34fbf2a59d2854e8d9207554ecb954.json
26/5/2025 11:57:07 am Done!!
26/5/2025 11:57:07 am Analyzing File: D:\XRFix\dataset_collection\overall\VR-AR-Game\Game\Assets\Low-Poly Medieval Market\Models\VegetableMarket.fbx.meta
26/5/2025 11:57:07 am Data Extracted!
26/5/2025 11:57:07 am Saving Results...
26/5/2025 11:57:07 am Saving File: 32048deacc81dee48a7299bd7db7229e.json
26/5/2025 11:57:07 am Done!!
26/5/2025 11:57:07 am Analyzing File: D:\XRFix\dataset_collection\overall\VR-AR-Game\Game\Assets\Low-Poly Medieval Market\Models\watermelon.fbx.meta
26/5/2025 11:57:07 am Data Extracted!
26/5/2025 11:57:07 am Saving Results...
26/5/2025 11:57:07 am Saving File: b0873d9f04f71674e807916cdf3c359a.json
26/5/2025 11:57:08 am Done!!
26/5/2025 11:57:08 am Analyzing File: D:\XRFix\dataset_collection\overall\VR-AR-Game\Game\Assets\Low-Poly Medieval Market\Models\wicker_bottle.fbx.meta
26/5/2025 11:57:08 am Data Extracted!
26/5/2025 11:57:08 am Saving Results...
26/5/2025 11:57:08 am Saving File: 8f321f9a71dbf58429842368f887ee1a.json
26/5/2025 11:57:08 am Done!!
26/5/2025 11:57:08 am Analyzing File: D:\XRFix\dataset_collection\overall\VR-AR-Game\Game\Assets\Low-Poly Medieval Market\Models\wooden_basin.fbx.meta
26/5/2025 11:57:08 am Data Extracted!
26/5/2025 11:57:08 am Saving Results...
26/5/2025 11:57:08 am Saving File: 69cb0724f0074d840bb7e3c80fabb4ca.json
26/5/2025 11:57:08 am Done!!
26/5/2025 11:57:08 am Analyzing File: D:\XRFix\dataset_collection\overall\VR-AR-Game\Game\Assets\Low-Poly Medieval Market\Models\wooden_bowl_01.fbx.meta
26/5/2025 11:57:08 am Data Extracted!
26/5/2025 11:57:08 am Saving Results...
26/5/2025 11:57:08 am Saving File: ef23afffcf505bc43a7557309717c1f8.json
26/5/2025 11:57:08 am Done!!
26/5/2025 11:57:08 am Analyzing File: D:\XRFix\dataset_collection\overall\VR-AR-Game\Game\Assets\Low-Poly Medieval Market\Models\wooden_bowl_02.fbx.meta
26/5/2025 11:57:08 am Data Extracted!
26/5/2025 11:57:08 am Saving Results...
26/5/2025 11:57:08 am Saving File: b39a0e71668003e45a671a83393f0767.json
26/5/2025 11:57:08 am Done!!
26/5/2025 11:57:08 am Analyzing File: D:\XRFix\dataset_collection\overall\VR-AR-Game\Game\Assets\Low-Poly Medieval Market\Models\wooden_box.fbx.meta
26/5/2025 11:57:08 am Data Extracted!
26/5/2025 11:57:08 am Saving Results...
26/5/2025 11:57:08 am Saving File: b34f7c7f01bf0134fa973b0e0e80918d.json
26/5/2025 11:57:08 am Done!!
26/5/2025 11:57:08 am Analyzing File: D:\XRFix\dataset_collection\overall\VR-AR-Game\Game\Assets\Low-Poly Medieval Market\Models\wooden_box_destroyed.fbx.meta
26/5/2025 11:57:08 am Data Extracted!
26/5/2025 11:57:08 am Saving Results...
26/5/2025 11:57:08 am Saving File: 6f113b7979482754a96e262399ec698b.json
26/5/2025 11:57:08 am Done!!
26/5/2025 11:57:08 am Analyzing File: D:\XRFix\dataset_collection\overall\VR-AR-Game\Game\Assets\Low-Poly Medieval Market\Models\wooden_jar.fbx.meta
26/5/2025 11:57:08 am Data Extracted!
26/5/2025 11:57:08 am Saving Results...
26/5/2025 11:57:08 am Saving File: 2700e50a77a2d03439eeaa594d106219.json
26/5/2025 11:57:08 am Done!!
26/5/2025 11:57:08 am Analyzing File: D:\XRFix\dataset_collection\overall\VR-AR-Game\Game\Assets\Low-Poly Medieval Market\Models\FBX Weapon market\anvil.fbx.meta
26/5/2025 11:57:08 am Data Extracted!
26/5/2025 11:57:08 am Saving Results...
26/5/2025 11:57:08 am Saving File: 735d4dedf0f26a94e96246dd7fa66c01.json
26/5/2025 11:57:08 am Done!!
26/5/2025 11:57:08 am Analyzing File: D:\XRFix\dataset_collection\overall\VR-AR-Game\Game\Assets\Low-Poly Medieval Market\Models\FBX Weapon market\armor.fbx.meta
26/5/2025 11:57:08 am Data Extracted!
26/5/2025 11:57:08 am Saving Results...
26/5/2025 11:57:08 am Saving File: 1faa42e8152413b478ba3f56597e6e6c.json
26/5/2025 11:57:08 am Done!!
26/5/2025 11:57:08 am Analyzing File: D:\XRFix\dataset_collection\overall\VR-AR-Game\Game\Assets\Low-Poly Medieval Market\Models\FBX Weapon market\armor_gorget.fbx.meta
26/5/2025 11:57:08 am Data Extracted!
26/5/2025 11:57:08 am Saving Results...
26/5/2025 11:57:08 am Saving File: 133443e525b7d2044b8a1cc8894580f3.json
26/5/2025 11:57:08 am Done!!
26/5/2025 11:57:08 am Analyzing File: D:\XRFix\dataset_collection\overall\VR-AR-Game\Game\Assets\Low-Poly Medieval Market\Models\FBX Weapon market\armor_helmet.fbx.meta
26/5/2025 11:57:08 am Data Extracted!
26/5/2025 11:57:08 am Saving Results...
26/5/2025 11:57:08 am Saving File: a1aa7fd9efd838f4a867684d5ffcc611.json
26/5/2025 11:57:08 am Done!!
26/5/2025 11:57:08 am Analyzing File: D:\XRFix\dataset_collection\overall\VR-AR-Game\Game\Assets\Low-Poly Medieval Market\Models\FBX Weapon market\armor_shoulder_pad_left.fbx.meta
26/5/2025 11:57:08 am Data Extracted!
26/5/2025 11:57:08 am Saving Results...
26/5/2025 11:57:08 am Saving File: 44806fb2e265b4b41a2c0f0ec40d228b.json
26/5/2025 11:57:08 am Done!!
26/5/2025 11:57:08 am Analyzing File: D:\XRFix\dataset_collection\overall\VR-AR-Game\Game\Assets\Low-Poly Medieval Market\Models\FBX Weapon market\armor_shoulder_pad_right.fbx.meta
26/5/2025 11:57:08 am Data Extracted!
26/5/2025 11:57:08 am Saving Results...
26/5/2025 11:57:08 am Saving File: 4a2627a5b9f121f49bcecbaef4a9976b.json
26/5/2025 11:57:08 am Done!!
26/5/2025 11:57:08 am Analyzing File: D:\XRFix\dataset_collection\overall\VR-AR-Game\Game\Assets\Low-Poly Medieval Market\Models\FBX Weapon market\arrow.fbx.meta
26/5/2025 11:57:08 am Data Extracted!
26/5/2025 11:57:08 am Saving Results...
26/5/2025 11:57:08 am Saving File: 5cab68a22e51ff64088e8cd0e556ab8a.json
26/5/2025 11:57:08 am Done!!
26/5/2025 11:57:08 am Analyzing File: D:\XRFix\dataset_collection\overall\VR-AR-Game\Game\Assets\Low-Poly Medieval Market\Models\FBX Weapon market\axe.fbx.meta
26/5/2025 11:57:08 am Data Extracted!
26/5/2025 11:57:08 am Saving Results...
26/5/2025 11:57:08 am Saving File: 8ab5ed643d71db440a2338820ca4fa91.json
26/5/2025 11:57:08 am Done!!
26/5/2025 11:57:08 am Analyzing File: D:\XRFix\dataset_collection\overall\VR-AR-Game\Game\Assets\Low-Poly Medieval Market\Models\FBX Weapon market\blacksmith_hammer.fbx.meta
26/5/2025 11:57:08 am Data Extracted!
26/5/2025 11:57:08 am Saving Results...
26/5/2025 11:57:08 am Saving File: 08c36fd1bcfd64446a57573b7990d6ed.json
26/5/2025 11:57:08 am Done!!
26/5/2025 11:57:08 am Analyzing File: D:\XRFix\dataset_collection\overall\VR-AR-Game\Game\Assets\Low-Poly Medieval Market\Models\FBX Weapon market\crossbow.fbx.meta
26/5/2025 11:57:08 am Data Extracted!
26/5/2025 11:57:08 am Saving Results...
26/5/2025 11:57:08 am Saving File: 519d2ebaf824d1d4da5ddaac0ae66a5e.json
26/5/2025 11:57:08 am Done!!
26/5/2025 11:57:08 am Analyzing File: D:\XRFix\dataset_collection\overall\VR-AR-Game\Game\Assets\Low-Poly Medieval Market\Models\FBX Weapon market\crossbow_bolt.fbx.meta
26/5/2025 11:57:08 am Data Extracted!
26/5/2025 11:57:08 am Saving Results...
26/5/2025 11:57:08 am Saving File: 2e194c541af091940aca83e4ebfb7070.json
26/5/2025 11:57:08 am Done!!
26/5/2025 11:57:08 am Analyzing File: D:\XRFix\dataset_collection\overall\VR-AR-Game\Game\Assets\Low-Poly Medieval Market\Models\FBX Weapon market\curved_dagger.fbx.meta
26/5/2025 11:57:08 am Data Extracted!
26/5/2025 11:57:08 am Saving Results...
26/5/2025 11:57:08 am Saving File: f1a0421a7505c384d9b6402d189e3a3c.json
26/5/2025 11:57:08 am Done!!
26/5/2025 11:57:08 am Analyzing File: D:\XRFix\dataset_collection\overall\VR-AR-Game\Game\Assets\Low-Poly Medieval Market\Models\FBX Weapon market\dagger.fbx.meta
26/5/2025 11:57:08 am Data Extracted!
26/5/2025 11:57:08 am Saving Results...
26/5/2025 11:57:08 am Saving File: f00cac306a000f245b2ddf0e5f1bb8c2.json
26/5/2025 11:57:08 am Done!!
26/5/2025 11:57:08 am Analyzing File: D:\XRFix\dataset_collection\overall\VR-AR-Game\Game\Assets\Low-Poly Medieval Market\Models\FBX Weapon market\long_bow.fbx.meta
26/5/2025 11:57:08 am Data Extracted!
26/5/2025 11:57:08 am Saving Results...
26/5/2025 11:57:08 am Saving File: a74a6d75509166e4f8a37d3d294d3900.json
26/5/2025 11:57:08 am Done!!
26/5/2025 11:57:08 am Analyzing File: D:\XRFix\dataset_collection\overall\VR-AR-Game\Game\Assets\Low-Poly Medieval Market\Models\FBX Weapon market\mace.fbx.meta
26/5/2025 11:57:08 am Data Extracted!
26/5/2025 11:57:08 am Saving Results...
26/5/2025 11:57:08 am Saving File: dee91cc0ec8d6fa4d8e5ffb4ca109ed1.json
26/5/2025 11:57:08 am Done!!
26/5/2025 11:57:08 am Analyzing File: D:\XRFix\dataset_collection\overall\VR-AR-Game\Game\Assets\Low-Poly Medieval Market\Models\FBX Weapon market\maneken.fbx.meta
26/5/2025 11:57:08 am Data Extracted!
26/5/2025 11:57:08 am Saving Results...
26/5/2025 11:57:08 am Saving File: eb9ca50c76e3a994c88f03502ff873d0.json
26/5/2025 11:57:08 am Done!!
26/5/2025 11:57:08 am Analyzing File: D:\XRFix\dataset_collection\overall\VR-AR-Game\Game\Assets\Low-Poly Medieval Market\Models\FBX Weapon market\one_handed_sword.fbx.meta
26/5/2025 11:57:08 am Data Extracted!
26/5/2025 11:57:08 am Saving Results...
26/5/2025 11:57:08 am Saving File: 0530f663dd1e3804cb6037eb642d449e.json
26/5/2025 11:57:08 am Done!!
26/5/2025 11:57:08 am Analyzing File: D:\XRFix\dataset_collection\overall\VR-AR-Game\Game\Assets\Low-Poly Medieval Market\Models\FBX Weapon market\section_06.fbx.meta
26/5/2025 11:57:08 am Data Extracted!
26/5/2025 11:57:08 am Saving Results...
26/5/2025 11:57:08 am Saving File: 78ff8483b89c12341a30768d76a697f2.json
26/5/2025 11:57:08 am Done!!
26/5/2025 11:57:08 am Analyzing File: D:\XRFix\dataset_collection\overall\VR-AR-Game\Game\Assets\Low-Poly Medieval Market\Models\FBX Weapon market\shield_01.fbx.meta
26/5/2025 11:57:08 am Data Extracted!
26/5/2025 11:57:08 am Saving Results...
26/5/2025 11:57:08 am Saving File: 0e4398407680fda4c9ef81e02174b3c2.json
26/5/2025 11:57:08 am Done!!
26/5/2025 11:57:08 am Analyzing File: D:\XRFix\dataset_collection\overall\VR-AR-Game\Game\Assets\Low-Poly Medieval Market\Models\FBX Weapon market\shield_02.fbx.meta
26/5/2025 11:57:08 am Data Extracted!
26/5/2025 11:57:08 am Saving Results...
26/5/2025 11:57:08 am Saving File: 5dc97710549f712458a2b645bd43c48a.json
26/5/2025 11:57:08 am Done!!
26/5/2025 11:57:08 am Analyzing File: D:\XRFix\dataset_collection\overall\VR-AR-Game\Game\Assets\Low-Poly Medieval Market\Models\FBX Weapon market\short_bow.fbx.meta
26/5/2025 11:57:08 am Data Extracted!
26/5/2025 11:57:08 am Saving Results...
26/5/2025 11:57:08 am Saving File: 8d98494cbd2398549998270c4ef05c6d.json
26/5/2025 11:57:08 am Done!!
26/5/2025 11:57:08 am Analyzing File: D:\XRFix\dataset_collection\overall\VR-AR-Game\Game\Assets\Low-Poly Medieval Market\Models\FBX Weapon market\short_sword.fbx.meta
26/5/2025 11:57:08 am Data Extracted!
26/5/2025 11:57:08 am Saving Results...
26/5/2025 11:57:08 am Saving File: 50919361b0d329648bfad63c61dc4323.json
26/5/2025 11:57:08 am Done!!
26/5/2025 11:57:08 am Analyzing File: D:\XRFix\dataset_collection\overall\VR-AR-Game\Game\Assets\Low-Poly Medieval Market\Models\FBX Weapon market\spear.fbx.meta
26/5/2025 11:57:08 am Data Extracted!
26/5/2025 11:57:08 am Saving Results...
26/5/2025 11:57:08 am Saving File: 6c1f14ddf621b9b40a5a5f69f90404b5.json
26/5/2025 11:57:08 am Done!!
26/5/2025 11:57:08 am Analyzing File: D:\XRFix\dataset_collection\overall\VR-AR-Game\Game\Assets\Low-Poly Medieval Market\Models\FBX Weapon market\table_03.fbx.meta
26/5/2025 11:57:08 am Data Extracted!
26/5/2025 11:57:08 am Saving Results...
26/5/2025 11:57:08 am Saving File: e161d11687078284aab116a597b89ffd.json
26/5/2025 11:57:08 am Done!!
26/5/2025 11:57:08 am Analyzing File: D:\XRFix\dataset_collection\overall\VR-AR-Game\Game\Assets\Low-Poly Medieval Market\Models\FBX Weapon market\two_handed_axe.fbx.meta
26/5/2025 11:57:08 am Data Extracted!
26/5/2025 11:57:08 am Saving Results...
26/5/2025 11:57:08 am Saving File: 87b1697994d280a49aca7324c7fac59e.json
26/5/2025 11:57:08 am Done!!
26/5/2025 11:57:08 am Analyzing File: D:\XRFix\dataset_collection\overall\VR-AR-Game\Game\Assets\Low-Poly Medieval Market\Models\FBX Weapon market\two_handed_hammer.fbx.meta
26/5/2025 11:57:08 am Data Extracted!
26/5/2025 11:57:08 am Saving Results...
26/5/2025 11:57:08 am Saving File: 2e45c1c225716ea4484d5bee1aa394c3.json
26/5/2025 11:57:08 am Done!!
26/5/2025 11:57:08 am Analyzing File: D:\XRFix\dataset_collection\overall\VR-AR-Game\Game\Assets\Low-Poly Medieval Market\Models\FBX Weapon market\two_handed_sword.fbx.meta
26/5/2025 11:57:08 am Data Extracted!
26/5/2025 11:57:08 am Saving Results...
26/5/2025 11:57:08 am Saving File: 4a070bc0e4acab349aa5f22135680b05.json
26/5/2025 11:57:08 am Done!!
26/5/2025 11:57:08 am Analyzing File: D:\XRFix\dataset_collection\overall\VR-AR-Game\Game\Assets\Low-Poly Medieval Market\Models\FBX Weapon market\weapon_market.fbx.meta
26/5/2025 11:57:08 am Data Extracted!
26/5/2025 11:57:08 am Saving Results...
26/5/2025 11:57:08 am Saving File: e28ceaa25c451bb479f01c21f8503ccf.json
26/5/2025 11:57:08 am Done!!
26/5/2025 11:57:08 am Analyzing File: D:\XRFix\dataset_collection\overall\VR-AR-Game\Game\Assets\Low-Poly Medieval Market\Models\FBX Weapon market\weapon_rack.fbx.meta
26/5/2025 11:57:08 am Data Extracted!
26/5/2025 11:57:08 am Saving Results...
26/5/2025 11:57:08 am Saving File: 194e6bf9f0957564f8a3e8d9413d687c.json
26/5/2025 11:57:08 am Done!!
26/5/2025 11:57:08 am Analyzing File: D:\XRFix\dataset_collection\overall\VR-AR-Game\Game\Assets\Low-Poly Medieval Market\Prefabs\Armor.meta
26/5/2025 11:57:08 am Data Extracted!
26/5/2025 11:57:08 am Saving Results...
26/5/2025 11:57:08 am Saving File: 6c5b815d81bac9d4f96ad40c3d1d3c6c.json
26/5/2025 11:57:08 am Done!!
26/5/2025 11:57:08 am Analyzing File: D:\XRFix\dataset_collection\overall\VR-AR-Game\Game\Assets\Low-Poly Medieval Market\Prefabs\Environment.meta
26/5/2025 11:57:08 am Data Extracted!
26/5/2025 11:57:08 am Saving Results...
26/5/2025 11:57:08 am Saving File: 03346bbfc6569d445ab97ac0a6846703.json
26/5/2025 11:57:08 am Done!!
26/5/2025 11:57:08 am Analyzing File: D:\XRFix\dataset_collection\overall\VR-AR-Game\Game\Assets\Low-Poly Medieval Market\Prefabs\Fruits and vegetables.meta
26/5/2025 11:57:08 am Data Extracted!
26/5/2025 11:57:08 am Saving Results...
26/5/2025 11:57:08 am Saving File: 9044947c42758154e8ea125c3cdceb18.json
26/5/2025 11:57:08 am Done!!
26/5/2025 11:57:08 am Analyzing File: D:\XRFix\dataset_collection\overall\VR-AR-Game\Game\Assets\Low-Poly Medieval Market\Prefabs\Weapons.meta
26/5/2025 11:57:08 am Data Extracted!
26/5/2025 11:57:08 am Saving Results...
26/5/2025 11:57:08 am Saving File: 84dbbad5109291245afd7cc5e503694f.json
26/5/2025 11:57:08 am Done!!
26/5/2025 11:57:08 am Analyzing File: D:\XRFix\dataset_collection\overall\VR-AR-Game\Game\Assets\Low-Poly Medieval Market\Readme\Low-Poly Medieval Market Technical specifications.pdf.meta
26/5/2025 11:57:08 am Data Extracted!
26/5/2025 11:57:08 am Saving Results...
26/5/2025 11:57:08 am Saving File: 58c7ecf48f21341a9be371b832eb1ccb.json
26/5/2025 11:57:08 am Done!!
26/5/2025 11:57:08 am Analyzing File: D:\XRFix\dataset_collection\overall\VR-AR-Game\Game\Assets\Low-Poly Medieval Market\Readme\VanillaArtGratitude.pdf.meta
26/5/2025 11:57:08 am Data Extracted!
26/5/2025 11:57:08 am Saving Results...
26/5/2025 11:57:08 am Saving File: fd7e53b915c9049a2b130b11e0590ed3.json
26/5/2025 11:57:08 am Done!!
26/5/2025 11:57:08 am Analyzing File: D:\XRFix\dataset_collection\overall\VR-AR-Game\Game\Assets\Low-Poly Medieval Market\Scenes\SampleScene.meta
26/5/2025 11:57:08 am Data Extracted!
26/5/2025 11:57:08 am Saving Results...
26/5/2025 11:57:08 am Saving File: 96d37c983df927647bfda0c432abba59.json
26/5/2025 11:57:08 am Done!!
26/5/2025 11:57:08 am Analyzing File: D:\XRFix\dataset_collection\overall\VR-AR-Game\Game\Assets\Low-Poly Medieval Market\Scenes\SampleSceneLightingSettings.lighting.meta
26/5/2025 11:57:08 am Data Extracted!
26/5/2025 11:57:08 am Saving Results...
26/5/2025 11:57:08 am Saving File: 477cc4148fad3449482a3bc3178594e2.json
26/5/2025 11:57:08 am Done!!
26/5/2025 11:57:08 am Analyzing File: D:\XRFix\dataset_collection\overall\VR-AR-Game\Game\Assets\Low-Poly Medieval Market\Scenes\SampleScene\LightingData.asset.meta
26/5/2025 11:57:08 am Data Extracted!
26/5/2025 11:57:08 am Saving Results...
26/5/2025 11:57:08 am Saving File: fad123cd0fb02cf40a5c780dbd2f807d.json
26/5/2025 11:57:08 am Done!!
26/5/2025 11:57:08 am Analyzing File: D:\XRFix\dataset_collection\overall\VR-AR-Game\Game\Assets\Low-Poly Medieval Market\Scenes\SampleScene\Post process Profile.asset.meta
26/5/2025 11:57:08 am Data Extracted!
26/5/2025 11:57:08 am Saving Results...
26/5/2025 11:57:08 am Saving File: 41fba6d887ed28c43b9745a2eaa2101b.json
26/5/2025 11:57:08 am Done!!
26/5/2025 11:57:08 am Analyzing File: D:\XRFix\dataset_collection\overall\VR-AR-Game\Game\Assets\Low-Poly Medieval Market\Scenes\SampleScene\ReflectionProbe-0.exr.meta
26/5/2025 11:57:08 am Data Extracted!
26/5/2025 11:57:08 am Saving Results...
26/5/2025 11:57:08 am Saving File: 5936cc0e6c01b6a47bcacc066e388046.json
26/5/2025 11:57:08 am Done!!
26/5/2025 11:57:08 am Analyzing File: D:\XRFix\dataset_collection\overall\VR-AR-Game\Game\Assets\Low-Poly Medieval Market\Textures\Bakery market texture.tif.meta
26/5/2025 11:57:08 am Data Extracted!
26/5/2025 11:57:08 am Saving Results...
26/5/2025 11:57:08 am Saving File: fbcaea10385462040a79c4950d5f65ed.json
26/5/2025 11:57:08 am Done!!
26/5/2025 11:57:08 am Analyzing File: D:\XRFix\dataset_collection\overall\VR-AR-Game\Game\Assets\Low-Poly Medieval Market\Textures\Environment.tif.meta
26/5/2025 11:57:08 am Data Extracted!
26/5/2025 11:57:08 am Saving Results...
26/5/2025 11:57:08 am Saving File: 626bf64cb9cd0a6458a86b6fadececa7.json
26/5/2025 11:57:08 am Done!!
26/5/2025 11:57:08 am Analyzing File: D:\XRFix\dataset_collection\overall\VR-AR-Game\Game\Assets\Low-Poly Medieval Market\Textures\fish_market.tif.meta
26/5/2025 11:57:08 am Data Extracted!
26/5/2025 11:57:08 am Saving Results...
26/5/2025 11:57:08 am Saving File: cac5908482dc0b647be88bc9fedb328c.json
26/5/2025 11:57:08 am Done!!
26/5/2025 11:57:08 am Analyzing File: D:\XRFix\dataset_collection\overall\VR-AR-Game\Game\Assets\Low-Poly Medieval Market\Textures\Latens.tif.meta
26/5/2025 11:57:08 am Data Extracted!
26/5/2025 11:57:08 am Saving Results...
26/5/2025 11:57:08 am Saving File: c08df9614ce228a45b4c99e0a8dff6ae.json
26/5/2025 11:57:08 am Done!!
26/5/2025 11:57:08 am Analyzing File: D:\XRFix\dataset_collection\overall\VR-AR-Game\Game\Assets\Low-Poly Medieval Market\Textures\LaternsEmission.tif.meta
26/5/2025 11:57:08 am Data Extracted!
26/5/2025 11:57:08 am Saving Results...
26/5/2025 11:57:08 am Saving File: b05e25f72fc74f5408cdc9c4f1db9384.json
26/5/2025 11:57:08 am Done!!
26/5/2025 11:57:08 am Analyzing File: D:\XRFix\dataset_collection\overall\VR-AR-Game\Game\Assets\Low-Poly Medieval Market\Textures\Meat market texture.tif.meta
26/5/2025 11:57:08 am Data Extracted!
26/5/2025 11:57:08 am Saving Results...
26/5/2025 11:57:08 am Saving File: 34978df9979467d44ae84ca050561570.json
26/5/2025 11:57:08 am Done!!
26/5/2025 11:57:08 am Analyzing File: D:\XRFix\dataset_collection\overall\VR-AR-Game\Game\Assets\Low-Poly Medieval Market\Textures\vegetables market.tif.meta
26/5/2025 11:57:08 am Data Extracted!
26/5/2025 11:57:08 am Saving Results...
26/5/2025 11:57:08 am Saving File: 7892a68ea93a96c41a0de91cd21ded47.json
26/5/2025 11:57:08 am Done!!
26/5/2025 11:57:08 am Analyzing File: D:\XRFix\dataset_collection\overall\VR-AR-Game\Game\Assets\Low-Poly Medieval Market\Textures\Weapon market.tif.meta
26/5/2025 11:57:08 am Data Extracted!
26/5/2025 11:57:08 am Saving Results...
26/5/2025 11:57:08 am Saving File: 16adfabf761583f4a9ad5823e0ea8c8e.json
26/5/2025 11:57:08 am Done!!
26/5/2025 11:57:08 am Analyzing File: D:\XRFix\dataset_collection\overall\VR-AR-Game\Game\Assets\Oculus\OculusProjectConfig.asset.meta
26/5/2025 11:57:08 am Data Extracted!
26/5/2025 11:57:08 am Saving Results...
26/5/2025 11:57:08 am Saving File: b8ceac27de4bf49d286bc0ab4da4ca2a.json
26/5/2025 11:57:08 am Done!!
26/5/2025 11:57:08 am Analyzing File: D:\XRFix\dataset_collection\overall\VR-AR-Game\Game\Assets\Resources\MetaXRAudioSettings.asset.meta
26/5/2025 11:57:08 am Data Extracted!
26/5/2025 11:57:08 am Saving Results...
26/5/2025 11:57:08 am Saving File: 98b92356e1a634671a6ea72edcfafd14.json
26/5/2025 11:57:08 am Done!!
26/5/2025 11:57:08 am Analyzing File: D:\XRFix\dataset_collection\overall\VR-AR-Game\Game\Assets\Resources\OculusRuntimeSettings.asset.meta
26/5/2025 11:57:08 am Data Extracted!
26/5/2025 11:57:08 am Saving Results...
26/5/2025 11:57:08 am Saving File: 38d6c5395732c4a7db6b76dee7332678.json
26/5/2025 11:57:08 am Done!!
26/5/2025 11:57:08 am Analyzing File: D:\XRFix\dataset_collection\overall\VR-AR-Game\Game\Assets\Resources\OVRPlatformToolSettings.asset.meta
26/5/2025 11:57:08 am Data Extracted!
26/5/2025 11:57:08 am Saving Results...
26/5/2025 11:57:08 am Saving File: b80a5a7d73d864a5dbc5ba5ae5684089.json
26/5/2025 11:57:08 am Done!!
26/5/2025 11:57:08 am Analyzing File: D:\XRFix\dataset_collection\overall\VR-AR-Game\Game\Assets\Samples\XR Interaction Toolkit.meta
26/5/2025 11:57:08 am Data Extracted!
26/5/2025 11:57:08 am Saving Results...
26/5/2025 11:57:08 am Saving File: ca7274fc3d43e4f2f843bb032c5f66f8.json
26/5/2025 11:57:08 am Done!!
26/5/2025 11:57:08 am Analyzing File: D:\XRFix\dataset_collection\overall\VR-AR-Game\Game\Assets\Samples\XR Interaction Toolkit\2.5.4.meta
26/5/2025 11:57:08 am Data Extracted!
26/5/2025 11:57:08 am Saving Results...
26/5/2025 11:57:08 am Saving File: cefde186af6e54a91b5da481f9e616c6.json
26/5/2025 11:57:08 am Done!!
26/5/2025 11:57:08 am Analyzing File: D:\XRFix\dataset_collection\overall\VR-AR-Game\Game\Assets\Samples\XR Interaction Toolkit\2.5.4\Starter Assets.meta
26/5/2025 11:57:08 am Data Extracted!
26/5/2025 11:57:08 am Saving Results...
26/5/2025 11:57:08 am Saving File: e27930fe8a6ff4aaaae2ab9b98c9953f.json
26/5/2025 11:57:08 am Done!!
26/5/2025 11:57:08 am Analyzing File: D:\XRFix\dataset_collection\overall\VR-AR-Game\Game\Assets\Samples\XR Interaction Toolkit\2.5.4\Starter Assets\DemoSceneAssets.meta
26/5/2025 11:57:08 am Data Extracted!
26/5/2025 11:57:08 am Saving Results...
26/5/2025 11:57:08 am Saving File: 42541a22bf6270741bd05ac5ca0fccd4.json
26/5/2025 11:57:08 am Done!!
26/5/2025 11:57:08 am Analyzing File: D:\XRFix\dataset_collection\overall\VR-AR-Game\Game\Assets\Samples\XR Interaction Toolkit\2.5.4\Starter Assets\Editor.meta
26/5/2025 11:57:08 am Data Extracted!
26/5/2025 11:57:08 am Saving Results...
26/5/2025 11:57:08 am Saving File: 004f0e70ab2efb54a9d93a283d657b97.json
26/5/2025 11:57:08 am Done!!
26/5/2025 11:57:08 am Analyzing File: D:\XRFix\dataset_collection\overall\VR-AR-Game\Game\Assets\Samples\XR Interaction Toolkit\2.5.4\Starter Assets\Models.meta
26/5/2025 11:57:08 am Data Extracted!
26/5/2025 11:57:08 am Saving Results...
26/5/2025 11:57:08 am Saving File: 34f03838a812f0e41b1e3da17ff4038e.json
26/5/2025 11:57:08 am Done!!
26/5/2025 11:57:08 am Analyzing File: D:\XRFix\dataset_collection\overall\VR-AR-Game\Game\Assets\Samples\XR Interaction Toolkit\2.5.4\Starter Assets\Prefabs.meta
26/5/2025 11:57:08 am Data Extracted!
26/5/2025 11:57:08 am Saving Results...
26/5/2025 11:57:08 am Saving File: d93dd55b5e3f13549ab7e819935c2b3f.json
26/5/2025 11:57:08 am Done!!
26/5/2025 11:57:08 am Analyzing File: D:\XRFix\dataset_collection\overall\VR-AR-Game\Game\Assets\Samples\XR Interaction Toolkit\2.5.4\Starter Assets\Presets.meta
26/5/2025 11:57:08 am Data Extracted!
26/5/2025 11:57:08 am Saving Results...
26/5/2025 11:57:08 am Saving File: 18789729524e2584cb481572b253a15c.json
26/5/2025 11:57:08 am Done!!
26/5/2025 11:57:08 am Analyzing File: D:\XRFix\dataset_collection\overall\VR-AR-Game\Game\Assets\Samples\XR Interaction Toolkit\2.5.4\Starter Assets\Scripts.meta
26/5/2025 11:57:08 am Data Extracted!
26/5/2025 11:57:08 am Saving Results...
26/5/2025 11:57:08 am Saving File: 31bb803a87bc16a4f8153da2e9086604.json
26/5/2025 11:57:08 am Done!!
26/5/2025 11:57:08 am Analyzing File: D:\XRFix\dataset_collection\overall\VR-AR-Game\Game\Assets\Samples\XR Interaction Toolkit\2.5.4\Starter Assets\Tunneling Vignette.meta
26/5/2025 11:57:08 am Data Extracted!
26/5/2025 11:57:08 am Saving Results...
26/5/2025 11:57:08 am Saving File: 14305397b55fd2148ab7fcbdcbb60a50.json
26/5/2025 11:57:08 am Done!!
26/5/2025 11:57:08 am Analyzing File: D:\XRFix\dataset_collection\overall\VR-AR-Game\Game\Assets\Samples\XR Interaction Toolkit\2.5.4\Starter Assets\Unity.XR.Interaction.Toolkit.Samples.StarterAssets.asmdef.meta
26/5/2025 11:57:08 am Data Extracted!
26/5/2025 11:57:08 am Saving Results...
26/5/2025 11:57:08 am Saving File: 8f07e33567e0ee542b40769c456c6b53.json
26/5/2025 11:57:08 am Done!!
26/5/2025 11:57:08 am Analyzing File: D:\XRFix\dataset_collection\overall\VR-AR-Game\Game\Assets\Samples\XR Interaction Toolkit\2.5.4\Starter Assets\XRI Default Input Actions.inputactions.meta
26/5/2025 11:57:08 am Data Extracted!
26/5/2025 11:57:08 am Saving Results...
26/5/2025 11:57:08 am Saving File: c348712bda248c246b8c49b3db54643f.json
26/5/2025 11:57:08 am Done!!
26/5/2025 11:57:08 am Analyzing File: D:\XRFix\dataset_collection\overall\VR-AR-Game\Game\Assets\Samples\XR Interaction Toolkit\2.5.4\Starter Assets\DemoSceneAssets\AffordanceThemes.meta
26/5/2025 11:57:08 am Data Extracted!
26/5/2025 11:57:08 am Saving Results...
26/5/2025 11:57:08 am Saving File: c333f3b28c3ddba48b84169d5da1a730.json
26/5/2025 11:57:08 am Done!!
26/5/2025 11:57:08 am Analyzing File: D:\XRFix\dataset_collection\overall\VR-AR-Game\Game\Assets\Samples\XR Interaction Toolkit\2.5.4\Starter Assets\DemoSceneAssets\Audio.meta
26/5/2025 11:57:08 am Data Extracted!
26/5/2025 11:57:08 am Saving Results...
26/5/2025 11:57:08 am Saving File: 7b95d69e6872d544088b4338a03df20e.json
26/5/2025 11:57:08 am Done!!
26/5/2025 11:57:08 am Analyzing File: D:\XRFix\dataset_collection\overall\VR-AR-Game\Game\Assets\Samples\XR Interaction Toolkit\2.5.4\Starter Assets\DemoSceneAssets\Models.meta
26/5/2025 11:57:08 am Data Extracted!
26/5/2025 11:57:08 am Saving Results...
26/5/2025 11:57:08 am Saving File: 90a5974969e85834f8306496fd3cda4c.json
26/5/2025 11:57:08 am Done!!
26/5/2025 11:57:08 am Analyzing File: D:\XRFix\dataset_collection\overall\VR-AR-Game\Game\Assets\Samples\XR Interaction Toolkit\2.5.4\Starter Assets\DemoSceneAssets\Prefabs.meta
26/5/2025 11:57:08 am Data Extracted!
26/5/2025 11:57:08 am Saving Results...
26/5/2025 11:57:08 am Saving File: 91951de0742340f45a1e49a4735db517.json
26/5/2025 11:57:08 am Done!!
26/5/2025 11:57:08 am Analyzing File: D:\XRFix\dataset_collection\overall\VR-AR-Game\Game\Assets\Samples\XR Interaction Toolkit\2.5.4\Starter Assets\DemoSceneAssets\Scripts.meta
26/5/2025 11:57:08 am Data Extracted!
26/5/2025 11:57:08 am Saving Results...
26/5/2025 11:57:08 am Saving File: 89c7da9a19d09c8419df6ac7f38d429e.json
26/5/2025 11:57:08 am Done!!
26/5/2025 11:57:08 am Analyzing File: D:\XRFix\dataset_collection\overall\VR-AR-Game\Game\Assets\Samples\XR Interaction Toolkit\2.5.4\Starter Assets\DemoSceneAssets\Sprites.meta
26/5/2025 11:57:08 am Data Extracted!
26/5/2025 11:57:08 am Saving Results...
26/5/2025 11:57:08 am Saving File: e849a70d25179dc42a5f1fbd87c1b42e.json
26/5/2025 11:57:08 am Done!!
26/5/2025 11:57:08 am Analyzing File: D:\XRFix\dataset_collection\overall\VR-AR-Game\Game\Assets\Samples\XR Interaction Toolkit\2.5.4\Starter Assets\DemoSceneAssets\AffordanceThemes\InteractionColorAffordanceTheme.asset.meta
26/5/2025 11:57:08 am Data Extracted!
26/5/2025 11:57:08 am Saving Results...
26/5/2025 11:57:08 am Saving File: 3ec238cb3e80e274c844d7b56f585392.json
26/5/2025 11:57:08 am Done!!
26/5/2025 11:57:08 am Analyzing File: D:\XRFix\dataset_collection\overall\VR-AR-Game\Game\Assets\Samples\XR Interaction Toolkit\2.5.4\Starter Assets\DemoSceneAssets\Audio\Button Pop.wav.meta
26/5/2025 11:57:08 am Data Extracted!
26/5/2025 11:57:08 am Saving Results...
26/5/2025 11:57:08 am Saving File: 16fba6d30ed741d4a9fdd6e79ee2f3ac.json
26/5/2025 11:57:08 am Done!!
26/5/2025 11:57:08 am Analyzing File: D:\XRFix\dataset_collection\overall\VR-AR-Game\Game\Assets\Samples\XR Interaction Toolkit\2.5.4\Starter Assets\DemoSceneAssets\Models\Primitive_Pyramid.fbx.meta
26/5/2025 11:57:08 am Data Extracted!
26/5/2025 11:57:08 am Saving Results...
26/5/2025 11:57:08 am Saving File: 63e02ddb08ce42da868504e1333d48ae.json
26/5/2025 11:57:08 am Done!!
26/5/2025 11:57:08 am Analyzing File: D:\XRFix\dataset_collection\overall\VR-AR-Game\Game\Assets\Samples\XR Interaction Toolkit\2.5.4\Starter Assets\DemoSceneAssets\Models\Primitive_Torus.fbx.meta
26/5/2025 11:57:08 am Data Extracted!
26/5/2025 11:57:08 am Saving Results...
26/5/2025 11:57:08 am Saving File: f077c919501a44778a0c2edb6eb1a54a.json
26/5/2025 11:57:08 am Done!!
26/5/2025 11:57:08 am Analyzing File: D:\XRFix\dataset_collection\overall\VR-AR-Game\Game\Assets\Samples\XR Interaction Toolkit\2.5.4\Starter Assets\DemoSceneAssets\Models\PushButton.fbx.meta
26/5/2025 11:57:08 am Data Extracted!
26/5/2025 11:57:08 am Saving Results...
26/5/2025 11:57:08 am Saving File: 7ab6f3b0fd1a6ba41b2a47766c16613f.json
26/5/2025 11:57:08 am Done!!
26/5/2025 11:57:08 am Analyzing File: D:\XRFix\dataset_collection\overall\VR-AR-Game\Game\Assets\Samples\XR Interaction Toolkit\2.5.4\Starter Assets\DemoSceneAssets\Prefabs\Climb.meta
26/5/2025 11:57:08 am Data Extracted!
26/5/2025 11:57:08 am Saving Results...
26/5/2025 11:57:08 am Saving File: 6c6d684cb56fa7d4f869594e9a2dddb5.json
26/5/2025 11:57:08 am Done!!
26/5/2025 11:57:08 am Analyzing File: D:\XRFix\dataset_collection\overall\VR-AR-Game\Game\Assets\Samples\XR Interaction Toolkit\2.5.4\Starter Assets\DemoSceneAssets\Prefabs\Interactables.meta
26/5/2025 11:57:08 am Data Extracted!
26/5/2025 11:57:08 am Saving Results...
26/5/2025 11:57:08 am Saving File: 6ac303adce39adb499d7f5c90a77c1c1.json
26/5/2025 11:57:08 am Done!!
26/5/2025 11:57:08 am Analyzing File: D:\XRFix\dataset_collection\overall\VR-AR-Game\Game\Assets\Samples\XR Interaction Toolkit\2.5.4\Starter Assets\DemoSceneAssets\Prefabs\Teleport.meta
26/5/2025 11:57:08 am Data Extracted!
26/5/2025 11:57:08 am Saving Results...
26/5/2025 11:57:08 am Saving File: 66c6494bc1ad3b348b472a4d6d544e93.json
26/5/2025 11:57:08 am Done!!
26/5/2025 11:57:08 am Analyzing File: D:\XRFix\dataset_collection\overall\VR-AR-Game\Game\Assets\Samples\XR Interaction Toolkit\2.5.4\Starter Assets\DemoSceneAssets\Prefabs\UI.meta
26/5/2025 11:57:08 am Data Extracted!
26/5/2025 11:57:08 am Saving Results...
26/5/2025 11:57:08 am Saving File: 579a84533ec1ecc498bdc2cc489d2e79.json
26/5/2025 11:57:08 am Done!!
26/5/2025 11:57:08 am Analyzing File: D:\XRFix\dataset_collection\overall\VR-AR-Game\Game\Assets\Samples\XR Interaction Toolkit\2.5.4\Starter Assets\DemoSceneAssets\Scripts\IncrementUIText.cs.meta
26/5/2025 11:57:08 am Data Extracted!
26/5/2025 11:57:08 am Saving Results...
26/5/2025 11:57:08 am Saving File: ba6ff5e7c92519444bc2a7ca46558963.json
26/5/2025 11:57:08 am Done!!
26/5/2025 11:57:08 am Analyzing File: D:\XRFix\dataset_collection\overall\VR-AR-Game\Game\Assets\Samples\XR Interaction Toolkit\2.5.4\Starter Assets\DemoSceneAssets\Sprites\Asset.png.meta
26/5/2025 11:57:08 am Data Extracted!
26/5/2025 11:57:08 am Saving Results...
26/5/2025 11:57:08 am Saving File: 17d565bb4a7744b41b7e4dc7e3a09e35.json
26/5/2025 11:57:08 am Done!!
26/5/2025 11:57:08 am Analyzing File: D:\XRFix\dataset_collection\overall\VR-AR-Game\Game\Assets\Samples\XR Interaction Toolkit\2.5.4\Starter Assets\DemoSceneAssets\Sprites\Checkmark.png.meta
26/5/2025 11:57:08 am Data Extracted!
26/5/2025 11:57:08 am Saving Results...
26/5/2025 11:57:08 am Saving File: db3e7b7c8db355e499429545071a0321.json
26/5/2025 11:57:08 am Done!!
26/5/2025 11:57:08 am Analyzing File: D:\XRFix\dataset_collection\overall\VR-AR-Game\Game\Assets\Samples\XR Interaction Toolkit\2.5.4\Starter Assets\DemoSceneAssets\Sprites\Circle_60x60_Horizontal.png.meta
26/5/2025 11:57:08 am Data Extracted!
26/5/2025 11:57:08 am Saving Results...
26/5/2025 11:57:08 am Saving File: e45f8f823c093d941855bb23b53b9414.json
26/5/2025 11:57:08 am Done!!
26/5/2025 11:57:08 am Analyzing File: D:\XRFix\dataset_collection\overall\VR-AR-Game\Game\Assets\Samples\XR Interaction Toolkit\2.5.4\Starter Assets\DemoSceneAssets\Sprites\Forward.png.meta
26/5/2025 11:57:08 am Data Extracted!
26/5/2025 11:57:08 am Saving Results...
26/5/2025 11:57:08 am Saving File: f8ecc54972abacc46a93f671b0602139.json
26/5/2025 11:57:08 am Done!!
26/5/2025 11:57:08 am Analyzing File: D:\XRFix\dataset_collection\overall\VR-AR-Game\Game\Assets\Samples\XR Interaction Toolkit\2.5.4\Starter Assets\DemoSceneAssets\Sprites\Round Radius 4 Outline.png.meta
26/5/2025 11:57:08 am Data Extracted!
26/5/2025 11:57:08 am Saving Results...
26/5/2025 11:57:08 am Saving File: b7bad1260586fa746a0b67e930892936.json
26/5/2025 11:57:08 am Done!!
26/5/2025 11:57:08 am Analyzing File: D:\XRFix\dataset_collection\overall\VR-AR-Game\Game\Assets\Samples\XR Interaction Toolkit\2.5.4\Starter Assets\DemoSceneAssets\Sprites\Round Radius 4.png.meta
26/5/2025 11:57:08 am Data Extracted!
26/5/2025 11:57:08 am Saving Results...
26/5/2025 11:57:08 am Saving File: affa059594145a843b81788037b4ee21.json
26/5/2025 11:57:08 am Done!!
26/5/2025 11:57:08 am Analyzing File: D:\XRFix\dataset_collection\overall\VR-AR-Game\Game\Assets\Samples\XR Interaction Toolkit\2.5.4\Starter Assets\Editor\Scripts.meta
26/5/2025 11:57:08 am Data Extracted!
26/5/2025 11:57:08 am Saving Results...
26/5/2025 11:57:08 am Saving File: ac3833452a6cb0d4bae148ab912d320a.json
26/5/2025 11:57:08 am Done!!
26/5/2025 11:57:08 am Analyzing File: D:\XRFix\dataset_collection\overall\VR-AR-Game\Game\Assets\Samples\XR Interaction Toolkit\2.5.4\Starter Assets\Editor\Unity.XR.Interaction.Toolkit.Samples.StarterAssets.Editor.asmdef.meta
26/5/2025 11:57:08 am Data Extracted!
26/5/2025 11:57:08 am Saving Results...
26/5/2025 11:57:08 am Saving File: 9233538b711383d449a485633568d17c.json
26/5/2025 11:57:08 am Done!!
26/5/2025 11:57:08 am Analyzing File: D:\XRFix\dataset_collection\overall\VR-AR-Game\Game\Assets\Samples\XR Interaction Toolkit\2.5.4\Starter Assets\Editor\Scripts\StarterAssetsSampleProjectValidation.cs.meta
26/5/2025 11:57:08 am Data Extracted!
26/5/2025 11:57:08 am Saving Results...
26/5/2025 11:57:08 am Saving File: ef67ceb22b2224643a2d5004fc2a678a.json
26/5/2025 11:57:08 am Done!!
26/5/2025 11:57:08 am Analyzing File: D:\XRFix\dataset_collection\overall\VR-AR-Game\Game\Assets\Samples\XR Interaction Toolkit\2.5.4\Starter Assets\Models\Primitive_Cylinder.fbx.meta
26/5/2025 11:57:08 am Data Extracted!
26/5/2025 11:57:08 am Saving Results...
26/5/2025 11:57:08 am Saving File: 9e1dc1c14313460d872de39e35129b39.json
26/5/2025 11:57:08 am Done!!
26/5/2025 11:57:08 am Analyzing File: D:\XRFix\dataset_collection\overall\VR-AR-Game\Game\Assets\Samples\XR Interaction Toolkit\2.5.4\Starter Assets\Models\Primitive_Wedge.fbx.meta
26/5/2025 11:57:08 am Data Extracted!
26/5/2025 11:57:08 am Saving Results...
26/5/2025 11:57:08 am Saving File: ab3a79eba4de4be0ad5fead9fb858190.json
26/5/2025 11:57:08 am Done!!
26/5/2025 11:57:08 am Analyzing File: D:\XRFix\dataset_collection\overall\VR-AR-Game\Game\Assets\Samples\XR Interaction Toolkit\2.5.4\Starter Assets\Models\Reticle_Torus.fbx.meta
26/5/2025 11:57:08 am Data Extracted!
26/5/2025 11:57:08 am Saving Results...
26/5/2025 11:57:08 am Saving File: be2911572dc3afa448d24b4e97edc5f1.json
26/5/2025 11:57:08 am Done!!
26/5/2025 11:57:08 am Analyzing File: D:\XRFix\dataset_collection\overall\VR-AR-Game\Game\Assets\Samples\XR Interaction Toolkit\2.5.4\Starter Assets\Models\XRControllerLeft.fbx.meta
26/5/2025 11:57:08 am Data Extracted!
26/5/2025 11:57:08 am Saving Results...
26/5/2025 11:57:08 am Saving File: be3083a5f26d4e859d594ecbe632f87e.json
26/5/2025 11:57:08 am Done!!
26/5/2025 11:57:08 am Analyzing File: D:\XRFix\dataset_collection\overall\VR-AR-Game\Game\Assets\Samples\XR Interaction Toolkit\2.5.4\Starter Assets\Models\XRControllerRight.fbx.meta
26/5/2025 11:57:08 am Data Extracted!
26/5/2025 11:57:08 am Saving Results...
26/5/2025 11:57:08 am Saving File: 11cd62256b1d470f922b2c8e6446cc77.json
26/5/2025 11:57:08 am Done!!
26/5/2025 11:57:08 am Analyzing File: D:\XRFix\dataset_collection\overall\VR-AR-Game\Game\Assets\Samples\XR Interaction Toolkit\2.5.4\Starter Assets\Prefabs\Controllers.meta
26/5/2025 11:57:08 am Data Extracted!
26/5/2025 11:57:08 am Saving Results...
26/5/2025 11:57:08 am Saving File: 8cb8501f33d08a04fabf074fd81eaf76.json
26/5/2025 11:57:08 am Done!!
26/5/2025 11:57:08 am Analyzing File: D:\XRFix\dataset_collection\overall\VR-AR-Game\Game\Assets\Samples\XR Interaction Toolkit\2.5.4\Starter Assets\Prefabs\Interactors.meta
26/5/2025 11:57:08 am Data Extracted!
26/5/2025 11:57:08 am Saving Results...
26/5/2025 11:57:08 am Saving File: f585a443d5224c19adcc94a236a4b2d6.json
26/5/2025 11:57:08 am Done!!
26/5/2025 11:57:08 am Analyzing File: D:\XRFix\dataset_collection\overall\VR-AR-Game\Game\Assets\Samples\XR Interaction Toolkit\2.5.4\Starter Assets\Prefabs\Teleport.meta
26/5/2025 11:57:08 am Data Extracted!
26/5/2025 11:57:08 am Saving Results...
26/5/2025 11:57:08 am Saving File: e71c638c311acc546a63dbfa61f89ab6.json
26/5/2025 11:57:08 am Done!!
26/5/2025 11:57:08 am Analyzing File: D:\XRFix\dataset_collection\overall\VR-AR-Game\Game\Assets\Samples\XR Interaction Toolkit\2.5.4\Starter Assets\Prefabs\Interactors\timeline.playable.meta
26/5/2025 11:57:08 am Data Extracted!
26/5/2025 11:57:08 am Saving Results...
26/5/2025 11:57:08 am Saving File: e901a4d118de546f88612601baa61a2f.json
26/5/2025 11:57:08 am Done!!
26/5/2025 11:57:08 am Analyzing File: D:\XRFix\dataset_collection\overall\VR-AR-Game\Game\Assets\Samples\XR Interaction Toolkit\2.5.4\Starter Assets\Presets\XRI Default Continuous Move.preset.meta
26/5/2025 11:57:08 am Data Extracted!
26/5/2025 11:57:08 am Saving Results...
26/5/2025 11:57:08 am Saving File: 91f9da00cfdac5d49955df2d2d820b9c.json
26/5/2025 11:57:08 am Done!!
26/5/2025 11:57:08 am Analyzing File: D:\XRFix\dataset_collection\overall\VR-AR-Game\Game\Assets\Samples\XR Interaction Toolkit\2.5.4\Starter Assets\Presets\XRI Default Continuous Turn.preset.meta
26/5/2025 11:57:08 am Data Extracted!
26/5/2025 11:57:08 am Saving Results...
26/5/2025 11:57:08 am Saving File: 0caad3af14f9a414dbdf25ed41e5aa47.json
26/5/2025 11:57:08 am Done!!
26/5/2025 11:57:08 am Analyzing File: D:\XRFix\dataset_collection\overall\VR-AR-Game\Game\Assets\Samples\XR Interaction Toolkit\2.5.4\Starter Assets\Presets\XRI Default Gaze Controller.preset.meta
26/5/2025 11:57:08 am Data Extracted!
26/5/2025 11:57:08 am Saving Results...
26/5/2025 11:57:08 am Saving File: 2e6e6d902741c934ba75a28389d4f66e.json
26/5/2025 11:57:08 am Done!!
26/5/2025 11:57:08 am Analyzing File: D:\XRFix\dataset_collection\overall\VR-AR-Game\Game\Assets\Samples\XR Interaction Toolkit\2.5.4\Starter Assets\Presets\XRI Default Left ActionBasedControllerManager.preset.meta
26/5/2025 11:57:08 am Data Extracted!
26/5/2025 11:57:08 am Saving Results...
26/5/2025 11:57:08 am Saving File: c3d4ecc12d5e0f14c93fd734af32ab63.json
26/5/2025 11:57:08 am Done!!
26/5/2025 11:57:08 am Analyzing File: D:\XRFix\dataset_collection\overall\VR-AR-Game\Game\Assets\Samples\XR Interaction Toolkit\2.5.4\Starter Assets\Presets\XRI Default Left Controller.preset.meta
26/5/2025 11:57:08 am Data Extracted!
26/5/2025 11:57:08 am Saving Results...
26/5/2025 11:57:08 am Saving File: ffd8268f7307a0c48a067dad4a8fe060.json
26/5/2025 11:57:08 am Done!!
26/5/2025 11:57:08 am Analyzing File: D:\XRFix\dataset_collection\overall\VR-AR-Game\Game\Assets\Samples\XR Interaction Toolkit\2.5.4\Starter Assets\Presets\XRI Default Left Grab Move.preset.meta
26/5/2025 11:57:08 am Data Extracted!
26/5/2025 11:57:08 am Saving Results...
26/5/2025 11:57:08 am Saving File: e2e08fffc3edfbb47a429bae0c5a6343.json
26/5/2025 11:57:08 am Done!!
26/5/2025 11:57:08 am Analyzing File: D:\XRFix\dataset_collection\overall\VR-AR-Game\Game\Assets\Samples\XR Interaction Toolkit\2.5.4\Starter Assets\Presets\XRI Default Right ActionBasedControllerManager.preset.meta
26/5/2025 11:57:08 am Data Extracted!
26/5/2025 11:57:08 am Saving Results...
26/5/2025 11:57:08 am Saving File: 55f7614a1d331d14bb631965514937d8.json
26/5/2025 11:57:08 am Done!!
26/5/2025 11:57:08 am Analyzing File: D:\XRFix\dataset_collection\overall\VR-AR-Game\Game\Assets\Samples\XR Interaction Toolkit\2.5.4\Starter Assets\Presets\XRI Default Right Controller.preset.meta
26/5/2025 11:57:08 am Data Extracted!
26/5/2025 11:57:08 am Saving Results...
26/5/2025 11:57:08 am Saving File: 1421ad86ff3787b4dae70fe9e699a25f.json
26/5/2025 11:57:08 am Done!!
26/5/2025 11:57:08 am Analyzing File: D:\XRFix\dataset_collection\overall\VR-AR-Game\Game\Assets\Samples\XR Interaction Toolkit\2.5.4\Starter Assets\Presets\XRI Default Right Grab Move.preset.meta
26/5/2025 11:57:08 am Data Extracted!
26/5/2025 11:57:08 am Saving Results...
26/5/2025 11:57:08 am Saving File: fdc4f514b7b1e9c4eb39713ad9dd4eba.json
26/5/2025 11:57:08 am Done!!
26/5/2025 11:57:08 am Analyzing File: D:\XRFix\dataset_collection\overall\VR-AR-Game\Game\Assets\Samples\XR Interaction Toolkit\2.5.4\Starter Assets\Presets\XRI Default Snap Turn.preset.meta
26/5/2025 11:57:08 am Data Extracted!
26/5/2025 11:57:08 am Saving Results...
26/5/2025 11:57:08 am Saving File: 18697d253d848974aa7052cba872c9f0.json
26/5/2025 11:57:08 am Done!!
26/5/2025 11:57:08 am Analyzing File: D:\XRFix\dataset_collection\overall\VR-AR-Game\Game\Assets\Samples\XR Interaction Toolkit\2.5.4\Starter Assets\Presets\XRI Default XR Screen Space Controller.preset.meta
26/5/2025 11:57:08 am Data Extracted!
26/5/2025 11:57:08 am Saving Results...
26/5/2025 11:57:08 am Saving File: d3223012ddb39d24584825882e7ea40b.json
26/5/2025 11:57:08 am Done!!
26/5/2025 11:57:08 am Analyzing File: D:\XRFix\dataset_collection\overall\VR-AR-Game\Game\Assets\Samples\XR Interaction Toolkit\2.5.4\Starter Assets\Presets\XRI Default XR UI Input Module.preset.meta
26/5/2025 11:57:08 am Data Extracted!
26/5/2025 11:57:08 am Saving Results...
26/5/2025 11:57:08 am Saving File: 2c3e7ff9ab352b74da862a5a8779b276.json
26/5/2025 11:57:08 am Done!!
26/5/2025 11:57:08 am Analyzing File: D:\XRFix\dataset_collection\overall\VR-AR-Game\Game\Assets\Samples\XR Interaction Toolkit\2.5.4\Starter Assets\Scripts\ActionBasedControllerManager.cs.meta
26/5/2025 11:57:08 am Data Extracted!
26/5/2025 11:57:08 am Saving Results...
26/5/2025 11:57:08 am Saving File: f9ac216f0eb04754b1d938aac6380b31.json
26/5/2025 11:57:08 am Done!!
26/5/2025 11:57:08 am Analyzing File: D:\XRFix\dataset_collection\overall\VR-AR-Game\Game\Assets\Samples\XR Interaction Toolkit\2.5.4\Starter Assets\Scripts\DestroySelf.cs.meta
26/5/2025 11:57:08 am Data Extracted!
26/5/2025 11:57:08 am Saving Results...
26/5/2025 11:57:08 am Saving File: 717c12e2a4cfe764ab2580b1135e10fd.json
26/5/2025 11:57:08 am Done!!
26/5/2025 11:57:08 am Analyzing File: D:\XRFix\dataset_collection\overall\VR-AR-Game\Game\Assets\Samples\XR Interaction Toolkit\2.5.4\Starter Assets\Scripts\DynamicMoveProvider.cs.meta
26/5/2025 11:57:08 am Data Extracted!
26/5/2025 11:57:08 am Saving Results...
26/5/2025 11:57:08 am Saving File: 9b1e8c997df241c1a67045eeac79b41b.json
26/5/2025 11:57:08 am Done!!
26/5/2025 11:57:08 am Analyzing File: D:\XRFix\dataset_collection\overall\VR-AR-Game\Game\Assets\Samples\XR Interaction Toolkit\2.5.4\Starter Assets\Scripts\GazeInputManager.cs.meta
26/5/2025 11:57:08 am Data Extracted!
26/5/2025 11:57:08 am Saving Results...
26/5/2025 11:57:08 am Saving File: 6ef0e4723b64c884699a375196c13ac0.json
26/5/2025 11:57:08 am Done!!
26/5/2025 11:57:08 am Analyzing File: D:\XRFix\dataset_collection\overall\VR-AR-Game\Game\Assets\Samples\XR Interaction Toolkit\2.5.4\Starter Assets\Scripts\ObjectSpawner.cs.meta
26/5/2025 11:57:08 am Data Extracted!
26/5/2025 11:57:08 am Saving Results...
26/5/2025 11:57:08 am Saving File: 956dd6cf70eaca449a45b6a95b96c8c1.json
26/5/2025 11:57:08 am Done!!
26/5/2025 11:57:08 am Analyzing File: D:\XRFix\dataset_collection\overall\VR-AR-Game\Game\Assets\Samples\XR Interaction Toolkit\2.5.4\Starter Assets\Scripts\XRPokeFollowAffordance.cs.meta
26/5/2025 11:57:08 am Data Extracted!
26/5/2025 11:57:08 am Saving Results...
26/5/2025 11:57:08 am Saving File: 07b3638c2f5db5b479ff24c2859713d4.json
26/5/2025 11:57:08 am Done!!
26/5/2025 11:57:08 am Analyzing File: D:\XRFix\dataset_collection\overall\VR-AR-Game\Game\Assets\Samples\XR Interaction Toolkit\2.5.4\Starter Assets\Tunneling Vignette\TunnelingVignette.shader.meta
26/5/2025 11:57:08 am Data Extracted!
26/5/2025 11:57:08 am Saving Results...
26/5/2025 11:57:08 am Saving File: e51b4af1e50be764e8de46e07d4e3f3f.json
26/5/2025 11:57:08 am Done!!
26/5/2025 11:57:08 am Analyzing File: D:\XRFix\dataset_collection\overall\VR-AR-Game\Game\Assets\Samples\XR Interaction Toolkit\2.5.4\Starter Assets\Tunneling Vignette\TunnelingVignetteHemisphere.fbx.meta
26/5/2025 11:57:08 am Data Extracted!
26/5/2025 11:57:08 am Saving Results...
26/5/2025 11:57:08 am Saving File: 5833e680dc0f7ae47aec6b4286570484.json
26/5/2025 11:57:08 am Done!!
26/5/2025 11:57:08 am Analyzing File: D:\XRFix\dataset_collection\overall\VR-AR-Game\Game\Assets\Samples\XR Interaction Toolkit\2.5.4\Starter Assets\Tunneling Vignette\TunnelingVignetteSG.shadergraph.meta
26/5/2025 11:57:08 am Data Extracted!
26/5/2025 11:57:08 am Saving Results...
26/5/2025 11:57:08 am Saving File: c109fab5d2bf5f64598ed69d2c16ceb3.json
26/5/2025 11:57:08 am Done!!
26/5/2025 11:57:08 am Analyzing File: D:\XRFix\dataset_collection\overall\VR-AR-Game\Game\Assets\StarterAssets\Environment.meta
26/5/2025 11:57:08 am Data Extracted!
26/5/2025 11:57:08 am Saving Results...
26/5/2025 11:57:08 am Saving File: 8d8da06649314d7498296c53b4a0a77a.json
26/5/2025 11:57:08 am Done!!
26/5/2025 11:57:08 am Analyzing File: D:\XRFix\dataset_collection\overall\VR-AR-Game\Game\Assets\StarterAssets\FirstPersonController.meta
26/5/2025 11:57:08 am Data Extracted!
26/5/2025 11:57:08 am Saving Results...
26/5/2025 11:57:08 am Saving File: 24b6cfc1f7567ec448cc19d73d593576.json
26/5/2025 11:57:08 am Done!!
26/5/2025 11:57:08 am Analyzing File: D:\XRFix\dataset_collection\overall\VR-AR-Game\Game\Assets\StarterAssets\InputSystem.meta
26/5/2025 11:57:08 am Data Extracted!
26/5/2025 11:57:08 am Saving Results...
26/5/2025 11:57:08 am Saving File: 48c9acd554a28814b922162e3fa889b0.json
26/5/2025 11:57:08 am Done!!
26/5/2025 11:57:08 am Analyzing File: D:\XRFix\dataset_collection\overall\VR-AR-Game\Game\Assets\StarterAssets\license.txt.meta
26/5/2025 11:57:08 am Data Extracted!
26/5/2025 11:57:08 am Saving Results...
26/5/2025 11:57:08 am Saving File: b846ecad8a98bd34dba8a5daf996d86e.json
26/5/2025 11:57:08 am Done!!
26/5/2025 11:57:08 am Analyzing File: D:\XRFix\dataset_collection\overall\VR-AR-Game\Game\Assets\StarterAssets\Mobile.meta
26/5/2025 11:57:08 am Data Extracted!
26/5/2025 11:57:08 am Saving Results...
26/5/2025 11:57:08 am Saving File: 1d9a48e14080daf4794b86b4911eef32.json
26/5/2025 11:57:08 am Done!!
26/5/2025 11:57:08 am Analyzing File: D:\XRFix\dataset_collection\overall\VR-AR-Game\Game\Assets\StarterAssets\Readme.asset.meta
26/5/2025 11:57:08 am Data Extracted!
26/5/2025 11:57:08 am Saving Results...
26/5/2025 11:57:08 am Saving File: 4181bfe715a83e843b7538d750dc57cc.json
26/5/2025 11:57:08 am Done!!
26/5/2025 11:57:08 am Analyzing File: D:\XRFix\dataset_collection\overall\VR-AR-Game\Game\Assets\StarterAssets\Settings.meta
26/5/2025 11:57:08 am Data Extracted!
26/5/2025 11:57:08 am Saving Results...
26/5/2025 11:57:08 am Saving File: d82b6795eb31c4797945b36447137632.json
26/5/2025 11:57:08 am Done!!
26/5/2025 11:57:08 am Analyzing File: D:\XRFix\dataset_collection\overall\VR-AR-Game\Game\Assets\StarterAssets\StarterAssets_Documentation_v1.1.pdf.meta
26/5/2025 11:57:08 am Data Extracted!
26/5/2025 11:57:08 am Saving Results...
26/5/2025 11:57:08 am Saving File: 1030fbd7379311b47bf5b1178c1c7a26.json
26/5/2025 11:57:08 am Done!!
26/5/2025 11:57:08 am Analyzing File: D:\XRFix\dataset_collection\overall\VR-AR-Game\Game\Assets\StarterAssets\TutorialInfo.meta
26/5/2025 11:57:08 am Data Extracted!
26/5/2025 11:57:08 am Saving Results...
26/5/2025 11:57:08 am Saving File: b3666c4e28d1eda44b016842185a972b.json
26/5/2025 11:57:08 am Done!!
26/5/2025 11:57:08 am Analyzing File: D:\XRFix\dataset_collection\overall\VR-AR-Game\Game\Assets\StarterAssets\Environment\Art.meta
26/5/2025 11:57:08 am Data Extracted!
26/5/2025 11:57:08 am Saving Results...
26/5/2025 11:57:08 am Saving File: bc688fc4c70b02044b054f994d6e36e6.json
26/5/2025 11:57:08 am Done!!
26/5/2025 11:57:08 am Analyzing File: D:\XRFix\dataset_collection\overall\VR-AR-Game\Game\Assets\StarterAssets\Environment\Prefabs.meta
26/5/2025 11:57:08 am Data Extracted!
26/5/2025 11:57:08 am Saving Results...
26/5/2025 11:57:08 am Saving File: 93bb3603ed019014a98e7c62df54135e.json
26/5/2025 11:57:08 am Done!!
26/5/2025 11:57:08 am Analyzing File: D:\XRFix\dataset_collection\overall\VR-AR-Game\Game\Assets\StarterAssets\Environment\Art\Materials.meta
26/5/2025 11:57:08 am Data Extracted!
26/5/2025 11:57:08 am Saving Results...
26/5/2025 11:57:08 am Saving File: 62e09e1e4aed9424ba218499f11ea644.json
26/5/2025 11:57:08 am Done!!
26/5/2025 11:57:08 am Analyzing File: D:\XRFix\dataset_collection\overall\VR-AR-Game\Game\Assets\StarterAssets\Environment\Art\Models.meta
26/5/2025 11:57:08 am Data Extracted!
26/5/2025 11:57:08 am Saving Results...
26/5/2025 11:57:08 am Saving File: a725de072e7eb4d449d782a7c86fd0bf.json
26/5/2025 11:57:08 am Done!!
26/5/2025 11:57:08 am Analyzing File: D:\XRFix\dataset_collection\overall\VR-AR-Game\Game\Assets\StarterAssets\Environment\Art\Skybox.meta
26/5/2025 11:57:08 am Data Extracted!
26/5/2025 11:57:08 am Saving Results...
26/5/2025 11:57:08 am Saving File: a5810db7e2f75fd4281a8ace4949bec8.json
26/5/2025 11:57:08 am Done!!
26/5/2025 11:57:08 am Analyzing File: D:\XRFix\dataset_collection\overall\VR-AR-Game\Game\Assets\StarterAssets\Environment\Art\Textures.meta
26/5/2025 11:57:08 am Data Extracted!
26/5/2025 11:57:08 am Saving Results...
26/5/2025 11:57:08 am Saving File: ed5cc06472bb24d419458b6ece5b79eb.json
26/5/2025 11:57:08 am Done!!
26/5/2025 11:57:08 am Analyzing File: D:\XRFix\dataset_collection\overall\VR-AR-Game\Game\Assets\StarterAssets\Environment\Art\Models\Box_350x250x200_Mesh.fbx.meta
26/5/2025 11:57:08 am Data Extracted!
26/5/2025 11:57:08 am Saving Results...
26/5/2025 11:57:08 am Saving File: c6a55ba99e9e99d41b7eef123e311a43.json
26/5/2025 11:57:08 am Done!!
26/5/2025 11:57:08 am Analyzing File: D:\XRFix\dataset_collection\overall\VR-AR-Game\Game\Assets\StarterAssets\Environment\Art\Models\Box_350x250x300_Mesh.fbx.meta
26/5/2025 11:57:08 am Data Extracted!
26/5/2025 11:57:08 am Saving Results...
26/5/2025 11:57:08 am Saving File: d2f0da3998423f44594868ffed55c3e6.json
26/5/2025 11:57:08 am Done!!
26/5/2025 11:57:08 am Analyzing File: D:\XRFix\dataset_collection\overall\VR-AR-Game\Game\Assets\StarterAssets\Environment\Art\Models\Ground_Mesh.fbx.meta
26/5/2025 11:57:08 am Data Extracted!
26/5/2025 11:57:08 am Saving Results...
26/5/2025 11:57:08 am Saving File: aa38d7b0e367ecc4aac915dcfe957879.json
26/5/2025 11:57:08 am Done!!
26/5/2025 11:57:08 am Analyzing File: D:\XRFix\dataset_collection\overall\VR-AR-Game\Game\Assets\StarterAssets\Environment\Art\Models\Ramp_100x100x200_Mesh.fbx.meta
26/5/2025 11:57:08 am Data Extracted!
26/5/2025 11:57:08 am Saving Results...
26/5/2025 11:57:08 am Saving File: bfff06aaff363a847ad37bf592364e6b.json
26/5/2025 11:57:08 am Done!!
26/5/2025 11:57:08 am Analyzing File: D:\XRFix\dataset_collection\overall\VR-AR-Game\Game\Assets\StarterAssets\Environment\Art\Models\Ramp_Mesh.fbx.meta
26/5/2025 11:57:08 am Data Extracted!
26/5/2025 11:57:08 am Saving Results...
26/5/2025 11:57:08 am Saving File: 426a2785f8a940049aac2c246661cf09.json
26/5/2025 11:57:08 am Done!!
26/5/2025 11:57:08 am Analyzing File: D:\XRFix\dataset_collection\overall\VR-AR-Game\Game\Assets\StarterAssets\Environment\Art\Models\Stairs_200x100x200_Mesh.fbx.meta
26/5/2025 11:57:08 am Data Extracted!
26/5/2025 11:57:08 am Saving Results...
26/5/2025 11:57:08 am Saving File: fce3bf5a5b603db45ab0048fb6ab44df.json
26/5/2025 11:57:08 am Done!!
26/5/2025 11:57:08 am Analyzing File: D:\XRFix\dataset_collection\overall\VR-AR-Game\Game\Assets\StarterAssets\Environment\Art\Models\Stairs_650_400_300_Mesh.fbx.meta
26/5/2025 11:57:08 am Data Extracted!
26/5/2025 11:57:08 am Saving Results...
26/5/2025 11:57:08 am Saving File: 7e0223e1d3e1733499accfa5ebffb67e.json
26/5/2025 11:57:08 am Done!!
26/5/2025 11:57:08 am Analyzing File: D:\XRFix\dataset_collection\overall\VR-AR-Game\Game\Assets\StarterAssets\Environment\Art\Models\Structure_Mesh.fbx.meta
26/5/2025 11:57:08 am Data Extracted!
26/5/2025 11:57:08 am Saving Results...
26/5/2025 11:57:08 am Saving File: d0a9bfb4b5f28174884e89dd76563ae8.json
26/5/2025 11:57:08 am Done!!
26/5/2025 11:57:08 am Analyzing File: D:\XRFix\dataset_collection\overall\VR-AR-Game\Game\Assets\StarterAssets\Environment\Art\Models\Tunnel_Mesh.fbx.meta
26/5/2025 11:57:08 am Data Extracted!
26/5/2025 11:57:08 am Saving Results...
26/5/2025 11:57:08 am Saving File: f712806514868e54699156ec05dcb749.json
26/5/2025 11:57:08 am Done!!
26/5/2025 11:57:08 am Analyzing File: D:\XRFix\dataset_collection\overall\VR-AR-Game\Game\Assets\StarterAssets\Environment\Art\Models\Wall_Mesh.fbx.meta
26/5/2025 11:57:08 am Data Extracted!
26/5/2025 11:57:08 am Saving Results...
26/5/2025 11:57:08 am Saving File: ff02a0a00ab750f48b09459b1cafd1b8.json
26/5/2025 11:57:08 am Done!!
26/5/2025 11:57:08 am Analyzing File: D:\XRFix\dataset_collection\overall\VR-AR-Game\Game\Assets\StarterAssets\Environment\Art\Textures\Grid_01_BaseMap.png.meta
26/5/2025 11:57:08 am Data Extracted!
26/5/2025 11:57:08 am Saving Results...
26/5/2025 11:57:08 am Saving File: d1118dda59970a2449ee890fa247c4c5.json
26/5/2025 11:57:08 am Done!!
26/5/2025 11:57:08 am Analyzing File: D:\XRFix\dataset_collection\overall\VR-AR-Game\Game\Assets\StarterAssets\Environment\Art\Textures\Grid_01_Emissive.png.meta
26/5/2025 11:57:08 am Data Extracted!
26/5/2025 11:57:08 am Saving Results...
26/5/2025 11:57:08 am Saving File: d4d6919451fe3e24388816386a6d15a4.json
26/5/2025 11:57:08 am Done!!
26/5/2025 11:57:08 am Analyzing File: D:\XRFix\dataset_collection\overall\VR-AR-Game\Game\Assets\StarterAssets\Environment\Art\Textures\Grid_01_Normal.png.meta
26/5/2025 11:57:08 am Data Extracted!
26/5/2025 11:57:08 am Saving Results...
26/5/2025 11:57:08 am Saving File: c5c221ed57a3bf6488f8eba0db28a004.json
26/5/2025 11:57:08 am Done!!
26/5/2025 11:57:08 am Analyzing File: D:\XRFix\dataset_collection\overall\VR-AR-Game\Game\Assets\StarterAssets\Environment\Art\Textures\Grid_02_BaseMap.png.meta
26/5/2025 11:57:08 am Data Extracted!
26/5/2025 11:57:08 am Saving Results...
26/5/2025 11:57:08 am Saving File: fb01986f785fb447d89241693acb7e27.json
26/5/2025 11:57:08 am Done!!
26/5/2025 11:57:08 am Analyzing File: D:\XRFix\dataset_collection\overall\VR-AR-Game\Game\Assets\StarterAssets\FirstPersonController\Prefabs.meta
26/5/2025 11:57:08 am Data Extracted!
26/5/2025 11:57:08 am Saving Results...
26/5/2025 11:57:08 am Saving File: 3547d539220f51a4599294020a5f42cf.json
26/5/2025 11:57:08 am Done!!
26/5/2025 11:57:08 am Analyzing File: D:\XRFix\dataset_collection\overall\VR-AR-Game\Game\Assets\StarterAssets\FirstPersonController\Scenes.meta
26/5/2025 11:57:08 am Data Extracted!
26/5/2025 11:57:08 am Saving Results...
26/5/2025 11:57:08 am Saving File: 560d37d8517c937418f56f4db8462f7f.json
26/5/2025 11:57:08 am Done!!
26/5/2025 11:57:08 am Analyzing File: D:\XRFix\dataset_collection\overall\VR-AR-Game\Game\Assets\StarterAssets\FirstPersonController\Scripts.meta
26/5/2025 11:57:08 am Data Extracted!
26/5/2025 11:57:08 am Saving Results...
26/5/2025 11:57:08 am Saving File: d945aebbdf256954aadf016c19fcea09.json
26/5/2025 11:57:08 am Done!!
26/5/2025 11:57:08 am Analyzing File: D:\XRFix\dataset_collection\overall\VR-AR-Game\Game\Assets\StarterAssets\FirstPersonController\Scenes\Playground.meta
26/5/2025 11:57:08 am Data Extracted!
26/5/2025 11:57:08 am Saving Results...
26/5/2025 11:57:08 am Saving File: ece444ad7ba310d4c9fa193b1bcfe706.json
26/5/2025 11:57:08 am Done!!
26/5/2025 11:57:08 am Analyzing File: D:\XRFix\dataset_collection\overall\VR-AR-Game\Game\Assets\StarterAssets\FirstPersonController\Scenes\PlaygroundSettings.lighting.meta
26/5/2025 11:57:08 am Data Extracted!
26/5/2025 11:57:08 am Saving Results...
26/5/2025 11:57:08 am Saving File: 027dc98253d80d849acc2271be9bffaf.json
26/5/2025 11:57:08 am Done!!
26/5/2025 11:57:08 am Analyzing File: D:\XRFix\dataset_collection\overall\VR-AR-Game\Game\Assets\StarterAssets\FirstPersonController\Scenes\Playground\LightingData.asset.meta
26/5/2025 11:57:08 am Data Extracted!
26/5/2025 11:57:08 am Saving Results...
26/5/2025 11:57:08 am Saving File: 2690b0834b22e2940b40018922228eb6.json
26/5/2025 11:57:08 am Done!!
26/5/2025 11:57:08 am Analyzing File: D:\XRFix\dataset_collection\overall\VR-AR-Game\Game\Assets\StarterAssets\FirstPersonController\Scenes\Playground\ReflectionProbe-0.exr.meta
26/5/2025 11:57:08 am Data Extracted!
26/5/2025 11:57:08 am Saving Results...
26/5/2025 11:57:08 am Saving File: ac547032e7ab2874b8b53ccbfec07526.json
26/5/2025 11:57:08 am Done!!
26/5/2025 11:57:08 am Analyzing File: D:\XRFix\dataset_collection\overall\VR-AR-Game\Game\Assets\StarterAssets\FirstPersonController\Scenes\Playground\ReflectionProbe-1.exr.meta
26/5/2025 11:57:08 am Data Extracted!
26/5/2025 11:57:08 am Saving Results...
26/5/2025 11:57:08 am Saving File: 5515cbebf3ef1144ebf8d50ed9091e17.json
26/5/2025 11:57:08 am Done!!
26/5/2025 11:57:08 am Analyzing File: D:\XRFix\dataset_collection\overall\VR-AR-Game\Game\Assets\StarterAssets\FirstPersonController\Scenes\Playground\ReflectionProbe-2.exr.meta
26/5/2025 11:57:08 am Data Extracted!
26/5/2025 11:57:08 am Saving Results...
26/5/2025 11:57:08 am Saving File: c49ef192a57a5af42a728163b2468c8a.json
26/5/2025 11:57:08 am Done!!
26/5/2025 11:57:08 am Analyzing File: D:\XRFix\dataset_collection\overall\VR-AR-Game\Game\Assets\StarterAssets\FirstPersonController\Scripts\BasicRigidBodyPush.cs.meta
26/5/2025 11:57:08 am Data Extracted!
26/5/2025 11:57:08 am Saving Results...
26/5/2025 11:57:08 am Saving File: 909d917d73a63f940ac158d02e936645.json
26/5/2025 11:57:08 am Done!!
26/5/2025 11:57:08 am Analyzing File: D:\XRFix\dataset_collection\overall\VR-AR-Game\Game\Assets\StarterAssets\FirstPersonController\Scripts\FirstPersonController.cs.meta
26/5/2025 11:57:08 am Data Extracted!
26/5/2025 11:57:08 am Saving Results...
26/5/2025 11:57:08 am Saving File: 55919ac34a26952479f3fc91f777b2fa.json
26/5/2025 11:57:08 am Done!!
26/5/2025 11:57:08 am Analyzing File: D:\XRFix\dataset_collection\overall\VR-AR-Game\Game\Assets\StarterAssets\InputSystem\StarterAssets.inputactions.meta
26/5/2025 11:57:08 am Data Extracted!
26/5/2025 11:57:08 am Saving Results...
26/5/2025 11:57:08 am Saving File: 4419d82f33d36e848b3ed5af4c8da37e.json
26/5/2025 11:57:08 am Done!!
26/5/2025 11:57:08 am Analyzing File: D:\XRFix\dataset_collection\overall\VR-AR-Game\Game\Assets\StarterAssets\InputSystem\StarterAssets.inputsettings.asset.meta
26/5/2025 11:57:08 am Data Extracted!
26/5/2025 11:57:08 am Saving Results...
26/5/2025 11:57:08 am Saving File: 9e7be553448fa2546aea5752021cbcf7.json
26/5/2025 11:57:08 am Done!!
26/5/2025 11:57:08 am Analyzing File: D:\XRFix\dataset_collection\overall\VR-AR-Game\Game\Assets\StarterAssets\InputSystem\StarterAssetsInputs.cs.meta
26/5/2025 11:57:08 am Data Extracted!
26/5/2025 11:57:08 am Saving Results...
26/5/2025 11:57:08 am Saving File: e087ecce43ebbff45a1b360637807d93.json
26/5/2025 11:57:08 am Done!!
26/5/2025 11:57:08 am Analyzing File: D:\XRFix\dataset_collection\overall\VR-AR-Game\Game\Assets\StarterAssets\Mobile\Prefabs.meta
26/5/2025 11:57:08 am Data Extracted!
26/5/2025 11:57:08 am Saving Results...
26/5/2025 11:57:08 am Saving File: 49852dd85b2de7b4997a61317937f2e1.json
26/5/2025 11:57:08 am Done!!
26/5/2025 11:57:08 am Analyzing File: D:\XRFix\dataset_collection\overall\VR-AR-Game\Game\Assets\StarterAssets\Mobile\Scripts.meta
26/5/2025 11:57:08 am Data Extracted!
26/5/2025 11:57:08 am Saving Results...
26/5/2025 11:57:08 am Saving File: 7b0e507958fc3a940b3afabb02fdb2cc.json
26/5/2025 11:57:08 am Done!!
26/5/2025 11:57:08 am Analyzing File: D:\XRFix\dataset_collection\overall\VR-AR-Game\Game\Assets\StarterAssets\Mobile\UI.meta
26/5/2025 11:57:08 am Data Extracted!
26/5/2025 11:57:08 am Saving Results...
26/5/2025 11:57:08 am Saving File: e7fdf9603bb47074a9b04a3eb60ffcd8.json
26/5/2025 11:57:08 am Done!!
26/5/2025 11:57:08 am Analyzing File: D:\XRFix\dataset_collection\overall\VR-AR-Game\Game\Assets\StarterAssets\Mobile\Prefabs\CanvasInputs.meta
26/5/2025 11:57:08 am Data Extracted!
26/5/2025 11:57:08 am Saving Results...
26/5/2025 11:57:08 am Saving File: 6ac91ba6d254abc4c98c1a8868673b28.json
26/5/2025 11:57:08 am Done!!
26/5/2025 11:57:08 am Analyzing File: D:\XRFix\dataset_collection\overall\VR-AR-Game\Game\Assets\StarterAssets\Mobile\Prefabs\EventSystem.meta
26/5/2025 11:57:08 am Data Extracted!
26/5/2025 11:57:08 am Saving Results...
26/5/2025 11:57:08 am Saving File: c89b887ca267db84f895ccd75713a923.json
26/5/2025 11:57:08 am Done!!
26/5/2025 11:57:08 am Analyzing File: D:\XRFix\dataset_collection\overall\VR-AR-Game\Game\Assets\StarterAssets\Mobile\Prefabs\VirtualInputs.meta
26/5/2025 11:57:08 am Data Extracted!
26/5/2025 11:57:08 am Saving Results...
26/5/2025 11:57:08 am Saving File: 7f242e43338822940a6223675e92f05d.json
26/5/2025 11:57:08 am Done!!
26/5/2025 11:57:08 am Analyzing File: D:\XRFix\dataset_collection\overall\VR-AR-Game\Game\Assets\StarterAssets\Mobile\Scripts\CanvasInputs.meta
26/5/2025 11:57:08 am Data Extracted!
26/5/2025 11:57:08 am Saving Results...
26/5/2025 11:57:08 am Saving File: 0777899404b4b2b4696f1032f3231697.json
26/5/2025 11:57:08 am Done!!
26/5/2025 11:57:08 am Analyzing File: D:\XRFix\dataset_collection\overall\VR-AR-Game\Game\Assets\StarterAssets\Mobile\Scripts\Utilities.meta
26/5/2025 11:57:08 am Data Extracted!
26/5/2025 11:57:08 am Saving Results...
26/5/2025 11:57:08 am Saving File: a499c73a35b488449a6f9e9db9e88120.json
26/5/2025 11:57:08 am Done!!
26/5/2025 11:57:08 am Analyzing File: D:\XRFix\dataset_collection\overall\VR-AR-Game\Game\Assets\StarterAssets\Mobile\Scripts\VirtualInputs.meta
26/5/2025 11:57:08 am Data Extracted!
26/5/2025 11:57:08 am Saving Results...
26/5/2025 11:57:08 am Saving File: bcc364c89270bab40a69cac58f5ae926.json
26/5/2025 11:57:08 am Done!!
26/5/2025 11:57:08 am Analyzing File: D:\XRFix\dataset_collection\overall\VR-AR-Game\Game\Assets\StarterAssets\Mobile\Scripts\CanvasInputs\UICanvasControllerInput.cs.meta
26/5/2025 11:57:08 am Data Extracted!
26/5/2025 11:57:08 am Saving Results...
26/5/2025 11:57:08 am Saving File: 4a300d010f57451488aa99000126fbd5.json
26/5/2025 11:57:08 am Done!!
26/5/2025 11:57:08 am Analyzing File: D:\XRFix\dataset_collection\overall\VR-AR-Game\Game\Assets\StarterAssets\Mobile\Scripts\Utilities\MobileDisableAutoSwitchControls.cs.meta
26/5/2025 11:57:08 am Data Extracted!
26/5/2025 11:57:08 am Saving Results...
26/5/2025 11:57:08 am Saving File: 901182334643ba1438a25accc6bd0c79.json
26/5/2025 11:57:08 am Done!!
26/5/2025 11:57:08 am Analyzing File: D:\XRFix\dataset_collection\overall\VR-AR-Game\Game\Assets\StarterAssets\Mobile\Scripts\VirtualInputs\UIVirtualButton.cs.meta
26/5/2025 11:57:08 am Data Extracted!
26/5/2025 11:57:08 am Saving Results...
26/5/2025 11:57:08 am Saving File: 448cd6d8e2f2cb04096e777d99974bc4.json
26/5/2025 11:57:08 am Done!!
26/5/2025 11:57:08 am Analyzing File: D:\XRFix\dataset_collection\overall\VR-AR-Game\Game\Assets\StarterAssets\Mobile\Scripts\VirtualInputs\UIVirtualJoystick.cs.meta
26/5/2025 11:57:08 am Data Extracted!
26/5/2025 11:57:08 am Saving Results...
26/5/2025 11:57:08 am Saving File: f2cb8c4d669392748bb924209de33b85.json
26/5/2025 11:57:08 am Done!!
26/5/2025 11:57:08 am Analyzing File: D:\XRFix\dataset_collection\overall\VR-AR-Game\Game\Assets\StarterAssets\Mobile\Scripts\VirtualInputs\UIVirtualTouchZone.cs.meta
26/5/2025 11:57:08 am Data Extracted!
26/5/2025 11:57:08 am Saving Results...
26/5/2025 11:57:08 am Saving File: 65870f34fef70aa44b0f562cfc810220.json
26/5/2025 11:57:08 am Done!!
26/5/2025 11:57:08 am Analyzing File: D:\XRFix\dataset_collection\overall\VR-AR-Game\Game\Assets\StarterAssets\Mobile\UI\UI_Circle_Bevel_Base.png.meta
26/5/2025 11:57:08 am Data Extracted!
26/5/2025 11:57:08 am Saving Results...
26/5/2025 11:57:08 am Saving File: b74c31d447d2f5d41a61081bdf5e7126.json
26/5/2025 11:57:08 am Done!!
26/5/2025 11:57:08 am Analyzing File: D:\XRFix\dataset_collection\overall\VR-AR-Game\Game\Assets\StarterAssets\Mobile\UI\UI_Circle_Faded.png.meta
26/5/2025 11:57:08 am Data Extracted!
26/5/2025 11:57:08 am Saving Results...
26/5/2025 11:57:08 am Saving File: 90ded0611e490aa4ba6961afbfc2280d.json
26/5/2025 11:57:08 am Done!!
26/5/2025 11:57:08 am Analyzing File: D:\XRFix\dataset_collection\overall\VR-AR-Game\Game\Assets\StarterAssets\Mobile\UI\UI_Icon_Jump.png.meta
26/5/2025 11:57:08 am Data Extracted!
26/5/2025 11:57:08 am Saving Results...
26/5/2025 11:57:08 am Saving File: 751aa1b6637101946b2fdbb7aa27d6ad.json
26/5/2025 11:57:08 am Done!!
26/5/2025 11:57:08 am Analyzing File: D:\XRFix\dataset_collection\overall\VR-AR-Game\Game\Assets\StarterAssets\Mobile\UI\UI_Icon_Look.png.meta
26/5/2025 11:57:08 am Data Extracted!
26/5/2025 11:57:08 am Saving Results...
26/5/2025 11:57:08 am Saving File: af0ae2dbf3d1efb4f82af377950704a2.json
26/5/2025 11:57:08 am Done!!
26/5/2025 11:57:08 am Analyzing File: D:\XRFix\dataset_collection\overall\VR-AR-Game\Game\Assets\StarterAssets\Mobile\UI\UI_Icon_Move.png.meta
26/5/2025 11:57:08 am Data Extracted!
26/5/2025 11:57:08 am Saving Results...
26/5/2025 11:57:08 am Saving File: ff7bfa7addf40784d86f62b8e4a034a6.json
26/5/2025 11:57:08 am Done!!
26/5/2025 11:57:08 am Analyzing File: D:\XRFix\dataset_collection\overall\VR-AR-Game\Game\Assets\StarterAssets\Mobile\UI\UI_Icon_Sprint.png.meta
26/5/2025 11:57:08 am Data Extracted!
26/5/2025 11:57:08 am Saving Results...
26/5/2025 11:57:08 am Saving File: b0fa70abd2a79904cb00b175dfd8ec7e.json
26/5/2025 11:57:08 am Done!!
26/5/2025 11:57:08 am Analyzing File: D:\XRFix\dataset_collection\overall\VR-AR-Game\Game\Assets\StarterAssets\Settings\High_PipelineAsset.asset.meta
26/5/2025 11:57:08 am Data Extracted!
26/5/2025 11:57:08 am Saving Results...
26/5/2025 11:57:08 am Saving File: 85f61ec9fa7114d5f88c736532abeeef.json
26/5/2025 11:57:08 am Done!!
26/5/2025 11:57:08 am Analyzing File: D:\XRFix\dataset_collection\overall\VR-AR-Game\Game\Assets\StarterAssets\Settings\High_PipelineAsset_ForwardRenderer.asset.meta
26/5/2025 11:57:08 am Data Extracted!
26/5/2025 11:57:08 am Saving Results...
26/5/2025 11:57:08 am Saving File: 3845c0ed313b24e138f25ec5f2faacf0.json
26/5/2025 11:57:08 am Done!!
26/5/2025 11:57:08 am Analyzing File: D:\XRFix\dataset_collection\overall\VR-AR-Game\Game\Assets\StarterAssets\Settings\Low_PipelineAsset.asset.meta
26/5/2025 11:57:08 am Data Extracted!
26/5/2025 11:57:08 am Saving Results...
26/5/2025 11:57:08 am Saving File: d6898ced4e4514f55ab4909252c72153.json
26/5/2025 11:57:08 am Done!!
26/5/2025 11:57:08 am Analyzing File: D:\XRFix\dataset_collection\overall\VR-AR-Game\Game\Assets\StarterAssets\Settings\Low_PipelineAsset_ForwardRenderer.asset.meta
26/5/2025 11:57:08 am Data Extracted!
26/5/2025 11:57:08 am Saving Results...
26/5/2025 11:57:08 am Saving File: 44b37c8f6729f41cfac615998e7cc9f7.json
26/5/2025 11:57:08 am Done!!
26/5/2025 11:57:08 am Analyzing File: D:\XRFix\dataset_collection\overall\VR-AR-Game\Game\Assets\StarterAssets\Settings\Medium_PipelineAsset.asset.meta
26/5/2025 11:57:08 am Data Extracted!
26/5/2025 11:57:08 am Saving Results...
26/5/2025 11:57:08 am Saving File: e00893132ee3140498fd2709faa1a711.json
26/5/2025 11:57:08 am Done!!
26/5/2025 11:57:08 am Analyzing File: D:\XRFix\dataset_collection\overall\VR-AR-Game\Game\Assets\StarterAssets\Settings\Medium_PipelineAsset_ForwardRenderer.asset.meta
26/5/2025 11:57:08 am Data Extracted!
26/5/2025 11:57:08 am Saving Results...
26/5/2025 11:57:08 am Saving File: 871a00306922d48e1872740163b0d74b.json
26/5/2025 11:57:08 am Done!!
26/5/2025 11:57:08 am Analyzing File: D:\XRFix\dataset_collection\overall\VR-AR-Game\Game\Assets\StarterAssets\Settings\Ultra_PipelineAsset.asset.meta
26/5/2025 11:57:08 am Data Extracted!
26/5/2025 11:57:08 am Saving Results...
26/5/2025 11:57:08 am Saving File: 8b79b977e86dc420c9a4b7b6c05a74a8.json
26/5/2025 11:57:08 am Done!!
26/5/2025 11:57:08 am Analyzing File: D:\XRFix\dataset_collection\overall\VR-AR-Game\Game\Assets\StarterAssets\Settings\Ultra_PipelineAsset_ForwardRenderer.asset.meta
26/5/2025 11:57:08 am Data Extracted!
26/5/2025 11:57:08 am Saving Results...
26/5/2025 11:57:08 am Saving File: 4ee808e09c6774436b0c2a048e53e708.json
26/5/2025 11:57:08 am Done!!
26/5/2025 11:57:08 am Analyzing File: D:\XRFix\dataset_collection\overall\VR-AR-Game\Game\Assets\StarterAssets\Settings\Very High_PipelineAsset.asset.meta
26/5/2025 11:57:08 am Data Extracted!
26/5/2025 11:57:08 am Saving Results...
26/5/2025 11:57:08 am Saving File: 6c78c14c4228d46a29bda6557d8041f9.json
26/5/2025 11:57:08 am Done!!
26/5/2025 11:57:08 am Analyzing File: D:\XRFix\dataset_collection\overall\VR-AR-Game\Game\Assets\StarterAssets\Settings\Very High_PipelineAsset_ForwardRenderer.asset.meta
26/5/2025 11:57:08 am Data Extracted!
26/5/2025 11:57:08 am Saving Results...
26/5/2025 11:57:08 am Saving File: 4962dd039b8344ed295c4518245d6c7b.json
26/5/2025 11:57:08 am Done!!
26/5/2025 11:57:08 am Analyzing File: D:\XRFix\dataset_collection\overall\VR-AR-Game\Game\Assets\StarterAssets\Settings\Very Low_PipelineAsset.asset.meta
26/5/2025 11:57:08 am Data Extracted!
26/5/2025 11:57:08 am Saving Results...
26/5/2025 11:57:08 am Saving File: 69480fc1192f04488be5781c2ec080a9.json
26/5/2025 11:57:08 am Done!!
26/5/2025 11:57:08 am Analyzing File: D:\XRFix\dataset_collection\overall\VR-AR-Game\Game\Assets\StarterAssets\Settings\Very Low_PipelineAsset_ForwardRenderer.asset.meta
26/5/2025 11:57:08 am Data Extracted!
26/5/2025 11:57:08 am Saving Results...
26/5/2025 11:57:08 am Saving File: 68e7634ac637d4fa3b93ca66af33aa8a.json
26/5/2025 11:57:08 am Done!!
26/5/2025 11:57:08 am Analyzing File: D:\XRFix\dataset_collection\overall\VR-AR-Game\Game\Assets\StarterAssets\TutorialInfo\Icons.meta
26/5/2025 11:57:08 am Data Extracted!
26/5/2025 11:57:08 am Saving Results...
26/5/2025 11:57:08 am Saving File: bf2b09552ecf8f04294975e07f8da67e.json
26/5/2025 11:57:08 am Done!!
26/5/2025 11:57:08 am Analyzing File: D:\XRFix\dataset_collection\overall\VR-AR-Game\Game\Assets\StarterAssets\TutorialInfo\Scripts.meta
26/5/2025 11:57:08 am Data Extracted!
26/5/2025 11:57:08 am Saving Results...
26/5/2025 11:57:08 am Saving File: e507981323538734da654b4e486dd98e.json
26/5/2025 11:57:08 am Done!!
26/5/2025 11:57:08 am Analyzing File: D:\XRFix\dataset_collection\overall\VR-AR-Game\Game\Assets\StarterAssets\TutorialInfo\Icons\ReadMeImg.PNG.meta
26/5/2025 11:57:08 am Data Extracted!
26/5/2025 11:57:08 am Saving Results...
26/5/2025 11:57:08 am Saving File: 44a17a5b205fcd349a24700e6f5615bd.json
26/5/2025 11:57:08 am Done!!
26/5/2025 11:57:08 am Analyzing File: D:\XRFix\dataset_collection\overall\VR-AR-Game\Game\Assets\StarterAssets\TutorialInfo\Scripts\Editor.meta
26/5/2025 11:57:08 am Data Extracted!
26/5/2025 11:57:08 am Saving Results...
26/5/2025 11:57:08 am Saving File: 1b497d3b7ac964841b8eabe840feba1d.json
26/5/2025 11:57:08 am Done!!
26/5/2025 11:57:08 am Analyzing File: D:\XRFix\dataset_collection\overall\VR-AR-Game\Game\Assets\StarterAssets\TutorialInfo\Scripts\Readme.cs.meta
26/5/2025 11:57:08 am Data Extracted!
26/5/2025 11:57:08 am Saving Results...
26/5/2025 11:57:08 am Saving File: fcf7219bab7fe46a1ad266029b2fee19.json
26/5/2025 11:57:08 am Done!!
26/5/2025 11:57:08 am Analyzing File: D:\XRFix\dataset_collection\overall\VR-AR-Game\Game\Assets\StarterAssets\TutorialInfo\Scripts\Editor\ReadmeEditor.cs.meta
26/5/2025 11:57:08 am Data Extracted!
26/5/2025 11:57:08 am Saving Results...
26/5/2025 11:57:08 am Saving File: 476cc7d7cd9874016adc216baab94a0a.json
26/5/2025 11:57:08 am Done!!
26/5/2025 11:57:08 am Analyzing File: D:\XRFix\dataset_collection\overall\VR-AR-Game\Game\Assets\SunnyLand Artwork\Environment.meta
26/5/2025 11:57:08 am Data Extracted!
26/5/2025 11:57:08 am Saving Results...
26/5/2025 11:57:08 am Saving File: 7174750bdca91466fa784bba50da49b4.json
26/5/2025 11:57:08 am Done!!
26/5/2025 11:57:08 am Analyzing File: D:\XRFix\dataset_collection\overall\VR-AR-Game\Game\Assets\SunnyLand Artwork\Music tracks.meta
26/5/2025 11:57:08 am Data Extracted!
26/5/2025 11:57:08 am Saving Results...
26/5/2025 11:57:08 am Saving File: 11d0145367a1f7d4582da63c71def288.json
26/5/2025 11:57:08 am Done!!
26/5/2025 11:57:08 am Analyzing File: D:\XRFix\dataset_collection\overall\VR-AR-Game\Game\Assets\SunnyLand Artwork\Scenes.meta
26/5/2025 11:57:08 am Data Extracted!
26/5/2025 11:57:08 am Saving Results...
26/5/2025 11:57:08 am Saving File: 2fbfde5acb83dcf45971dff2335ebcb6.json
26/5/2025 11:57:08 am Done!!
26/5/2025 11:57:08 am Analyzing File: D:\XRFix\dataset_collection\overall\VR-AR-Game\Game\Assets\SunnyLand Artwork\Sprites.meta
26/5/2025 11:57:08 am Data Extracted!
26/5/2025 11:57:08 am Saving Results...
26/5/2025 11:57:08 am Saving File: b6238935cfd4648cf866141c0ee28c85.json
26/5/2025 11:57:08 am Done!!
26/5/2025 11:57:08 am Analyzing File: D:\XRFix\dataset_collection\overall\VR-AR-Game\Game\Assets\SunnyLand Artwork\Environment\back.png.meta
26/5/2025 11:57:08 am Data Extracted!
26/5/2025 11:57:08 am Saving Results...
26/5/2025 11:57:08 am Saving File: 8e160a2a620644cd6afef9119dad1093.json
26/5/2025 11:57:08 am Done!!
26/5/2025 11:57:08 am Analyzing File: D:\XRFix\dataset_collection\overall\VR-AR-Game\Game\Assets\SunnyLand Artwork\Environment\middle.png.meta
26/5/2025 11:57:08 am Data Extracted!
26/5/2025 11:57:08 am Saving Results...
26/5/2025 11:57:08 am Saving File: de41d366c687a46beb6a9acaa88c12db.json
26/5/2025 11:57:08 am Done!!
26/5/2025 11:57:08 am Analyzing File: D:\XRFix\dataset_collection\overall\VR-AR-Game\Game\Assets\SunnyLand Artwork\Environment\props.meta
26/5/2025 11:57:08 am Data Extracted!
26/5/2025 11:57:08 am Saving Results...
26/5/2025 11:57:08 am Saving File: 15e7312e0607f4e84aeacdc44a70744c.json
26/5/2025 11:57:08 am Done!!
26/5/2025 11:57:08 am Analyzing File: D:\XRFix\dataset_collection\overall\VR-AR-Game\Game\Assets\SunnyLand Artwork\Environment\Tileset.meta
26/5/2025 11:57:08 am Data Extracted!
26/5/2025 11:57:08 am Saving Results...
26/5/2025 11:57:08 am Saving File: f2b645eff4161c948a381d150c0904d6.json
26/5/2025 11:57:08 am Done!!
26/5/2025 11:57:08 am Analyzing File: D:\XRFix\dataset_collection\overall\VR-AR-Game\Game\Assets\SunnyLand Artwork\Environment\props\big-crate.png.meta
26/5/2025 11:57:08 am Data Extracted!
26/5/2025 11:57:08 am Saving Results...
26/5/2025 11:57:08 am Saving File: 3fc2bbd409bf34ab6af1637bab569da1.json
26/5/2025 11:57:08 am Done!!
26/5/2025 11:57:08 am Analyzing File: D:\XRFix\dataset_collection\overall\VR-AR-Game\Game\Assets\SunnyLand Artwork\Environment\props\block-big.png.meta
26/5/2025 11:57:08 am Data Extracted!
26/5/2025 11:57:08 am Saving Results...
26/5/2025 11:57:08 am Saving File: 5bccf13ce09bd43e39c1c3416d5de92c.json
26/5/2025 11:57:08 am Done!!
26/5/2025 11:57:08 am Analyzing File: D:\XRFix\dataset_collection\overall\VR-AR-Game\Game\Assets\SunnyLand Artwork\Environment\props\block.png.meta
26/5/2025 11:57:08 am Data Extracted!
26/5/2025 11:57:08 am Saving Results...
26/5/2025 11:57:08 am Saving File: 8a8849b7b8b964564b9e89cb1ded0658.json
26/5/2025 11:57:08 am Done!!
26/5/2025 11:57:08 am Analyzing File: D:\XRFix\dataset_collection\overall\VR-AR-Game\Game\Assets\SunnyLand Artwork\Environment\props\bush.png.meta
26/5/2025 11:57:08 am Data Extracted!
26/5/2025 11:57:08 am Saving Results...
26/5/2025 11:57:08 am Saving File: ecc204495234d40f091d828790c56287.json
26/5/2025 11:57:08 am Done!!
26/5/2025 11:57:08 am Analyzing File: D:\XRFix\dataset_collection\overall\VR-AR-Game\Game\Assets\SunnyLand Artwork\Environment\props\crank-down.png.meta
26/5/2025 11:57:08 am Data Extracted!
26/5/2025 11:57:08 am Saving Results...
26/5/2025 11:57:08 am Saving File: d3240c946631a4966b1bcab3db999126.json
26/5/2025 11:57:08 am Done!!
26/5/2025 11:57:08 am Analyzing File: D:\XRFix\dataset_collection\overall\VR-AR-Game\Game\Assets\SunnyLand Artwork\Environment\props\crank-up.png.meta
26/5/2025 11:57:08 am Data Extracted!
26/5/2025 11:57:08 am Saving Results...
26/5/2025 11:57:08 am Saving File: 441a2d89600064d4d9ced045b19d0ae6.json
26/5/2025 11:57:08 am Done!!
26/5/2025 11:57:08 am Analyzing File: D:\XRFix\dataset_collection\overall\VR-AR-Game\Game\Assets\SunnyLand Artwork\Environment\props\crate.png.meta
26/5/2025 11:57:08 am Data Extracted!
26/5/2025 11:57:08 am Saving Results...
26/5/2025 11:57:08 am Saving File: 794aa25d484d140d89ea9601c122ece0.json
26/5/2025 11:57:08 am Done!!
26/5/2025 11:57:08 am Analyzing File: D:\XRFix\dataset_collection\overall\VR-AR-Game\Game\Assets\SunnyLand Artwork\Environment\props\door.png.meta
26/5/2025 11:57:08 am Data Extracted!
26/5/2025 11:57:08 am Saving Results...
26/5/2025 11:57:08 am Saving File: 8a26d60fb45014bcd9bb392106f7c98b.json
26/5/2025 11:57:08 am Done!!
26/5/2025 11:57:08 am Analyzing File: D:\XRFix\dataset_collection\overall\VR-AR-Game\Game\Assets\SunnyLand Artwork\Environment\props\face-block.png.meta
26/5/2025 11:57:08 am Data Extracted!
26/5/2025 11:57:08 am Saving Results...
26/5/2025 11:57:08 am Saving File: f34e83b5f0fe1432cb87276148dc6341.json
26/5/2025 11:57:08 am Done!!
26/5/2025 11:57:08 am Analyzing File: D:\XRFix\dataset_collection\overall\VR-AR-Game\Game\Assets\SunnyLand Artwork\Environment\props\house.png.meta
26/5/2025 11:57:08 am Data Extracted!
26/5/2025 11:57:08 am Saving Results...
26/5/2025 11:57:08 am Saving File: 52422ada2db954026a3ae1f1ba6b4486.json
26/5/2025 11:57:08 am Done!!
26/5/2025 11:57:08 am Analyzing File: D:\XRFix\dataset_collection\overall\VR-AR-Game\Game\Assets\SunnyLand Artwork\Environment\props\palm.png.meta
26/5/2025 11:57:08 am Data Extracted!
26/5/2025 11:57:08 am Saving Results...
26/5/2025 11:57:08 am Saving File: d00948e821f5e424ea01b186fe00a588.json
26/5/2025 11:57:08 am Done!!
26/5/2025 11:57:08 am Analyzing File: D:\XRFix\dataset_collection\overall\VR-AR-Game\Game\Assets\SunnyLand Artwork\Environment\props\pine.png.meta
26/5/2025 11:57:08 am Data Extracted!
26/5/2025 11:57:08 am Saving Results...
26/5/2025 11:57:08 am Saving File: ac7d28ce47ebffc4c9a4f1f8f24eb385.json
26/5/2025 11:57:08 am Done!!
26/5/2025 11:57:08 am Analyzing File: D:\XRFix\dataset_collection\overall\VR-AR-Game\Game\Assets\SunnyLand Artwork\Environment\props\plant-house.png.meta
26/5/2025 11:57:08 am Data Extracted!
26/5/2025 11:57:08 am Saving Results...
26/5/2025 11:57:08 am Saving File: 4aadbdeb8a80c664a8fd117c907b5f3f.json
26/5/2025 11:57:08 am Done!!
26/5/2025 11:57:08 am Analyzing File: D:\XRFix\dataset_collection\overall\VR-AR-Game\Game\Assets\SunnyLand Artwork\Environment\props\platform-long.png.meta
26/5/2025 11:57:08 am Data Extracted!
26/5/2025 11:57:08 am Saving Results...
26/5/2025 11:57:08 am Saving File: 15fdc3c0ac15e4a62b3f968392db8b58.json
26/5/2025 11:57:08 am Done!!
26/5/2025 11:57:08 am Analyzing File: D:\XRFix\dataset_collection\overall\VR-AR-Game\Game\Assets\SunnyLand Artwork\Environment\props\rock-1.png.meta
26/5/2025 11:57:08 am Data Extracted!
26/5/2025 11:57:08 am Saving Results...
26/5/2025 11:57:08 am Saving File: 4b8df3e837c15134e966ef69ce5e536d.json
26/5/2025 11:57:08 am Done!!
26/5/2025 11:57:08 am Analyzing File: D:\XRFix\dataset_collection\overall\VR-AR-Game\Game\Assets\SunnyLand Artwork\Environment\props\rock-2.png.meta
26/5/2025 11:57:08 am Data Extracted!
26/5/2025 11:57:08 am Saving Results...
26/5/2025 11:57:08 am Saving File: f842a2b2f2d69854880419b90645f628.json
26/5/2025 11:57:08 am Done!!
26/5/2025 11:57:08 am Analyzing File: D:\XRFix\dataset_collection\overall\VR-AR-Game\Game\Assets\SunnyLand Artwork\Environment\props\rock.png.meta
26/5/2025 11:57:08 am Data Extracted!
26/5/2025 11:57:08 am Saving Results...
26/5/2025 11:57:08 am Saving File: 3604a08945c65491a9ffb90ad9a8ff57.json
26/5/2025 11:57:08 am Done!!
26/5/2025 11:57:08 am Analyzing File: D:\XRFix\dataset_collection\overall\VR-AR-Game\Game\Assets\SunnyLand Artwork\Environment\props\shrooms.png.meta
26/5/2025 11:57:08 am Data Extracted!
26/5/2025 11:57:08 am Saving Results...
26/5/2025 11:57:08 am Saving File: f106f73fc33df4c4d9a3e8a5cb54db28.json
26/5/2025 11:57:08 am Done!!
26/5/2025 11:57:08 am Analyzing File: D:\XRFix\dataset_collection\overall\VR-AR-Game\Game\Assets\SunnyLand Artwork\Environment\props\sign.png.meta
26/5/2025 11:57:08 am Data Extracted!
26/5/2025 11:57:08 am Saving Results...
26/5/2025 11:57:08 am Saving File: 42820af2772f24bda991ed7de294c2fd.json
26/5/2025 11:57:08 am Done!!
26/5/2025 11:57:08 am Analyzing File: D:\XRFix\dataset_collection\overall\VR-AR-Game\Game\Assets\SunnyLand Artwork\Environment\props\skulls.png.meta
26/5/2025 11:57:08 am Data Extracted!
26/5/2025 11:57:08 am Saving Results...
26/5/2025 11:57:08 am Saving File: a86fabb3151544d25b4310ff397f732a.json
26/5/2025 11:57:08 am Done!!
26/5/2025 11:57:08 am Analyzing File: D:\XRFix\dataset_collection\overall\VR-AR-Game\Game\Assets\SunnyLand Artwork\Environment\props\small-platform.png.meta
26/5/2025 11:57:08 am Data Extracted!
26/5/2025 11:57:08 am Saving Results...
26/5/2025 11:57:08 am Saving File: d3ae29bc873704d6197af9ad030f1b1c.json
26/5/2025 11:57:08 am Done!!
26/5/2025 11:57:08 am Analyzing File: D:\XRFix\dataset_collection\overall\VR-AR-Game\Game\Assets\SunnyLand Artwork\Environment\props\spike-skull.png.meta
26/5/2025 11:57:08 am Data Extracted!
26/5/2025 11:57:08 am Saving Results...
26/5/2025 11:57:08 am Saving File: a225befe4953547da8c4133e5d585029.json
26/5/2025 11:57:08 am Done!!
26/5/2025 11:57:08 am Analyzing File: D:\XRFix\dataset_collection\overall\VR-AR-Game\Game\Assets\SunnyLand Artwork\Environment\props\spikes-top.png.meta
26/5/2025 11:57:08 am Data Extracted!
26/5/2025 11:57:08 am Saving Results...
26/5/2025 11:57:08 am Saving File: c6803a2a3fe7f45e786b788e8ddb6771.json
26/5/2025 11:57:08 am Done!!
26/5/2025 11:57:08 am Analyzing File: D:\XRFix\dataset_collection\overall\VR-AR-Game\Game\Assets\SunnyLand Artwork\Environment\props\spikes.png.meta
26/5/2025 11:57:08 am Data Extracted!
26/5/2025 11:57:08 am Saving Results...
26/5/2025 11:57:08 am Saving File: 0049772a1acaf4a49b69bb504ffe2669.json
26/5/2025 11:57:08 am Done!!
26/5/2025 11:57:08 am Analyzing File: D:\XRFix\dataset_collection\overall\VR-AR-Game\Game\Assets\SunnyLand Artwork\Environment\props\straw-house.png.meta
26/5/2025 11:57:08 am Data Extracted!
26/5/2025 11:57:08 am Saving Results...
26/5/2025 11:57:08 am Saving File: 5001f9f26a272e74fa435bb63818b664.json
26/5/2025 11:57:08 am Done!!
26/5/2025 11:57:08 am Analyzing File: D:\XRFix\dataset_collection\overall\VR-AR-Game\Game\Assets\SunnyLand Artwork\Environment\props\tree-2.png.meta
26/5/2025 11:57:08 am Data Extracted!
26/5/2025 11:57:08 am Saving Results...
26/5/2025 11:57:08 am Saving File: bce2d1c9ca0475e4cb876c354b7b0121.json
26/5/2025 11:57:08 am Done!!
26/5/2025 11:57:08 am Analyzing File: D:\XRFix\dataset_collection\overall\VR-AR-Game\Game\Assets\SunnyLand Artwork\Environment\props\tree-house.png.meta
26/5/2025 11:57:08 am Data Extracted!
26/5/2025 11:57:08 am Saving Results...
26/5/2025 11:57:08 am Saving File: c9e075b5047b72547932a059854fe9d0.json
26/5/2025 11:57:08 am Done!!
26/5/2025 11:57:08 am Analyzing File: D:\XRFix\dataset_collection\overall\VR-AR-Game\Game\Assets\SunnyLand Artwork\Environment\props\tree.png.meta
26/5/2025 11:57:08 am Data Extracted!
26/5/2025 11:57:08 am Saving Results...
26/5/2025 11:57:08 am Saving File: f7187675ec12e4aacaeb0e97ad31230a.json
26/5/2025 11:57:08 am Done!!
26/5/2025 11:57:08 am Analyzing File: D:\XRFix\dataset_collection\overall\VR-AR-Game\Game\Assets\SunnyLand Artwork\Environment\props\wooden-house.png.meta
26/5/2025 11:57:08 am Data Extracted!
26/5/2025 11:57:08 am Saving Results...
26/5/2025 11:57:08 am Saving File: 81dd090b36d240b4a9abef020ad7dcd4.json
26/5/2025 11:57:08 am Done!!
26/5/2025 11:57:08 am Analyzing File: D:\XRFix\dataset_collection\overall\VR-AR-Game\Game\Assets\SunnyLand Artwork\Environment\Tileset\tileset-sliced.png.meta
26/5/2025 11:57:08 am Data Extracted!
26/5/2025 11:57:08 am Saving Results...
26/5/2025 11:57:08 am Saving File: 261212b977f594d5dbc48631a5c1295c.json
26/5/2025 11:57:08 am Done!!
26/5/2025 11:57:08 am Analyzing File: D:\XRFix\dataset_collection\overall\VR-AR-Game\Game\Assets\SunnyLand Artwork\Environment\Tileset\tileset-sliced_0.asset.meta
26/5/2025 11:57:08 am Data Extracted!
26/5/2025 11:57:08 am Saving Results...
26/5/2025 11:57:08 am Saving File: bb3520a55781a954abe89b92bcdc313f.json
26/5/2025 11:57:08 am Done!!
26/5/2025 11:57:08 am Analyzing File: D:\XRFix\dataset_collection\overall\VR-AR-Game\Game\Assets\SunnyLand Artwork\Environment\Tileset\tileset-sliced_1.asset.meta
26/5/2025 11:57:08 am Data Extracted!
26/5/2025 11:57:08 am Saving Results...
26/5/2025 11:57:08 am Saving File: 33ec2b05aed6ce54798a0f17c661f8a8.json
26/5/2025 11:57:08 am Done!!
26/5/2025 11:57:08 am Analyzing File: D:\XRFix\dataset_collection\overall\VR-AR-Game\Game\Assets\SunnyLand Artwork\Environment\Tileset\tileset-sliced_10.asset.meta
26/5/2025 11:57:08 am Data Extracted!
26/5/2025 11:57:08 am Saving Results...
26/5/2025 11:57:08 am Saving File: 5fea5f896fa49674389d58add967afa9.json
26/5/2025 11:57:08 am Done!!
26/5/2025 11:57:08 am Analyzing File: D:\XRFix\dataset_collection\overall\VR-AR-Game\Game\Assets\SunnyLand Artwork\Environment\Tileset\tileset-sliced_100.asset.meta
26/5/2025 11:57:08 am Data Extracted!
26/5/2025 11:57:08 am Saving Results...
26/5/2025 11:57:08 am Saving File: 872081b14e7089c4c8aa4ca2ff04d870.json
26/5/2025 11:57:08 am Done!!
26/5/2025 11:57:08 am Analyzing File: D:\XRFix\dataset_collection\overall\VR-AR-Game\Game\Assets\SunnyLand Artwork\Environment\Tileset\tileset-sliced_101.asset.meta
26/5/2025 11:57:08 am Data Extracted!
26/5/2025 11:57:08 am Saving Results...
26/5/2025 11:57:08 am Saving File: d9209c26ad7b5b2488a99ef47d768a56.json
26/5/2025 11:57:08 am Done!!
26/5/2025 11:57:08 am Analyzing File: D:\XRFix\dataset_collection\overall\VR-AR-Game\Game\Assets\SunnyLand Artwork\Environment\Tileset\tileset-sliced_102.asset.meta
26/5/2025 11:57:08 am Data Extracted!
26/5/2025 11:57:08 am Saving Results...
26/5/2025 11:57:08 am Saving File: 24daafe29b6f3634fab0ccce66a01e75.json
26/5/2025 11:57:08 am Done!!
26/5/2025 11:57:08 am Analyzing File: D:\XRFix\dataset_collection\overall\VR-AR-Game\Game\Assets\SunnyLand Artwork\Environment\Tileset\tileset-sliced_103.asset.meta
26/5/2025 11:57:08 am Data Extracted!
26/5/2025 11:57:08 am Saving Results...
26/5/2025 11:57:08 am Saving File: 7646a69dd68f4ea498b5b936d64ce07f.json
26/5/2025 11:57:08 am Done!!
26/5/2025 11:57:08 am Analyzing File: D:\XRFix\dataset_collection\overall\VR-AR-Game\Game\Assets\SunnyLand Artwork\Environment\Tileset\tileset-sliced_104.asset.meta
26/5/2025 11:57:08 am Data Extracted!
26/5/2025 11:57:08 am Saving Results...
26/5/2025 11:57:08 am Saving File: ef23768d2fc963c4cac1ae3e66489dd1.json
26/5/2025 11:57:08 am Done!!
26/5/2025 11:57:08 am Analyzing File: D:\XRFix\dataset_collection\overall\VR-AR-Game\Game\Assets\SunnyLand Artwork\Environment\Tileset\tileset-sliced_105.asset.meta
26/5/2025 11:57:08 am Data Extracted!
26/5/2025 11:57:08 am Saving Results...
26/5/2025 11:57:08 am Saving File: 702786ea6838f6f4abf83953a91e4961.json
26/5/2025 11:57:08 am Done!!
26/5/2025 11:57:08 am Analyzing File: D:\XRFix\dataset_collection\overall\VR-AR-Game\Game\Assets\SunnyLand Artwork\Environment\Tileset\tileset-sliced_106.asset.meta
26/5/2025 11:57:08 am Data Extracted!
26/5/2025 11:57:08 am Saving Results...
26/5/2025 11:57:08 am Saving File: 59b06d2d0eac74e44a1e31ae4c52d5f2.json
26/5/2025 11:57:08 am Done!!
26/5/2025 11:57:08 am Analyzing File: D:\XRFix\dataset_collection\overall\VR-AR-Game\Game\Assets\SunnyLand Artwork\Environment\Tileset\tileset-sliced_107.asset.meta
26/5/2025 11:57:08 am Data Extracted!
26/5/2025 11:57:08 am Saving Results...
26/5/2025 11:57:08 am Saving File: 5a80fe4c8be81024e8b13735ff923ee7.json
26/5/2025 11:57:08 am Done!!
26/5/2025 11:57:08 am Analyzing File: D:\XRFix\dataset_collection\overall\VR-AR-Game\Game\Assets\SunnyLand Artwork\Environment\Tileset\tileset-sliced_108.asset.meta
26/5/2025 11:57:08 am Data Extracted!
26/5/2025 11:57:08 am Saving Results...
26/5/2025 11:57:08 am Saving File: db366fc30687e6048a06685114ccb6f3.json
26/5/2025 11:57:08 am Done!!
26/5/2025 11:57:08 am Analyzing File: D:\XRFix\dataset_collection\overall\VR-AR-Game\Game\Assets\SunnyLand Artwork\Environment\Tileset\tileset-sliced_109.asset.meta
26/5/2025 11:57:08 am Data Extracted!
26/5/2025 11:57:08 am Saving Results...
26/5/2025 11:57:08 am Saving File: 88ebfe9a21771ba4abbdad7e0e8cde1f.json
26/5/2025 11:57:08 am Done!!
26/5/2025 11:57:08 am Analyzing File: D:\XRFix\dataset_collection\overall\VR-AR-Game\Game\Assets\SunnyLand Artwork\Environment\Tileset\tileset-sliced_11.asset.meta
26/5/2025 11:57:08 am Data Extracted!
26/5/2025 11:57:08 am Saving Results...
26/5/2025 11:57:08 am Saving File: dbd12c47406d66c4d837cd67f6157a9f.json
26/5/2025 11:57:08 am Done!!
26/5/2025 11:57:08 am Analyzing File: D:\XRFix\dataset_collection\overall\VR-AR-Game\Game\Assets\SunnyLand Artwork\Environment\Tileset\tileset-sliced_110.asset.meta
26/5/2025 11:57:08 am Data Extracted!
26/5/2025 11:57:08 am Saving Results...
26/5/2025 11:57:08 am Saving File: 356e51e55dc771d43a2af1141ac0c6ae.json
26/5/2025 11:57:08 am Done!!
26/5/2025 11:57:08 am Analyzing File: D:\XRFix\dataset_collection\overall\VR-AR-Game\Game\Assets\SunnyLand Artwork\Environment\Tileset\tileset-sliced_111.asset.meta
26/5/2025 11:57:08 am Data Extracted!
26/5/2025 11:57:08 am Saving Results...
26/5/2025 11:57:08 am Saving File: 9eda67683fc37264da2456a2a6d1501e.json
26/5/2025 11:57:08 am Done!!
26/5/2025 11:57:08 am Analyzing File: D:\XRFix\dataset_collection\overall\VR-AR-Game\Game\Assets\SunnyLand Artwork\Environment\Tileset\tileset-sliced_112.asset.meta
26/5/2025 11:57:08 am Data Extracted!
26/5/2025 11:57:08 am Saving Results...
26/5/2025 11:57:08 am Saving File: ce280b8864d26644192ff34f7082bbd5.json
26/5/2025 11:57:08 am Done!!
26/5/2025 11:57:08 am Analyzing File: D:\XRFix\dataset_collection\overall\VR-AR-Game\Game\Assets\SunnyLand Artwork\Environment\Tileset\tileset-sliced_113.asset.meta
26/5/2025 11:57:08 am Data Extracted!
26/5/2025 11:57:08 am Saving Results...
26/5/2025 11:57:08 am Saving File: 82a7d5602284f5a498f8947d101ac846.json
26/5/2025 11:57:08 am Done!!
26/5/2025 11:57:08 am Analyzing File: D:\XRFix\dataset_collection\overall\VR-AR-Game\Game\Assets\SunnyLand Artwork\Environment\Tileset\tileset-sliced_114.asset.meta
26/5/2025 11:57:08 am Data Extracted!
26/5/2025 11:57:08 am Saving Results...
26/5/2025 11:57:08 am Saving File: 6618f48f6179dd44fa6025c6a5c33e18.json
26/5/2025 11:57:08 am Done!!
26/5/2025 11:57:08 am Analyzing File: D:\XRFix\dataset_collection\overall\VR-AR-Game\Game\Assets\SunnyLand Artwork\Environment\Tileset\tileset-sliced_115.asset.meta
26/5/2025 11:57:08 am Data Extracted!
26/5/2025 11:57:08 am Saving Results...
26/5/2025 11:57:08 am Saving File: 91e72082293ffcd43a34ec6fd0b1ef6a.json
26/5/2025 11:57:08 am Done!!
26/5/2025 11:57:08 am Analyzing File: D:\XRFix\dataset_collection\overall\VR-AR-Game\Game\Assets\SunnyLand Artwork\Environment\Tileset\tileset-sliced_116.asset.meta
26/5/2025 11:57:08 am Data Extracted!
26/5/2025 11:57:08 am Saving Results...
26/5/2025 11:57:08 am Saving File: a75a0b2b05406ca4d952f5b870cd4054.json
26/5/2025 11:57:08 am Done!!
26/5/2025 11:57:08 am Analyzing File: D:\XRFix\dataset_collection\overall\VR-AR-Game\Game\Assets\SunnyLand Artwork\Environment\Tileset\tileset-sliced_117.asset.meta
26/5/2025 11:57:08 am Data Extracted!
26/5/2025 11:57:08 am Saving Results...
26/5/2025 11:57:08 am Saving File: b19f1edd95b052d47943ba291d5dec4f.json
26/5/2025 11:57:08 am Done!!
26/5/2025 11:57:08 am Analyzing File: D:\XRFix\dataset_collection\overall\VR-AR-Game\Game\Assets\SunnyLand Artwork\Environment\Tileset\tileset-sliced_118.asset.meta
26/5/2025 11:57:08 am Data Extracted!
26/5/2025 11:57:08 am Saving Results...
26/5/2025 11:57:08 am Saving File: 961a3dc3220ba2144b5f2972da84bd8c.json
26/5/2025 11:57:08 am Done!!
26/5/2025 11:57:08 am Analyzing File: D:\XRFix\dataset_collection\overall\VR-AR-Game\Game\Assets\SunnyLand Artwork\Environment\Tileset\tileset-sliced_119.asset.meta
26/5/2025 11:57:08 am Data Extracted!
26/5/2025 11:57:08 am Saving Results...
26/5/2025 11:57:08 am Saving File: 1735121839f70a64e87f9b212a625f67.json
26/5/2025 11:57:08 am Done!!
26/5/2025 11:57:08 am Analyzing File: D:\XRFix\dataset_collection\overall\VR-AR-Game\Game\Assets\SunnyLand Artwork\Environment\Tileset\tileset-sliced_12.asset.meta
26/5/2025 11:57:08 am Data Extracted!
26/5/2025 11:57:08 am Saving Results...
26/5/2025 11:57:08 am Saving File: 441afb49a6a3c8e41820d8d218442054.json
26/5/2025 11:57:08 am Done!!
26/5/2025 11:57:08 am Analyzing File: D:\XRFix\dataset_collection\overall\VR-AR-Game\Game\Assets\SunnyLand Artwork\Environment\Tileset\tileset-sliced_120.asset.meta
26/5/2025 11:57:08 am Data Extracted!
26/5/2025 11:57:08 am Saving Results...
26/5/2025 11:57:08 am Saving File: 4512977c341572544acfe4df3f83a298.json
26/5/2025 11:57:08 am Done!!
26/5/2025 11:57:08 am Analyzing File: D:\XRFix\dataset_collection\overall\VR-AR-Game\Game\Assets\SunnyLand Artwork\Environment\Tileset\tileset-sliced_121.asset.meta
26/5/2025 11:57:08 am Data Extracted!
26/5/2025 11:57:08 am Saving Results...
26/5/2025 11:57:08 am Saving File: 589ddd6a4136a7342b3950abecb89e2c.json
26/5/2025 11:57:08 am Done!!
26/5/2025 11:57:08 am Analyzing File: D:\XRFix\dataset_collection\overall\VR-AR-Game\Game\Assets\SunnyLand Artwork\Environment\Tileset\tileset-sliced_122.asset.meta
26/5/2025 11:57:08 am Data Extracted!
26/5/2025 11:57:08 am Saving Results...
26/5/2025 11:57:08 am Saving File: d196c04e921d9b74091edb8436f7e9ec.json
26/5/2025 11:57:08 am Done!!
26/5/2025 11:57:08 am Analyzing File: D:\XRFix\dataset_collection\overall\VR-AR-Game\Game\Assets\SunnyLand Artwork\Environment\Tileset\tileset-sliced_123.asset.meta
26/5/2025 11:57:08 am Data Extracted!
26/5/2025 11:57:08 am Saving Results...
26/5/2025 11:57:08 am Saving File: e77276b823626c14383483ee1d7c42f9.json
26/5/2025 11:57:08 am Done!!
26/5/2025 11:57:08 am Analyzing File: D:\XRFix\dataset_collection\overall\VR-AR-Game\Game\Assets\SunnyLand Artwork\Environment\Tileset\tileset-sliced_124.asset.meta
26/5/2025 11:57:08 am Data Extracted!
26/5/2025 11:57:08 am Saving Results...
26/5/2025 11:57:08 am Saving File: 3010b24de58d5904e8a14d6374475698.json
26/5/2025 11:57:08 am Done!!
26/5/2025 11:57:08 am Analyzing File: D:\XRFix\dataset_collection\overall\VR-AR-Game\Game\Assets\SunnyLand Artwork\Environment\Tileset\tileset-sliced_125.asset.meta
26/5/2025 11:57:08 am Data Extracted!
26/5/2025 11:57:08 am Saving Results...
26/5/2025 11:57:08 am Saving File: bd3763d1031ef3e459b11d693e13aeaa.json
26/5/2025 11:57:08 am Done!!
26/5/2025 11:57:08 am Analyzing File: D:\XRFix\dataset_collection\overall\VR-AR-Game\Game\Assets\SunnyLand Artwork\Environment\Tileset\tileset-sliced_126.asset.meta
26/5/2025 11:57:08 am Data Extracted!
26/5/2025 11:57:08 am Saving Results...
26/5/2025 11:57:08 am Saving File: 92eef5bde894aee4ca83a8d5b8bec657.json
26/5/2025 11:57:08 am Done!!
26/5/2025 11:57:08 am Analyzing File: D:\XRFix\dataset_collection\overall\VR-AR-Game\Game\Assets\SunnyLand Artwork\Environment\Tileset\tileset-sliced_127.asset.meta
26/5/2025 11:57:08 am Data Extracted!
26/5/2025 11:57:08 am Saving Results...
26/5/2025 11:57:08 am Saving File: ec3def75f01e94748978c225c79d0db9.json
26/5/2025 11:57:08 am Done!!
26/5/2025 11:57:08 am Analyzing File: D:\XRFix\dataset_collection\overall\VR-AR-Game\Game\Assets\SunnyLand Artwork\Environment\Tileset\tileset-sliced_13.asset.meta
26/5/2025 11:57:08 am Data Extracted!
26/5/2025 11:57:08 am Saving Results...
26/5/2025 11:57:08 am Saving File: b7db3835f44776744aa6b17f5fe0bd26.json
26/5/2025 11:57:08 am Done!!
26/5/2025 11:57:08 am Analyzing File: D:\XRFix\dataset_collection\overall\VR-AR-Game\Game\Assets\SunnyLand Artwork\Environment\Tileset\tileset-sliced_14.asset.meta
26/5/2025 11:57:08 am Data Extracted!
26/5/2025 11:57:08 am Saving Results...
26/5/2025 11:57:08 am Saving File: 70ef95d2121c6204d95aeb88bfbc0504.json
26/5/2025 11:57:08 am Done!!
26/5/2025 11:57:08 am Analyzing File: D:\XRFix\dataset_collection\overall\VR-AR-Game\Game\Assets\SunnyLand Artwork\Environment\Tileset\tileset-sliced_15.asset.meta
26/5/2025 11:57:08 am Data Extracted!
26/5/2025 11:57:08 am Saving Results...
26/5/2025 11:57:08 am Saving File: 32661da8ce8dd3644bc6468732fc6bf5.json
26/5/2025 11:57:08 am Done!!
26/5/2025 11:57:08 am Analyzing File: D:\XRFix\dataset_collection\overall\VR-AR-Game\Game\Assets\SunnyLand Artwork\Environment\Tileset\tileset-sliced_16.asset.meta
26/5/2025 11:57:08 am Data Extracted!
26/5/2025 11:57:08 am Saving Results...
26/5/2025 11:57:08 am Saving File: 5248c970fd9211546bd3464de6f3c51c.json
26/5/2025 11:57:08 am Done!!
26/5/2025 11:57:08 am Analyzing File: D:\XRFix\dataset_collection\overall\VR-AR-Game\Game\Assets\SunnyLand Artwork\Environment\Tileset\tileset-sliced_17.asset.meta
26/5/2025 11:57:08 am Data Extracted!
26/5/2025 11:57:08 am Saving Results...
26/5/2025 11:57:08 am Saving File: b9344e08b64d36842b6d88a418a3aa1f.json
26/5/2025 11:57:08 am Done!!
26/5/2025 11:57:08 am Analyzing File: D:\XRFix\dataset_collection\overall\VR-AR-Game\Game\Assets\SunnyLand Artwork\Environment\Tileset\tileset-sliced_18.asset.meta
26/5/2025 11:57:08 am Data Extracted!
26/5/2025 11:57:08 am Saving Results...
26/5/2025 11:57:08 am Saving File: 0162cdbfcae4110498f6e1d3e35b1c55.json
26/5/2025 11:57:08 am Done!!
26/5/2025 11:57:08 am Analyzing File: D:\XRFix\dataset_collection\overall\VR-AR-Game\Game\Assets\SunnyLand Artwork\Environment\Tileset\tileset-sliced_19.asset.meta
26/5/2025 11:57:08 am Data Extracted!
26/5/2025 11:57:08 am Saving Results...
26/5/2025 11:57:08 am Saving File: e7347a6ca6d80754a80ca305ccabfeb6.json
26/5/2025 11:57:08 am Done!!
26/5/2025 11:57:08 am Analyzing File: D:\XRFix\dataset_collection\overall\VR-AR-Game\Game\Assets\SunnyLand Artwork\Environment\Tileset\tileset-sliced_2.asset.meta
26/5/2025 11:57:08 am Data Extracted!
26/5/2025 11:57:08 am Saving Results...
26/5/2025 11:57:08 am Saving File: 6106597909d47804dad36a5aab5d99b8.json
26/5/2025 11:57:08 am Done!!
26/5/2025 11:57:08 am Analyzing File: D:\XRFix\dataset_collection\overall\VR-AR-Game\Game\Assets\SunnyLand Artwork\Environment\Tileset\tileset-sliced_20.asset.meta
26/5/2025 11:57:08 am Data Extracted!
26/5/2025 11:57:08 am Saving Results...
26/5/2025 11:57:08 am Saving File: bf52b14d19901034bbb8f9bc58d03e32.json
26/5/2025 11:57:08 am Done!!
26/5/2025 11:57:08 am Analyzing File: D:\XRFix\dataset_collection\overall\VR-AR-Game\Game\Assets\SunnyLand Artwork\Environment\Tileset\tileset-sliced_21.asset.meta
26/5/2025 11:57:08 am Data Extracted!
26/5/2025 11:57:08 am Saving Results...
26/5/2025 11:57:08 am Saving File: b02df6a39c3c60445993c5f9235b37e3.json
26/5/2025 11:57:08 am Done!!
26/5/2025 11:57:08 am Analyzing File: D:\XRFix\dataset_collection\overall\VR-AR-Game\Game\Assets\SunnyLand Artwork\Environment\Tileset\tileset-sliced_22.asset.meta
26/5/2025 11:57:08 am Data Extracted!
26/5/2025 11:57:08 am Saving Results...
26/5/2025 11:57:08 am Saving File: 8c933fd3ebbc0d84c974cc1d5dcc48d9.json
26/5/2025 11:57:08 am Done!!
26/5/2025 11:57:08 am Analyzing File: D:\XRFix\dataset_collection\overall\VR-AR-Game\Game\Assets\SunnyLand Artwork\Environment\Tileset\tileset-sliced_23.asset.meta
26/5/2025 11:57:08 am Data Extracted!
26/5/2025 11:57:08 am Saving Results...
26/5/2025 11:57:08 am Saving File: f507f9c2862ce4846baef785fb27a5f1.json
26/5/2025 11:57:08 am Done!!
26/5/2025 11:57:08 am Analyzing File: D:\XRFix\dataset_collection\overall\VR-AR-Game\Game\Assets\SunnyLand Artwork\Environment\Tileset\tileset-sliced_24.asset.meta
26/5/2025 11:57:08 am Data Extracted!
26/5/2025 11:57:08 am Saving Results...
26/5/2025 11:57:08 am Saving File: c541c54721a16c2469f4cc6e8d48c303.json
26/5/2025 11:57:08 am Done!!
26/5/2025 11:57:08 am Analyzing File: D:\XRFix\dataset_collection\overall\VR-AR-Game\Game\Assets\SunnyLand Artwork\Environment\Tileset\tileset-sliced_25.asset.meta
26/5/2025 11:57:08 am Data Extracted!
26/5/2025 11:57:08 am Saving Results...
26/5/2025 11:57:08 am Saving File: 0e4d7fffb7e9c434c9dad1d562df3bdf.json
26/5/2025 11:57:08 am Done!!
26/5/2025 11:57:08 am Analyzing File: D:\XRFix\dataset_collection\overall\VR-AR-Game\Game\Assets\SunnyLand Artwork\Environment\Tileset\tileset-sliced_26.asset.meta
26/5/2025 11:57:08 am Data Extracted!
26/5/2025 11:57:08 am Saving Results...
26/5/2025 11:57:08 am Saving File: 5aee560c5f58ecd4da0c90ceb8da0308.json
26/5/2025 11:57:08 am Done!!
26/5/2025 11:57:08 am Analyzing File: D:\XRFix\dataset_collection\overall\VR-AR-Game\Game\Assets\SunnyLand Artwork\Environment\Tileset\tileset-sliced_27.asset.meta
26/5/2025 11:57:08 am Data Extracted!
26/5/2025 11:57:08 am Saving Results...
26/5/2025 11:57:08 am Saving File: ff6971726c1dd6f44b2d1531b2fc58e2.json
26/5/2025 11:57:08 am Done!!
26/5/2025 11:57:08 am Analyzing File: D:\XRFix\dataset_collection\overall\VR-AR-Game\Game\Assets\SunnyLand Artwork\Environment\Tileset\tileset-sliced_28.asset.meta
26/5/2025 11:57:08 am Data Extracted!
26/5/2025 11:57:08 am Saving Results...
26/5/2025 11:57:08 am Saving File: 6b437b4fa0d0f4648b4f687cf539ab76.json
26/5/2025 11:57:08 am Done!!
26/5/2025 11:57:08 am Analyzing File: D:\XRFix\dataset_collection\overall\VR-AR-Game\Game\Assets\SunnyLand Artwork\Environment\Tileset\tileset-sliced_29.asset.meta
26/5/2025 11:57:08 am Data Extracted!
26/5/2025 11:57:08 am Saving Results...
26/5/2025 11:57:08 am Saving File: fb5435fde59495f4a9d8d148615b47fa.json
26/5/2025 11:57:08 am Done!!
26/5/2025 11:57:08 am Analyzing File: D:\XRFix\dataset_collection\overall\VR-AR-Game\Game\Assets\SunnyLand Artwork\Environment\Tileset\tileset-sliced_3.asset.meta
26/5/2025 11:57:08 am Data Extracted!
26/5/2025 11:57:08 am Saving Results...
26/5/2025 11:57:08 am Saving File: a0b280c02cbfffe4084f4722ed26afcc.json
26/5/2025 11:57:08 am Done!!
26/5/2025 11:57:08 am Analyzing File: D:\XRFix\dataset_collection\overall\VR-AR-Game\Game\Assets\SunnyLand Artwork\Environment\Tileset\tileset-sliced_30.asset.meta
26/5/2025 11:57:08 am Data Extracted!
26/5/2025 11:57:08 am Saving Results...
26/5/2025 11:57:08 am Saving File: 4c4f101011a3f6f4b91cd4ab5acf104c.json
26/5/2025 11:57:08 am Done!!
26/5/2025 11:57:08 am Analyzing File: D:\XRFix\dataset_collection\overall\VR-AR-Game\Game\Assets\SunnyLand Artwork\Environment\Tileset\tileset-sliced_31.asset.meta
26/5/2025 11:57:08 am Data Extracted!
26/5/2025 11:57:08 am Saving Results...
26/5/2025 11:57:08 am Saving File: a7dca9d71591f534d82dfb8263cc6b2b.json
26/5/2025 11:57:08 am Done!!
26/5/2025 11:57:08 am Analyzing File: D:\XRFix\dataset_collection\overall\VR-AR-Game\Game\Assets\SunnyLand Artwork\Environment\Tileset\tileset-sliced_32.asset.meta
26/5/2025 11:57:08 am Data Extracted!
26/5/2025 11:57:08 am Saving Results...
26/5/2025 11:57:08 am Saving File: cae9a8360392bfd49b13e8cbe579bf85.json
26/5/2025 11:57:08 am Done!!
26/5/2025 11:57:08 am Analyzing File: D:\XRFix\dataset_collection\overall\VR-AR-Game\Game\Assets\SunnyLand Artwork\Environment\Tileset\tileset-sliced_33.asset.meta
26/5/2025 11:57:08 am Data Extracted!
26/5/2025 11:57:08 am Saving Results...
26/5/2025 11:57:08 am Saving File: 617e78c004a17874bba2e83fd1509baa.json
26/5/2025 11:57:08 am Done!!
26/5/2025 11:57:08 am Analyzing File: D:\XRFix\dataset_collection\overall\VR-AR-Game\Game\Assets\SunnyLand Artwork\Environment\Tileset\tileset-sliced_34.asset.meta
26/5/2025 11:57:08 am Data Extracted!
26/5/2025 11:57:08 am Saving Results...
26/5/2025 11:57:08 am Saving File: ebb04c796935ff349956ff30bf515073.json
26/5/2025 11:57:08 am Done!!
26/5/2025 11:57:08 am Analyzing File: D:\XRFix\dataset_collection\overall\VR-AR-Game\Game\Assets\SunnyLand Artwork\Environment\Tileset\tileset-sliced_35.asset.meta
26/5/2025 11:57:08 am Data Extracted!
26/5/2025 11:57:08 am Saving Results...
26/5/2025 11:57:08 am Saving File: d497bb3d933aaad4b90a7c77e66b856a.json
26/5/2025 11:57:08 am Done!!
26/5/2025 11:57:08 am Analyzing File: D:\XRFix\dataset_collection\overall\VR-AR-Game\Game\Assets\SunnyLand Artwork\Environment\Tileset\tileset-sliced_36.asset.meta
26/5/2025 11:57:08 am Data Extracted!
26/5/2025 11:57:08 am Saving Results...
26/5/2025 11:57:08 am Saving File: db4fa6d5e47b2bb4fb72eef721796be1.json
26/5/2025 11:57:08 am Done!!
26/5/2025 11:57:08 am Analyzing File: D:\XRFix\dataset_collection\overall\VR-AR-Game\Game\Assets\SunnyLand Artwork\Environment\Tileset\tileset-sliced_37.asset.meta
26/5/2025 11:57:08 am Data Extracted!
26/5/2025 11:57:08 am Saving Results...
26/5/2025 11:57:08 am Saving File: 0db47fab51e28614f89faface3c7e766.json
26/5/2025 11:57:08 am Done!!
26/5/2025 11:57:08 am Analyzing File: D:\XRFix\dataset_collection\overall\VR-AR-Game\Game\Assets\SunnyLand Artwork\Environment\Tileset\tileset-sliced_38.asset.meta
26/5/2025 11:57:08 am Data Extracted!
26/5/2025 11:57:08 am Saving Results...
26/5/2025 11:57:08 am Saving File: 897eed2c71ed45749b27f38e360b92fc.json
26/5/2025 11:57:08 am Done!!
26/5/2025 11:57:08 am Analyzing File: D:\XRFix\dataset_collection\overall\VR-AR-Game\Game\Assets\SunnyLand Artwork\Environment\Tileset\tileset-sliced_39.asset.meta
26/5/2025 11:57:08 am Data Extracted!
26/5/2025 11:57:08 am Saving Results...
26/5/2025 11:57:08 am Saving File: 85df98f43e21653469271533f4038122.json
26/5/2025 11:57:08 am Done!!
26/5/2025 11:57:08 am Analyzing File: D:\XRFix\dataset_collection\overall\VR-AR-Game\Game\Assets\SunnyLand Artwork\Environment\Tileset\tileset-sliced_4.asset.meta
26/5/2025 11:57:08 am Data Extracted!
26/5/2025 11:57:08 am Saving Results...
26/5/2025 11:57:08 am Saving File: 54b92458ba807204c9bec304cecbc5f8.json
26/5/2025 11:57:08 am Done!!
26/5/2025 11:57:08 am Analyzing File: D:\XRFix\dataset_collection\overall\VR-AR-Game\Game\Assets\SunnyLand Artwork\Environment\Tileset\tileset-sliced_40.asset.meta
26/5/2025 11:57:08 am Data Extracted!
26/5/2025 11:57:08 am Saving Results...
26/5/2025 11:57:08 am Saving File: 0403385aea9241d4f905978063b5f6fa.json
26/5/2025 11:57:08 am Done!!
26/5/2025 11:57:08 am Analyzing File: D:\XRFix\dataset_collection\overall\VR-AR-Game\Game\Assets\SunnyLand Artwork\Environment\Tileset\tileset-sliced_41.asset.meta
26/5/2025 11:57:08 am Data Extracted!
26/5/2025 11:57:08 am Saving Results...
26/5/2025 11:57:08 am Saving File: 34e7085cd8d4f5347b0a181164941bef.json
26/5/2025 11:57:08 am Done!!
26/5/2025 11:57:08 am Analyzing File: D:\XRFix\dataset_collection\overall\VR-AR-Game\Game\Assets\SunnyLand Artwork\Environment\Tileset\tileset-sliced_42.asset.meta
26/5/2025 11:57:08 am Data Extracted!
26/5/2025 11:57:08 am Saving Results...
26/5/2025 11:57:08 am Saving File: bd649b0ac389e614584644136213427d.json
26/5/2025 11:57:08 am Done!!
26/5/2025 11:57:08 am Analyzing File: D:\XRFix\dataset_collection\overall\VR-AR-Game\Game\Assets\SunnyLand Artwork\Environment\Tileset\tileset-sliced_43.asset.meta
26/5/2025 11:57:08 am Data Extracted!
26/5/2025 11:57:08 am Saving Results...
26/5/2025 11:57:08 am Saving File: 55bafae4ec7630148bc3460c22a96af9.json
26/5/2025 11:57:08 am Done!!
26/5/2025 11:57:08 am Analyzing File: D:\XRFix\dataset_collection\overall\VR-AR-Game\Game\Assets\SunnyLand Artwork\Environment\Tileset\tileset-sliced_44.asset.meta
26/5/2025 11:57:08 am Data Extracted!
26/5/2025 11:57:08 am Saving Results...
26/5/2025 11:57:08 am Saving File: df5b1426695aee246b7d196f56e559a4.json
26/5/2025 11:57:08 am Done!!
26/5/2025 11:57:08 am Analyzing File: D:\XRFix\dataset_collection\overall\VR-AR-Game\Game\Assets\SunnyLand Artwork\Environment\Tileset\tileset-sliced_45.asset.meta
26/5/2025 11:57:08 am Data Extracted!
26/5/2025 11:57:08 am Saving Results...
26/5/2025 11:57:08 am Saving File: 6232d16a90f135d4ea368d5e8b34b4a3.json
26/5/2025 11:57:08 am Done!!
26/5/2025 11:57:08 am Analyzing File: D:\XRFix\dataset_collection\overall\VR-AR-Game\Game\Assets\SunnyLand Artwork\Environment\Tileset\tileset-sliced_46.asset.meta
26/5/2025 11:57:08 am Data Extracted!
26/5/2025 11:57:08 am Saving Results...
26/5/2025 11:57:08 am Saving File: 5e855e640d9e0ab4fa89e9bea8dc30de.json
26/5/2025 11:57:08 am Done!!
26/5/2025 11:57:08 am Analyzing File: D:\XRFix\dataset_collection\overall\VR-AR-Game\Game\Assets\SunnyLand Artwork\Environment\Tileset\tileset-sliced_47.asset.meta
26/5/2025 11:57:08 am Data Extracted!
26/5/2025 11:57:08 am Saving Results...
26/5/2025 11:57:08 am Saving File: 6267d21089f75674e8925b33d103c902.json
26/5/2025 11:57:08 am Done!!
26/5/2025 11:57:08 am Analyzing File: D:\XRFix\dataset_collection\overall\VR-AR-Game\Game\Assets\SunnyLand Artwork\Environment\Tileset\tileset-sliced_48.asset.meta
26/5/2025 11:57:08 am Data Extracted!
26/5/2025 11:57:08 am Saving Results...
26/5/2025 11:57:08 am Saving File: e5392e55430188a48bcd79da1a30765d.json
26/5/2025 11:57:08 am Done!!
26/5/2025 11:57:08 am Analyzing File: D:\XRFix\dataset_collection\overall\VR-AR-Game\Game\Assets\SunnyLand Artwork\Environment\Tileset\tileset-sliced_49.asset.meta
26/5/2025 11:57:08 am Data Extracted!
26/5/2025 11:57:08 am Saving Results...
26/5/2025 11:57:08 am Saving File: 5ea81004fce0b8c43b0827f2a8fe1a17.json
26/5/2025 11:57:08 am Done!!
26/5/2025 11:57:08 am Analyzing File: D:\XRFix\dataset_collection\overall\VR-AR-Game\Game\Assets\SunnyLand Artwork\Environment\Tileset\tileset-sliced_5.asset.meta
26/5/2025 11:57:08 am Data Extracted!
26/5/2025 11:57:08 am Saving Results...
26/5/2025 11:57:08 am Saving File: 3fd0542d8cef4f94ca67fc667908bbb7.json
26/5/2025 11:57:08 am Done!!
26/5/2025 11:57:08 am Analyzing File: D:\XRFix\dataset_collection\overall\VR-AR-Game\Game\Assets\SunnyLand Artwork\Environment\Tileset\tileset-sliced_50.asset.meta
26/5/2025 11:57:08 am Data Extracted!
26/5/2025 11:57:08 am Saving Results...
26/5/2025 11:57:08 am Saving File: 5e5eaf71b365a1f4bb567388ab72640a.json
26/5/2025 11:57:08 am Done!!
26/5/2025 11:57:08 am Analyzing File: D:\XRFix\dataset_collection\overall\VR-AR-Game\Game\Assets\SunnyLand Artwork\Environment\Tileset\tileset-sliced_51.asset.meta
26/5/2025 11:57:08 am Data Extracted!
26/5/2025 11:57:08 am Saving Results...
26/5/2025 11:57:08 am Saving File: 3bd0c7c51a16804468adfa1189f4d3e7.json
26/5/2025 11:57:08 am Done!!
26/5/2025 11:57:08 am Analyzing File: D:\XRFix\dataset_collection\overall\VR-AR-Game\Game\Assets\SunnyLand Artwork\Environment\Tileset\tileset-sliced_52.asset.meta
26/5/2025 11:57:08 am Data Extracted!
26/5/2025 11:57:08 am Saving Results...
26/5/2025 11:57:08 am Saving File: 96023b3bfc88ddb4180c75fd62a37ed8.json
26/5/2025 11:57:08 am Done!!
26/5/2025 11:57:08 am Analyzing File: D:\XRFix\dataset_collection\overall\VR-AR-Game\Game\Assets\SunnyLand Artwork\Environment\Tileset\tileset-sliced_53.asset.meta
26/5/2025 11:57:08 am Data Extracted!
26/5/2025 11:57:08 am Saving Results...
26/5/2025 11:57:08 am Saving File: e4f7514cb0b1f8a4fa939a375b06a9dd.json
26/5/2025 11:57:08 am Done!!
26/5/2025 11:57:08 am Analyzing File: D:\XRFix\dataset_collection\overall\VR-AR-Game\Game\Assets\SunnyLand Artwork\Environment\Tileset\tileset-sliced_54.asset.meta
26/5/2025 11:57:08 am Data Extracted!
26/5/2025 11:57:08 am Saving Results...
26/5/2025 11:57:08 am Saving File: c2ee9b794942d86438549fd521ed5c44.json
26/5/2025 11:57:08 am Done!!
26/5/2025 11:57:08 am Analyzing File: D:\XRFix\dataset_collection\overall\VR-AR-Game\Game\Assets\SunnyLand Artwork\Environment\Tileset\tileset-sliced_55.asset.meta
26/5/2025 11:57:08 am Data Extracted!
26/5/2025 11:57:08 am Saving Results...
26/5/2025 11:57:08 am Saving File: 7ae52af6c6ab1f340aa1a4291347c476.json
26/5/2025 11:57:08 am Done!!
26/5/2025 11:57:08 am Analyzing File: D:\XRFix\dataset_collection\overall\VR-AR-Game\Game\Assets\SunnyLand Artwork\Environment\Tileset\tileset-sliced_56.asset.meta
26/5/2025 11:57:08 am Data Extracted!
26/5/2025 11:57:08 am Saving Results...
26/5/2025 11:57:08 am Saving File: 94aa16297ba86b84d90dd5ebd3ce384f.json
26/5/2025 11:57:08 am Done!!
26/5/2025 11:57:08 am Analyzing File: D:\XRFix\dataset_collection\overall\VR-AR-Game\Game\Assets\SunnyLand Artwork\Environment\Tileset\tileset-sliced_57.asset.meta
26/5/2025 11:57:08 am Data Extracted!
26/5/2025 11:57:08 am Saving Results...
26/5/2025 11:57:08 am Saving File: 85936b914a1f6db4abe8b90aee8c2e20.json
26/5/2025 11:57:08 am Done!!
26/5/2025 11:57:08 am Analyzing File: D:\XRFix\dataset_collection\overall\VR-AR-Game\Game\Assets\SunnyLand Artwork\Environment\Tileset\tileset-sliced_58.asset.meta
26/5/2025 11:57:08 am Data Extracted!
26/5/2025 11:57:08 am Saving Results...
26/5/2025 11:57:08 am Saving File: 26a3ae836e2b82e43847066439abedc6.json
26/5/2025 11:57:08 am Done!!
26/5/2025 11:57:08 am Analyzing File: D:\XRFix\dataset_collection\overall\VR-AR-Game\Game\Assets\SunnyLand Artwork\Environment\Tileset\tileset-sliced_59.asset.meta
26/5/2025 11:57:08 am Data Extracted!
26/5/2025 11:57:08 am Saving Results...
26/5/2025 11:57:08 am Saving File: 816cd67d36b9e13408f323bcf7d82ebe.json
26/5/2025 11:57:08 am Done!!
26/5/2025 11:57:08 am Analyzing File: D:\XRFix\dataset_collection\overall\VR-AR-Game\Game\Assets\SunnyLand Artwork\Environment\Tileset\tileset-sliced_6.asset.meta
26/5/2025 11:57:08 am Data Extracted!
26/5/2025 11:57:08 am Saving Results...
26/5/2025 11:57:08 am Saving File: 86c556afa3a132048b03b316efc9f897.json
26/5/2025 11:57:08 am Done!!
26/5/2025 11:57:08 am Analyzing File: D:\XRFix\dataset_collection\overall\VR-AR-Game\Game\Assets\SunnyLand Artwork\Environment\Tileset\tileset-sliced_60.asset.meta
26/5/2025 11:57:08 am Data Extracted!
26/5/2025 11:57:08 am Saving Results...
26/5/2025 11:57:08 am Saving File: 5c8b9551abdb8ca489078ff9de589364.json
26/5/2025 11:57:08 am Done!!
26/5/2025 11:57:08 am Analyzing File: D:\XRFix\dataset_collection\overall\VR-AR-Game\Game\Assets\SunnyLand Artwork\Environment\Tileset\tileset-sliced_61.asset.meta
26/5/2025 11:57:08 am Data Extracted!
26/5/2025 11:57:08 am Saving Results...
26/5/2025 11:57:08 am Saving File: 38276c4cd23f6bb45a4df847849ceaa2.json
26/5/2025 11:57:08 am Done!!
26/5/2025 11:57:08 am Analyzing File: D:\XRFix\dataset_collection\overall\VR-AR-Game\Game\Assets\SunnyLand Artwork\Environment\Tileset\tileset-sliced_62.asset.meta
26/5/2025 11:57:08 am Data Extracted!
26/5/2025 11:57:08 am Saving Results...
26/5/2025 11:57:08 am Saving File: 8eeb48ed30f7a1542b6cfeb217ae36f2.json
26/5/2025 11:57:08 am Done!!
26/5/2025 11:57:08 am Analyzing File: D:\XRFix\dataset_collection\overall\VR-AR-Game\Game\Assets\SunnyLand Artwork\Environment\Tileset\tileset-sliced_63.asset.meta
26/5/2025 11:57:08 am Data Extracted!
26/5/2025 11:57:08 am Saving Results...
26/5/2025 11:57:08 am Saving File: 772edceb43b2f0543ab7be0cc5f7851a.json
26/5/2025 11:57:08 am Done!!
26/5/2025 11:57:08 am Analyzing File: D:\XRFix\dataset_collection\overall\VR-AR-Game\Game\Assets\SunnyLand Artwork\Environment\Tileset\tileset-sliced_64.asset.meta
26/5/2025 11:57:08 am Data Extracted!
26/5/2025 11:57:08 am Saving Results...
26/5/2025 11:57:08 am Saving File: 289e056c352bcc0438d5a175da7cb378.json
26/5/2025 11:57:08 am Done!!
26/5/2025 11:57:08 am Analyzing File: D:\XRFix\dataset_collection\overall\VR-AR-Game\Game\Assets\SunnyLand Artwork\Environment\Tileset\tileset-sliced_65.asset.meta
26/5/2025 11:57:08 am Data Extracted!
26/5/2025 11:57:08 am Saving Results...
26/5/2025 11:57:08 am Saving File: fe8c6c3d73d8be340a49bfa1339236a4.json
26/5/2025 11:57:08 am Done!!
26/5/2025 11:57:08 am Analyzing File: D:\XRFix\dataset_collection\overall\VR-AR-Game\Game\Assets\SunnyLand Artwork\Environment\Tileset\tileset-sliced_66.asset.meta
26/5/2025 11:57:08 am Data Extracted!
26/5/2025 11:57:08 am Saving Results...
26/5/2025 11:57:08 am Saving File: 0e47bc3f4f4fa6842bcc126de133fd67.json
26/5/2025 11:57:08 am Done!!
26/5/2025 11:57:08 am Analyzing File: D:\XRFix\dataset_collection\overall\VR-AR-Game\Game\Assets\SunnyLand Artwork\Environment\Tileset\tileset-sliced_67.asset.meta
26/5/2025 11:57:08 am Data Extracted!
26/5/2025 11:57:08 am Saving Results...
26/5/2025 11:57:08 am Saving File: 119c502018dad434bbdccc32e76491e8.json
26/5/2025 11:57:08 am Done!!
26/5/2025 11:57:08 am Analyzing File: D:\XRFix\dataset_collection\overall\VR-AR-Game\Game\Assets\SunnyLand Artwork\Environment\Tileset\tileset-sliced_68.asset.meta
26/5/2025 11:57:08 am Data Extracted!
26/5/2025 11:57:08 am Saving Results...
26/5/2025 11:57:08 am Saving File: 627d8301bf5f71246898586a86120f54.json
26/5/2025 11:57:08 am Done!!
26/5/2025 11:57:08 am Analyzing File: D:\XRFix\dataset_collection\overall\VR-AR-Game\Game\Assets\SunnyLand Artwork\Environment\Tileset\tileset-sliced_69.asset.meta
26/5/2025 11:57:08 am Data Extracted!
26/5/2025 11:57:08 am Saving Results...
26/5/2025 11:57:08 am Saving File: e185933dd07e3b04c9f1b9bccde48919.json
26/5/2025 11:57:08 am Done!!
26/5/2025 11:57:08 am Analyzing File: D:\XRFix\dataset_collection\overall\VR-AR-Game\Game\Assets\SunnyLand Artwork\Environment\Tileset\tileset-sliced_7.asset.meta
26/5/2025 11:57:08 am Data Extracted!
26/5/2025 11:57:08 am Saving Results...
26/5/2025 11:57:08 am Saving File: b7f23a79dfd6b104593150a2da274ec8.json
26/5/2025 11:57:08 am Done!!
26/5/2025 11:57:08 am Analyzing File: D:\XRFix\dataset_collection\overall\VR-AR-Game\Game\Assets\SunnyLand Artwork\Environment\Tileset\tileset-sliced_70.asset.meta
26/5/2025 11:57:08 am Data Extracted!
26/5/2025 11:57:08 am Saving Results...
26/5/2025 11:57:08 am Saving File: 812a3bb7082abc34db8466cb0104cb00.json
26/5/2025 11:57:08 am Done!!
26/5/2025 11:57:08 am Analyzing File: D:\XRFix\dataset_collection\overall\VR-AR-Game\Game\Assets\SunnyLand Artwork\Environment\Tileset\tileset-sliced_71.asset.meta
26/5/2025 11:57:08 am Data Extracted!
26/5/2025 11:57:08 am Saving Results...
26/5/2025 11:57:08 am Saving File: c2b6e1875fa9c10419f6f334f9b8183c.json
26/5/2025 11:57:08 am Done!!
26/5/2025 11:57:08 am Analyzing File: D:\XRFix\dataset_collection\overall\VR-AR-Game\Game\Assets\SunnyLand Artwork\Environment\Tileset\tileset-sliced_72.asset.meta
26/5/2025 11:57:08 am Data Extracted!
26/5/2025 11:57:08 am Saving Results...
26/5/2025 11:57:08 am Saving File: 74bcfd18541b84f49a56abbee0b62b83.json
26/5/2025 11:57:08 am Done!!
26/5/2025 11:57:08 am Analyzing File: D:\XRFix\dataset_collection\overall\VR-AR-Game\Game\Assets\SunnyLand Artwork\Environment\Tileset\tileset-sliced_73.asset.meta
26/5/2025 11:57:08 am Data Extracted!
26/5/2025 11:57:08 am Saving Results...
26/5/2025 11:57:08 am Saving File: 2a6be504e1cf8ef4c814fac1c3528612.json
26/5/2025 11:57:08 am Done!!
26/5/2025 11:57:08 am Analyzing File: D:\XRFix\dataset_collection\overall\VR-AR-Game\Game\Assets\SunnyLand Artwork\Environment\Tileset\tileset-sliced_74.asset.meta
26/5/2025 11:57:08 am Data Extracted!
26/5/2025 11:57:08 am Saving Results...
26/5/2025 11:57:08 am Saving File: c6552e41282d9554087c672319895a4e.json
26/5/2025 11:57:08 am Done!!
26/5/2025 11:57:08 am Analyzing File: D:\XRFix\dataset_collection\overall\VR-AR-Game\Game\Assets\SunnyLand Artwork\Environment\Tileset\tileset-sliced_75.asset.meta
26/5/2025 11:57:08 am Data Extracted!
26/5/2025 11:57:08 am Saving Results...
26/5/2025 11:57:08 am Saving File: 980de823f08f5c8429c5090bd39089aa.json
26/5/2025 11:57:08 am Done!!
26/5/2025 11:57:08 am Analyzing File: D:\XRFix\dataset_collection\overall\VR-AR-Game\Game\Assets\SunnyLand Artwork\Environment\Tileset\tileset-sliced_76.asset.meta
26/5/2025 11:57:08 am Data Extracted!
26/5/2025 11:57:08 am Saving Results...
26/5/2025 11:57:08 am Saving File: b7a237a064cdb1745bccdc2a214306d1.json
26/5/2025 11:57:08 am Done!!
26/5/2025 11:57:08 am Analyzing File: D:\XRFix\dataset_collection\overall\VR-AR-Game\Game\Assets\SunnyLand Artwork\Environment\Tileset\tileset-sliced_77.asset.meta
26/5/2025 11:57:08 am Data Extracted!
26/5/2025 11:57:08 am Saving Results...
26/5/2025 11:57:08 am Saving File: b987ae056d4ab844ab726fc8a95bac96.json
26/5/2025 11:57:08 am Done!!
26/5/2025 11:57:08 am Analyzing File: D:\XRFix\dataset_collection\overall\VR-AR-Game\Game\Assets\SunnyLand Artwork\Environment\Tileset\tileset-sliced_78.asset.meta
26/5/2025 11:57:08 am Data Extracted!
26/5/2025 11:57:08 am Saving Results...
26/5/2025 11:57:08 am Saving File: 4d820143dabff7f48888a021fb66efe6.json
26/5/2025 11:57:08 am Done!!
26/5/2025 11:57:08 am Analyzing File: D:\XRFix\dataset_collection\overall\VR-AR-Game\Game\Assets\SunnyLand Artwork\Environment\Tileset\tileset-sliced_79.asset.meta
26/5/2025 11:57:08 am Data Extracted!
26/5/2025 11:57:08 am Saving Results...
26/5/2025 11:57:08 am Saving File: f842f5272625778499f47758a1ba3122.json
26/5/2025 11:57:08 am Done!!
26/5/2025 11:57:08 am Analyzing File: D:\XRFix\dataset_collection\overall\VR-AR-Game\Game\Assets\SunnyLand Artwork\Environment\Tileset\tileset-sliced_8.asset.meta
26/5/2025 11:57:08 am Data Extracted!
26/5/2025 11:57:08 am Saving Results...
26/5/2025 11:57:08 am Saving File: d8dc96555df42e94dba565eae3e3e30d.json
26/5/2025 11:57:08 am Done!!
26/5/2025 11:57:08 am Analyzing File: D:\XRFix\dataset_collection\overall\VR-AR-Game\Game\Assets\SunnyLand Artwork\Environment\Tileset\tileset-sliced_80.asset.meta
26/5/2025 11:57:08 am Data Extracted!
26/5/2025 11:57:08 am Saving Results...
26/5/2025 11:57:08 am Saving File: 8ae3a87a378d25c41b1bd3099d07ad4b.json
26/5/2025 11:57:08 am Done!!
26/5/2025 11:57:08 am Analyzing File: D:\XRFix\dataset_collection\overall\VR-AR-Game\Game\Assets\SunnyLand Artwork\Environment\Tileset\tileset-sliced_81.asset.meta
26/5/2025 11:57:08 am Data Extracted!
26/5/2025 11:57:08 am Saving Results...
26/5/2025 11:57:08 am Saving File: dfa50464614d53b49aabdee1f66b799f.json
26/5/2025 11:57:08 am Done!!
26/5/2025 11:57:08 am Analyzing File: D:\XRFix\dataset_collection\overall\VR-AR-Game\Game\Assets\SunnyLand Artwork\Environment\Tileset\tileset-sliced_82.asset.meta
26/5/2025 11:57:08 am Data Extracted!
26/5/2025 11:57:08 am Saving Results...
26/5/2025 11:57:08 am Saving File: d0156377d09f6c34a85bd8fb0c0c14c1.json
26/5/2025 11:57:08 am Done!!
26/5/2025 11:57:08 am Analyzing File: D:\XRFix\dataset_collection\overall\VR-AR-Game\Game\Assets\SunnyLand Artwork\Environment\Tileset\tileset-sliced_83.asset.meta
26/5/2025 11:57:08 am Data Extracted!
26/5/2025 11:57:08 am Saving Results...
26/5/2025 11:57:08 am Saving File: 64acea4efaed06d44bf141d8aaad8f0c.json
26/5/2025 11:57:08 am Done!!
26/5/2025 11:57:08 am Analyzing File: D:\XRFix\dataset_collection\overall\VR-AR-Game\Game\Assets\SunnyLand Artwork\Environment\Tileset\tileset-sliced_84.asset.meta
26/5/2025 11:57:08 am Data Extracted!
26/5/2025 11:57:08 am Saving Results...
26/5/2025 11:57:08 am Saving File: d9c9fcf3b53de8e4f993609cdac7c322.json
26/5/2025 11:57:08 am Done!!
26/5/2025 11:57:08 am Analyzing File: D:\XRFix\dataset_collection\overall\VR-AR-Game\Game\Assets\SunnyLand Artwork\Environment\Tileset\tileset-sliced_85.asset.meta
26/5/2025 11:57:08 am Data Extracted!
26/5/2025 11:57:08 am Saving Results...
26/5/2025 11:57:08 am Saving File: 6b1d8c50cc16b93438a5adc569a81b76.json
26/5/2025 11:57:08 am Done!!
26/5/2025 11:57:08 am Analyzing File: D:\XRFix\dataset_collection\overall\VR-AR-Game\Game\Assets\SunnyLand Artwork\Environment\Tileset\tileset-sliced_86.asset.meta
26/5/2025 11:57:08 am Data Extracted!
26/5/2025 11:57:08 am Saving Results...
26/5/2025 11:57:08 am Saving File: 7bfba1e90edc16141b538fef611d9cd6.json
26/5/2025 11:57:08 am Done!!
26/5/2025 11:57:08 am Analyzing File: D:\XRFix\dataset_collection\overall\VR-AR-Game\Game\Assets\SunnyLand Artwork\Environment\Tileset\tileset-sliced_87.asset.meta
26/5/2025 11:57:08 am Data Extracted!
26/5/2025 11:57:08 am Saving Results...
26/5/2025 11:57:08 am Saving File: 4859dbb994e2e7a48a617ec057901e6d.json
26/5/2025 11:57:08 am Done!!
26/5/2025 11:57:08 am Analyzing File: D:\XRFix\dataset_collection\overall\VR-AR-Game\Game\Assets\SunnyLand Artwork\Environment\Tileset\tileset-sliced_88.asset.meta
26/5/2025 11:57:08 am Data Extracted!
26/5/2025 11:57:08 am Saving Results...
26/5/2025 11:57:08 am Saving File: 7197e56390a633d4ca0dab4b43f1b762.json
26/5/2025 11:57:08 am Done!!
26/5/2025 11:57:08 am Analyzing File: D:\XRFix\dataset_collection\overall\VR-AR-Game\Game\Assets\SunnyLand Artwork\Environment\Tileset\tileset-sliced_89.asset.meta
26/5/2025 11:57:08 am Data Extracted!
26/5/2025 11:57:08 am Saving Results...
26/5/2025 11:57:08 am Saving File: 33c04ad312209db4c90b81d31ebf40f9.json
26/5/2025 11:57:08 am Done!!
26/5/2025 11:57:08 am Analyzing File: D:\XRFix\dataset_collection\overall\VR-AR-Game\Game\Assets\SunnyLand Artwork\Environment\Tileset\tileset-sliced_9.asset.meta
26/5/2025 11:57:08 am Data Extracted!
26/5/2025 11:57:08 am Saving Results...
26/5/2025 11:57:08 am Saving File: 01eacddc850c8594d98ac323a25210ac.json
26/5/2025 11:57:08 am Done!!
26/5/2025 11:57:08 am Analyzing File: D:\XRFix\dataset_collection\overall\VR-AR-Game\Game\Assets\SunnyLand Artwork\Environment\Tileset\tileset-sliced_90.asset.meta
26/5/2025 11:57:08 am Data Extracted!
26/5/2025 11:57:08 am Saving Results...
26/5/2025 11:57:08 am Saving File: 903124808b079484ab00d85e5076cf71.json
26/5/2025 11:57:08 am Done!!
26/5/2025 11:57:08 am Analyzing File: D:\XRFix\dataset_collection\overall\VR-AR-Game\Game\Assets\SunnyLand Artwork\Environment\Tileset\tileset-sliced_91.asset.meta
26/5/2025 11:57:08 am Data Extracted!
26/5/2025 11:57:08 am Saving Results...
26/5/2025 11:57:08 am Saving File: 74561ab308b36374b945e095b269e0e8.json
26/5/2025 11:57:08 am Done!!
26/5/2025 11:57:08 am Analyzing File: D:\XRFix\dataset_collection\overall\VR-AR-Game\Game\Assets\SunnyLand Artwork\Environment\Tileset\tileset-sliced_92.asset.meta
26/5/2025 11:57:08 am Data Extracted!
26/5/2025 11:57:08 am Saving Results...
26/5/2025 11:57:08 am Saving File: d5c3eb2696d74f344bc815a43c1b6ba1.json
26/5/2025 11:57:08 am Done!!
26/5/2025 11:57:08 am Analyzing File: D:\XRFix\dataset_collection\overall\VR-AR-Game\Game\Assets\SunnyLand Artwork\Environment\Tileset\tileset-sliced_93.asset.meta
26/5/2025 11:57:08 am Data Extracted!
26/5/2025 11:57:08 am Saving Results...
26/5/2025 11:57:08 am Saving File: d08547a94b2615b4b838b4c4295940f8.json
26/5/2025 11:57:08 am Done!!
26/5/2025 11:57:08 am Analyzing File: D:\XRFix\dataset_collection\overall\VR-AR-Game\Game\Assets\SunnyLand Artwork\Environment\Tileset\tileset-sliced_94.asset.meta
26/5/2025 11:57:08 am Data Extracted!
26/5/2025 11:57:08 am Saving Results...
26/5/2025 11:57:08 am Saving File: ccae5e21ee7ee474d9191b4fc01077a5.json
26/5/2025 11:57:08 am Done!!
26/5/2025 11:57:08 am Analyzing File: D:\XRFix\dataset_collection\overall\VR-AR-Game\Game\Assets\SunnyLand Artwork\Environment\Tileset\tileset-sliced_95.asset.meta
26/5/2025 11:57:08 am Data Extracted!
26/5/2025 11:57:08 am Saving Results...
26/5/2025 11:57:08 am Saving File: 74a4d29e355d7be4ca0f096801cbfb67.json
26/5/2025 11:57:08 am Done!!
26/5/2025 11:57:08 am Analyzing File: D:\XRFix\dataset_collection\overall\VR-AR-Game\Game\Assets\SunnyLand Artwork\Environment\Tileset\tileset-sliced_96.asset.meta
26/5/2025 11:57:08 am Data Extracted!
26/5/2025 11:57:08 am Saving Results...
26/5/2025 11:57:08 am Saving File: 2da0581e3a69dee46bd67ef0558303bd.json
26/5/2025 11:57:08 am Done!!
26/5/2025 11:57:08 am Analyzing File: D:\XRFix\dataset_collection\overall\VR-AR-Game\Game\Assets\SunnyLand Artwork\Environment\Tileset\tileset-sliced_97.asset.meta
26/5/2025 11:57:08 am Data Extracted!
26/5/2025 11:57:08 am Saving Results...
26/5/2025 11:57:08 am Saving File: fab93e327bbd33a4fbf9b3fea2eb6063.json
26/5/2025 11:57:08 am Done!!
26/5/2025 11:57:08 am Analyzing File: D:\XRFix\dataset_collection\overall\VR-AR-Game\Game\Assets\SunnyLand Artwork\Environment\Tileset\tileset-sliced_98.asset.meta
26/5/2025 11:57:08 am Data Extracted!
26/5/2025 11:57:08 am Saving Results...
26/5/2025 11:57:08 am Saving File: 4857ecee0f7f0ad4eac1bc3b74e07a97.json
26/5/2025 11:57:08 am Done!!
26/5/2025 11:57:08 am Analyzing File: D:\XRFix\dataset_collection\overall\VR-AR-Game\Game\Assets\SunnyLand Artwork\Environment\Tileset\tileset-sliced_99.asset.meta
26/5/2025 11:57:08 am Data Extracted!
26/5/2025 11:57:08 am Saving Results...
26/5/2025 11:57:08 am Saving File: 1f98f6970b7fce24a97d80bfb07728b6.json
26/5/2025 11:57:08 am Done!!
26/5/2025 11:57:08 am Analyzing File: D:\XRFix\dataset_collection\overall\VR-AR-Game\Game\Assets\SunnyLand Artwork\Environment\Tileset\tileset_0.asset.meta
26/5/2025 11:57:08 am Data Extracted!
26/5/2025 11:57:08 am Saving Results...
26/5/2025 11:57:08 am Saving File: 4ad27f0e10458634e88329a569e59be2.json
26/5/2025 11:57:08 am Done!!
26/5/2025 11:57:08 am Analyzing File: D:\XRFix\dataset_collection\overall\VR-AR-Game\Game\Assets\SunnyLand Artwork\Environment\Tileset\tileset_1.asset.meta
26/5/2025 11:57:08 am Data Extracted!
26/5/2025 11:57:08 am Saving Results...
26/5/2025 11:57:08 am Saving File: 84f815afef4d44a43aa4393b83ebf354.json
26/5/2025 11:57:08 am Done!!
26/5/2025 11:57:08 am Analyzing File: D:\XRFix\dataset_collection\overall\VR-AR-Game\Game\Assets\SunnyLand Artwork\Environment\Tileset\tileset_10.asset.meta
26/5/2025 11:57:08 am Data Extracted!
26/5/2025 11:57:08 am Saving Results...
26/5/2025 11:57:08 am Saving File: 8f3803dd8aaba84408a596986bc2df15.json
26/5/2025 11:57:08 am Done!!
26/5/2025 11:57:08 am Analyzing File: D:\XRFix\dataset_collection\overall\VR-AR-Game\Game\Assets\SunnyLand Artwork\Environment\Tileset\tileset_100.asset.meta
26/5/2025 11:57:08 am Data Extracted!
26/5/2025 11:57:08 am Saving Results...
26/5/2025 11:57:08 am Saving File: 962ff6319a07ff847a44b3119f1b6d86.json
26/5/2025 11:57:08 am Done!!
26/5/2025 11:57:08 am Analyzing File: D:\XRFix\dataset_collection\overall\VR-AR-Game\Game\Assets\SunnyLand Artwork\Environment\Tileset\tileset_101.asset.meta
26/5/2025 11:57:08 am Data Extracted!
26/5/2025 11:57:08 am Saving Results...
26/5/2025 11:57:08 am Saving File: eb1a20d9de13f84489c908ef578eb8b2.json
26/5/2025 11:57:08 am Done!!
26/5/2025 11:57:08 am Analyzing File: D:\XRFix\dataset_collection\overall\VR-AR-Game\Game\Assets\SunnyLand Artwork\Environment\Tileset\tileset_102.asset.meta
26/5/2025 11:57:08 am Data Extracted!
26/5/2025 11:57:08 am Saving Results...
26/5/2025 11:57:08 am Saving File: 5c30538ad81883644914a2f7fa4ba235.json
26/5/2025 11:57:08 am Done!!
26/5/2025 11:57:08 am Analyzing File: D:\XRFix\dataset_collection\overall\VR-AR-Game\Game\Assets\SunnyLand Artwork\Environment\Tileset\tileset_103.asset.meta
26/5/2025 11:57:08 am Data Extracted!
26/5/2025 11:57:08 am Saving Results...
26/5/2025 11:57:08 am Saving File: ce3e37894a4bef04bb6e0dd73eef5bf7.json
26/5/2025 11:57:08 am Done!!
26/5/2025 11:57:08 am Analyzing File: D:\XRFix\dataset_collection\overall\VR-AR-Game\Game\Assets\SunnyLand Artwork\Environment\Tileset\tileset_104.asset.meta
26/5/2025 11:57:08 am Data Extracted!
26/5/2025 11:57:08 am Saving Results...
26/5/2025 11:57:08 am Saving File: d3d204bff4015dc40bad3ad2de76fad2.json
26/5/2025 11:57:08 am Done!!
26/5/2025 11:57:08 am Analyzing File: D:\XRFix\dataset_collection\overall\VR-AR-Game\Game\Assets\SunnyLand Artwork\Environment\Tileset\tileset_105.asset.meta
26/5/2025 11:57:08 am Data Extracted!
26/5/2025 11:57:08 am Saving Results...
26/5/2025 11:57:08 am Saving File: 098d0712ca343bc459966e993bb18798.json
26/5/2025 11:57:08 am Done!!
26/5/2025 11:57:08 am Analyzing File: D:\XRFix\dataset_collection\overall\VR-AR-Game\Game\Assets\SunnyLand Artwork\Environment\Tileset\tileset_106.asset.meta
26/5/2025 11:57:08 am Data Extracted!
26/5/2025 11:57:08 am Saving Results...
26/5/2025 11:57:08 am Saving File: feb7c546d2a4abd4c93f3236a91dbc84.json
26/5/2025 11:57:08 am Done!!
26/5/2025 11:57:08 am Analyzing File: D:\XRFix\dataset_collection\overall\VR-AR-Game\Game\Assets\SunnyLand Artwork\Environment\Tileset\tileset_107.asset.meta
26/5/2025 11:57:08 am Data Extracted!
26/5/2025 11:57:08 am Saving Results...
26/5/2025 11:57:08 am Saving File: dc5ccd759b78a984eb2da40fa009bbac.json
26/5/2025 11:57:08 am Done!!
26/5/2025 11:57:08 am Analyzing File: D:\XRFix\dataset_collection\overall\VR-AR-Game\Game\Assets\SunnyLand Artwork\Environment\Tileset\tileset_108.asset.meta
26/5/2025 11:57:08 am Data Extracted!
26/5/2025 11:57:08 am Saving Results...
26/5/2025 11:57:08 am Saving File: 83c6f2019a1ef7b4ba40291bfc2edfb1.json
26/5/2025 11:57:08 am Done!!
26/5/2025 11:57:08 am Analyzing File: D:\XRFix\dataset_collection\overall\VR-AR-Game\Game\Assets\SunnyLand Artwork\Environment\Tileset\tileset_109.asset.meta
26/5/2025 11:57:08 am Data Extracted!
26/5/2025 11:57:08 am Saving Results...
26/5/2025 11:57:08 am Saving File: d296ee11542a9ee4c94ca35cc5de7af9.json
26/5/2025 11:57:08 am Done!!
26/5/2025 11:57:08 am Analyzing File: D:\XRFix\dataset_collection\overall\VR-AR-Game\Game\Assets\SunnyLand Artwork\Environment\Tileset\tileset_11.asset.meta
26/5/2025 11:57:08 am Data Extracted!
26/5/2025 11:57:08 am Saving Results...
26/5/2025 11:57:08 am Saving File: 5814fc6980afaa24894c450aeb7573f1.json
26/5/2025 11:57:08 am Done!!
26/5/2025 11:57:08 am Analyzing File: D:\XRFix\dataset_collection\overall\VR-AR-Game\Game\Assets\SunnyLand Artwork\Environment\Tileset\tileset_110.asset.meta
26/5/2025 11:57:08 am Data Extracted!
26/5/2025 11:57:08 am Saving Results...
26/5/2025 11:57:08 am Saving File: 3ca9990867e269b45aaf164f7e3d84df.json
26/5/2025 11:57:08 am Done!!
26/5/2025 11:57:08 am Analyzing File: D:\XRFix\dataset_collection\overall\VR-AR-Game\Game\Assets\SunnyLand Artwork\Environment\Tileset\tileset_111.asset.meta
26/5/2025 11:57:08 am Data Extracted!
26/5/2025 11:57:08 am Saving Results...
26/5/2025 11:57:08 am Saving File: 06d789a88c4360a45bf53e83f224ffb5.json
26/5/2025 11:57:08 am Done!!
26/5/2025 11:57:08 am Analyzing File: D:\XRFix\dataset_collection\overall\VR-AR-Game\Game\Assets\SunnyLand Artwork\Environment\Tileset\tileset_112.asset.meta
26/5/2025 11:57:08 am Data Extracted!
26/5/2025 11:57:08 am Saving Results...
26/5/2025 11:57:08 am Saving File: be1784ccbd72b6548bb94e8cbd4a0fa9.json
26/5/2025 11:57:08 am Done!!
26/5/2025 11:57:08 am Analyzing File: D:\XRFix\dataset_collection\overall\VR-AR-Game\Game\Assets\SunnyLand Artwork\Environment\Tileset\tileset_113.asset.meta
26/5/2025 11:57:08 am Data Extracted!
26/5/2025 11:57:08 am Saving Results...
26/5/2025 11:57:08 am Saving File: 34bd81e1cbb5de34eb0b925a30d83cbe.json
26/5/2025 11:57:08 am Done!!
26/5/2025 11:57:08 am Analyzing File: D:\XRFix\dataset_collection\overall\VR-AR-Game\Game\Assets\SunnyLand Artwork\Environment\Tileset\tileset_114.asset.meta
26/5/2025 11:57:08 am Data Extracted!
26/5/2025 11:57:08 am Saving Results...
26/5/2025 11:57:08 am Saving File: 7d073cef00ca2534881a7bb2d13e988e.json
26/5/2025 11:57:08 am Done!!
26/5/2025 11:57:08 am Analyzing File: D:\XRFix\dataset_collection\overall\VR-AR-Game\Game\Assets\SunnyLand Artwork\Environment\Tileset\tileset_115.asset.meta
26/5/2025 11:57:08 am Data Extracted!
26/5/2025 11:57:08 am Saving Results...
26/5/2025 11:57:08 am Saving File: aee02a896be3a404790be2c0cfde883e.json
26/5/2025 11:57:08 am Done!!
26/5/2025 11:57:08 am Analyzing File: D:\XRFix\dataset_collection\overall\VR-AR-Game\Game\Assets\SunnyLand Artwork\Environment\Tileset\tileset_116.asset.meta
26/5/2025 11:57:08 am Data Extracted!
26/5/2025 11:57:08 am Saving Results...
26/5/2025 11:57:08 am Saving File: 7d1d36a485942d847aba0c33bfc8b876.json
26/5/2025 11:57:08 am Done!!
26/5/2025 11:57:08 am Analyzing File: D:\XRFix\dataset_collection\overall\VR-AR-Game\Game\Assets\SunnyLand Artwork\Environment\Tileset\tileset_117.asset.meta
26/5/2025 11:57:08 am Data Extracted!
26/5/2025 11:57:08 am Saving Results...
26/5/2025 11:57:08 am Saving File: 538f29f9196545b4fbaae26f096930e5.json
26/5/2025 11:57:08 am Done!!
26/5/2025 11:57:08 am Analyzing File: D:\XRFix\dataset_collection\overall\VR-AR-Game\Game\Assets\SunnyLand Artwork\Environment\Tileset\tileset_118.asset.meta
26/5/2025 11:57:08 am Data Extracted!
26/5/2025 11:57:08 am Saving Results...
26/5/2025 11:57:08 am Saving File: afc0056ff73931544a72236c11305898.json
26/5/2025 11:57:08 am Done!!
26/5/2025 11:57:08 am Analyzing File: D:\XRFix\dataset_collection\overall\VR-AR-Game\Game\Assets\SunnyLand Artwork\Environment\Tileset\tileset_119.asset.meta
26/5/2025 11:57:08 am Data Extracted!
26/5/2025 11:57:08 am Saving Results...
26/5/2025 11:57:08 am Saving File: a5975cd7a255fa540b66d4bdf459a9f5.json
26/5/2025 11:57:08 am Done!!
26/5/2025 11:57:08 am Analyzing File: D:\XRFix\dataset_collection\overall\VR-AR-Game\Game\Assets\SunnyLand Artwork\Environment\Tileset\tileset_12.asset.meta
26/5/2025 11:57:08 am Data Extracted!
26/5/2025 11:57:08 am Saving Results...
26/5/2025 11:57:08 am Saving File: 04e47a048a651c5498966df9616622ed.json
26/5/2025 11:57:08 am Done!!
26/5/2025 11:57:08 am Analyzing File: D:\XRFix\dataset_collection\overall\VR-AR-Game\Game\Assets\SunnyLand Artwork\Environment\Tileset\tileset_120.asset.meta
26/5/2025 11:57:08 am Data Extracted!
26/5/2025 11:57:08 am Saving Results...
26/5/2025 11:57:08 am Saving File: 396e1ed5fdc14f748ac7bfb8d091d5f5.json
26/5/2025 11:57:08 am Done!!
26/5/2025 11:57:08 am Analyzing File: D:\XRFix\dataset_collection\overall\VR-AR-Game\Game\Assets\SunnyLand Artwork\Environment\Tileset\tileset_121.asset.meta
26/5/2025 11:57:08 am Data Extracted!
26/5/2025 11:57:08 am Saving Results...
26/5/2025 11:57:08 am Saving File: 143694b4dba0f7748baf2df80fe2bebe.json
26/5/2025 11:57:08 am Done!!
26/5/2025 11:57:08 am Analyzing File: D:\XRFix\dataset_collection\overall\VR-AR-Game\Game\Assets\SunnyLand Artwork\Environment\Tileset\tileset_122.asset.meta
26/5/2025 11:57:08 am Data Extracted!
26/5/2025 11:57:08 am Saving Results...
26/5/2025 11:57:08 am Saving File: fb6828e38a60fb84a8954d95ca9b0455.json
26/5/2025 11:57:08 am Done!!
26/5/2025 11:57:08 am Analyzing File: D:\XRFix\dataset_collection\overall\VR-AR-Game\Game\Assets\SunnyLand Artwork\Environment\Tileset\tileset_123.asset.meta
26/5/2025 11:57:08 am Data Extracted!
26/5/2025 11:57:08 am Saving Results...
26/5/2025 11:57:08 am Saving File: c176ec7562daff6459e0515d0baba644.json
26/5/2025 11:57:08 am Done!!
26/5/2025 11:57:08 am Analyzing File: D:\XRFix\dataset_collection\overall\VR-AR-Game\Game\Assets\SunnyLand Artwork\Environment\Tileset\tileset_124.asset.meta
26/5/2025 11:57:08 am Data Extracted!
26/5/2025 11:57:08 am Saving Results...
26/5/2025 11:57:08 am Saving File: e17272bd9e9435b49ac24d7204412e2e.json
26/5/2025 11:57:08 am Done!!
26/5/2025 11:57:08 am Analyzing File: D:\XRFix\dataset_collection\overall\VR-AR-Game\Game\Assets\SunnyLand Artwork\Environment\Tileset\tileset_125.asset.meta
26/5/2025 11:57:08 am Data Extracted!
26/5/2025 11:57:08 am Saving Results...
26/5/2025 11:57:08 am Saving File: e71627a39af048949abeb674ca88e01d.json
26/5/2025 11:57:08 am Done!!
26/5/2025 11:57:08 am Analyzing File: D:\XRFix\dataset_collection\overall\VR-AR-Game\Game\Assets\SunnyLand Artwork\Environment\Tileset\tileset_126.asset.meta
26/5/2025 11:57:08 am Data Extracted!
26/5/2025 11:57:08 am Saving Results...
26/5/2025 11:57:08 am Saving File: 0907bd88aa7989c41aaa99ccb34077ac.json
26/5/2025 11:57:08 am Done!!
26/5/2025 11:57:08 am Analyzing File: D:\XRFix\dataset_collection\overall\VR-AR-Game\Game\Assets\SunnyLand Artwork\Environment\Tileset\tileset_127.asset.meta
26/5/2025 11:57:08 am Data Extracted!
26/5/2025 11:57:08 am Saving Results...
26/5/2025 11:57:08 am Saving File: 17558e1d79c8e1147ba6bca2ded2df20.json
26/5/2025 11:57:08 am Done!!
26/5/2025 11:57:08 am Analyzing File: D:\XRFix\dataset_collection\overall\VR-AR-Game\Game\Assets\SunnyLand Artwork\Environment\Tileset\tileset_13.asset.meta
26/5/2025 11:57:08 am Data Extracted!
26/5/2025 11:57:08 am Saving Results...
26/5/2025 11:57:08 am Saving File: 55132d7e4a755f04786fd4c99e6ad945.json
26/5/2025 11:57:08 am Done!!
26/5/2025 11:57:08 am Analyzing File: D:\XRFix\dataset_collection\overall\VR-AR-Game\Game\Assets\SunnyLand Artwork\Environment\Tileset\tileset_14.asset.meta
26/5/2025 11:57:08 am Data Extracted!
26/5/2025 11:57:08 am Saving Results...
26/5/2025 11:57:08 am Saving File: 2868ade8b299f314380321c70daaf3fa.json
26/5/2025 11:57:08 am Done!!
26/5/2025 11:57:08 am Analyzing File: D:\XRFix\dataset_collection\overall\VR-AR-Game\Game\Assets\SunnyLand Artwork\Environment\Tileset\tileset_15.asset.meta
26/5/2025 11:57:08 am Data Extracted!
26/5/2025 11:57:08 am Saving Results...
26/5/2025 11:57:08 am Saving File: decc7f1d0780bb24cadd18ed47a80222.json
26/5/2025 11:57:08 am Done!!
26/5/2025 11:57:08 am Analyzing File: D:\XRFix\dataset_collection\overall\VR-AR-Game\Game\Assets\SunnyLand Artwork\Environment\Tileset\tileset_16.asset.meta
26/5/2025 11:57:08 am Data Extracted!
26/5/2025 11:57:08 am Saving Results...
26/5/2025 11:57:08 am Saving File: 4fa2771b2cb6a3740b771d8343c77633.json
26/5/2025 11:57:08 am Done!!
26/5/2025 11:57:08 am Analyzing File: D:\XRFix\dataset_collection\overall\VR-AR-Game\Game\Assets\SunnyLand Artwork\Environment\Tileset\tileset_17.asset.meta
26/5/2025 11:57:08 am Data Extracted!
26/5/2025 11:57:08 am Saving Results...
26/5/2025 11:57:08 am Saving File: a2568989b96eff441b8422bbda965781.json
26/5/2025 11:57:08 am Done!!
26/5/2025 11:57:08 am Analyzing File: D:\XRFix\dataset_collection\overall\VR-AR-Game\Game\Assets\SunnyLand Artwork\Environment\Tileset\tileset_18.asset.meta
26/5/2025 11:57:08 am Data Extracted!
26/5/2025 11:57:08 am Saving Results...
26/5/2025 11:57:08 am Saving File: 0fb07c1a4e1326345bc621bb00160fec.json
26/5/2025 11:57:08 am Done!!
26/5/2025 11:57:08 am Analyzing File: D:\XRFix\dataset_collection\overall\VR-AR-Game\Game\Assets\SunnyLand Artwork\Environment\Tileset\tileset_19.asset.meta
26/5/2025 11:57:08 am Data Extracted!
26/5/2025 11:57:08 am Saving Results...
26/5/2025 11:57:08 am Saving File: 52afb878597926a4fa193e6b49c2167c.json
26/5/2025 11:57:08 am Done!!
26/5/2025 11:57:08 am Analyzing File: D:\XRFix\dataset_collection\overall\VR-AR-Game\Game\Assets\SunnyLand Artwork\Environment\Tileset\tileset_2.asset.meta
26/5/2025 11:57:08 am Data Extracted!
26/5/2025 11:57:08 am Saving Results...
26/5/2025 11:57:08 am Saving File: 1e3aeea787bba7b4dab789d7b67cb522.json
26/5/2025 11:57:08 am Done!!
26/5/2025 11:57:08 am Analyzing File: D:\XRFix\dataset_collection\overall\VR-AR-Game\Game\Assets\SunnyLand Artwork\Environment\Tileset\tileset_20.asset.meta
26/5/2025 11:57:08 am Data Extracted!
26/5/2025 11:57:08 am Saving Results...
26/5/2025 11:57:08 am Saving File: e115da6356b0b4446b1385aae561a489.json
26/5/2025 11:57:08 am Done!!
26/5/2025 11:57:08 am Analyzing File: D:\XRFix\dataset_collection\overall\VR-AR-Game\Game\Assets\SunnyLand Artwork\Environment\Tileset\tileset_21.asset.meta
26/5/2025 11:57:08 am Data Extracted!
26/5/2025 11:57:08 am Saving Results...
26/5/2025 11:57:08 am Saving File: fa20d57f048cfc84b96cab450a27d430.json
26/5/2025 11:57:08 am Done!!
26/5/2025 11:57:08 am Analyzing File: D:\XRFix\dataset_collection\overall\VR-AR-Game\Game\Assets\SunnyLand Artwork\Environment\Tileset\tileset_22.asset.meta
26/5/2025 11:57:08 am Data Extracted!
26/5/2025 11:57:08 am Saving Results...
26/5/2025 11:57:08 am Saving File: 06550fa9002237d4fb02c42e0120fdd4.json
26/5/2025 11:57:08 am Done!!
26/5/2025 11:57:08 am Analyzing File: D:\XRFix\dataset_collection\overall\VR-AR-Game\Game\Assets\SunnyLand Artwork\Environment\Tileset\tileset_23.asset.meta
26/5/2025 11:57:08 am Data Extracted!
26/5/2025 11:57:08 am Saving Results...
26/5/2025 11:57:08 am Saving File: bbc2cdf74af0dc34e9754ee84158bdfd.json
26/5/2025 11:57:08 am Done!!
26/5/2025 11:57:08 am Analyzing File: D:\XRFix\dataset_collection\overall\VR-AR-Game\Game\Assets\SunnyLand Artwork\Environment\Tileset\tileset_24.asset.meta
26/5/2025 11:57:08 am Data Extracted!
26/5/2025 11:57:08 am Saving Results...
26/5/2025 11:57:08 am Saving File: f994fff45f913e84fad9e0de488ec6aa.json
26/5/2025 11:57:08 am Done!!
26/5/2025 11:57:08 am Analyzing File: D:\XRFix\dataset_collection\overall\VR-AR-Game\Game\Assets\SunnyLand Artwork\Environment\Tileset\tileset_25.asset.meta
26/5/2025 11:57:08 am Data Extracted!
26/5/2025 11:57:08 am Saving Results...
26/5/2025 11:57:08 am Saving File: 8f0304d5b1bac104fb0f7fc300e676f0.json
26/5/2025 11:57:08 am Done!!
26/5/2025 11:57:08 am Analyzing File: D:\XRFix\dataset_collection\overall\VR-AR-Game\Game\Assets\SunnyLand Artwork\Environment\Tileset\tileset_26.asset.meta
26/5/2025 11:57:08 am Data Extracted!
26/5/2025 11:57:08 am Saving Results...
26/5/2025 11:57:08 am Saving File: ebf26a9ca7169d34e9f6d4e927c6c452.json
26/5/2025 11:57:08 am Done!!
26/5/2025 11:57:08 am Analyzing File: D:\XRFix\dataset_collection\overall\VR-AR-Game\Game\Assets\SunnyLand Artwork\Environment\Tileset\tileset_27.asset.meta
26/5/2025 11:57:08 am Data Extracted!
26/5/2025 11:57:08 am Saving Results...
26/5/2025 11:57:08 am Saving File: f8e435a82860ba34e84f6d70e4c90008.json
26/5/2025 11:57:08 am Done!!
26/5/2025 11:57:08 am Analyzing File: D:\XRFix\dataset_collection\overall\VR-AR-Game\Game\Assets\SunnyLand Artwork\Environment\Tileset\tileset_28.asset.meta
26/5/2025 11:57:08 am Data Extracted!
26/5/2025 11:57:08 am Saving Results...
26/5/2025 11:57:08 am Saving File: 94f173b3344445b4f98e2133d388db4f.json
26/5/2025 11:57:08 am Done!!
26/5/2025 11:57:08 am Analyzing File: D:\XRFix\dataset_collection\overall\VR-AR-Game\Game\Assets\SunnyLand Artwork\Environment\Tileset\tileset_29.asset.meta
26/5/2025 11:57:08 am Data Extracted!
26/5/2025 11:57:08 am Saving Results...
26/5/2025 11:57:08 am Saving File: ea0f1b9046bd287439ee03e68cb4a22d.json
26/5/2025 11:57:08 am Done!!
26/5/2025 11:57:08 am Analyzing File: D:\XRFix\dataset_collection\overall\VR-AR-Game\Game\Assets\SunnyLand Artwork\Environment\Tileset\tileset_3.asset.meta
26/5/2025 11:57:08 am Data Extracted!
26/5/2025 11:57:08 am Saving Results...
26/5/2025 11:57:08 am Saving File: 0d72a7d21a399ee4f84b694bfa627ee9.json
26/5/2025 11:57:08 am Done!!
26/5/2025 11:57:08 am Analyzing File: D:\XRFix\dataset_collection\overall\VR-AR-Game\Game\Assets\SunnyLand Artwork\Environment\Tileset\tileset_30.asset.meta
26/5/2025 11:57:08 am Data Extracted!
26/5/2025 11:57:08 am Saving Results...
26/5/2025 11:57:08 am Saving File: 3571755bba4191b4ba926cbb3cdc6c72.json
26/5/2025 11:57:08 am Done!!
26/5/2025 11:57:08 am Analyzing File: D:\XRFix\dataset_collection\overall\VR-AR-Game\Game\Assets\SunnyLand Artwork\Environment\Tileset\tileset_31.asset.meta
26/5/2025 11:57:08 am Data Extracted!
26/5/2025 11:57:08 am Saving Results...
26/5/2025 11:57:08 am Saving File: a05ccd1c16870ff48949e5c11f051320.json
26/5/2025 11:57:08 am Done!!
26/5/2025 11:57:08 am Analyzing File: D:\XRFix\dataset_collection\overall\VR-AR-Game\Game\Assets\SunnyLand Artwork\Environment\Tileset\tileset_32.asset.meta
26/5/2025 11:57:08 am Data Extracted!
26/5/2025 11:57:08 am Saving Results...
26/5/2025 11:57:08 am Saving File: 6e5269bfadb3312438bc3e5b0e876c06.json
26/5/2025 11:57:08 am Done!!
26/5/2025 11:57:08 am Analyzing File: D:\XRFix\dataset_collection\overall\VR-AR-Game\Game\Assets\SunnyLand Artwork\Environment\Tileset\tileset_33.asset.meta
26/5/2025 11:57:08 am Data Extracted!
26/5/2025 11:57:08 am Saving Results...
26/5/2025 11:57:08 am Saving File: 1da38f409c4a2df4596c9eb71bd766e3.json
26/5/2025 11:57:08 am Done!!
26/5/2025 11:57:08 am Analyzing File: D:\XRFix\dataset_collection\overall\VR-AR-Game\Game\Assets\SunnyLand Artwork\Environment\Tileset\tileset_34.asset.meta
26/5/2025 11:57:08 am Data Extracted!
26/5/2025 11:57:08 am Saving Results...
26/5/2025 11:57:08 am Saving File: f217e2ccf1b44dc4f9a58fbf01db65e4.json
26/5/2025 11:57:08 am Done!!
26/5/2025 11:57:08 am Analyzing File: D:\XRFix\dataset_collection\overall\VR-AR-Game\Game\Assets\SunnyLand Artwork\Environment\Tileset\tileset_35.asset.meta
26/5/2025 11:57:08 am Data Extracted!
26/5/2025 11:57:08 am Saving Results...
26/5/2025 11:57:08 am Saving File: 4d2f445386a10364f9cb8997efcc7109.json
26/5/2025 11:57:08 am Done!!
26/5/2025 11:57:08 am Analyzing File: D:\XRFix\dataset_collection\overall\VR-AR-Game\Game\Assets\SunnyLand Artwork\Environment\Tileset\tileset_36.asset.meta
26/5/2025 11:57:08 am Data Extracted!
26/5/2025 11:57:08 am Saving Results...
26/5/2025 11:57:08 am Saving File: ae11b16ed72e9a74185864a41a052747.json
26/5/2025 11:57:08 am Done!!
26/5/2025 11:57:08 am Analyzing File: D:\XRFix\dataset_collection\overall\VR-AR-Game\Game\Assets\SunnyLand Artwork\Environment\Tileset\tileset_37.asset.meta
26/5/2025 11:57:08 am Data Extracted!
26/5/2025 11:57:08 am Saving Results...
26/5/2025 11:57:08 am Saving File: 327d82686756caf42b73eddf4e67163a.json
26/5/2025 11:57:08 am Done!!
26/5/2025 11:57:08 am Analyzing File: D:\XRFix\dataset_collection\overall\VR-AR-Game\Game\Assets\SunnyLand Artwork\Environment\Tileset\tileset_38.asset.meta
26/5/2025 11:57:08 am Data Extracted!
26/5/2025 11:57:08 am Saving Results...
26/5/2025 11:57:08 am Saving File: 0ed87fb31162c124395a6e5eacb79b4c.json
26/5/2025 11:57:08 am Done!!
26/5/2025 11:57:08 am Analyzing File: D:\XRFix\dataset_collection\overall\VR-AR-Game\Game\Assets\SunnyLand Artwork\Environment\Tileset\tileset_39.asset.meta
26/5/2025 11:57:08 am Data Extracted!
26/5/2025 11:57:08 am Saving Results...
26/5/2025 11:57:08 am Saving File: 78bb579ed98620c499dd9d9466fd48d6.json
26/5/2025 11:57:08 am Done!!
26/5/2025 11:57:08 am Analyzing File: D:\XRFix\dataset_collection\overall\VR-AR-Game\Game\Assets\SunnyLand Artwork\Environment\Tileset\tileset_4.asset.meta
26/5/2025 11:57:08 am Data Extracted!
26/5/2025 11:57:08 am Saving Results...
26/5/2025 11:57:08 am Saving File: 6691f6f7833f9c749abde741cff01af0.json
26/5/2025 11:57:08 am Done!!
26/5/2025 11:57:08 am Analyzing File: D:\XRFix\dataset_collection\overall\VR-AR-Game\Game\Assets\SunnyLand Artwork\Environment\Tileset\tileset_40.asset.meta
26/5/2025 11:57:08 am Data Extracted!
26/5/2025 11:57:08 am Saving Results...
26/5/2025 11:57:08 am Saving File: ba033f5fb6dbff241a3b9eb280514941.json
26/5/2025 11:57:08 am Done!!
26/5/2025 11:57:08 am Analyzing File: D:\XRFix\dataset_collection\overall\VR-AR-Game\Game\Assets\SunnyLand Artwork\Environment\Tileset\tileset_41.asset.meta
26/5/2025 11:57:08 am Data Extracted!
26/5/2025 11:57:08 am Saving Results...
26/5/2025 11:57:08 am Saving File: aecb98b36dca4ae499576b2132b7c582.json
26/5/2025 11:57:08 am Done!!
26/5/2025 11:57:08 am Analyzing File: D:\XRFix\dataset_collection\overall\VR-AR-Game\Game\Assets\SunnyLand Artwork\Environment\Tileset\tileset_42.asset.meta
26/5/2025 11:57:08 am Data Extracted!
26/5/2025 11:57:08 am Saving Results...
26/5/2025 11:57:08 am Saving File: f4baef240324b8243b183e022f47bdfe.json
26/5/2025 11:57:08 am Done!!
26/5/2025 11:57:08 am Analyzing File: D:\XRFix\dataset_collection\overall\VR-AR-Game\Game\Assets\SunnyLand Artwork\Environment\Tileset\tileset_43.asset.meta
26/5/2025 11:57:08 am Data Extracted!
26/5/2025 11:57:08 am Saving Results...
26/5/2025 11:57:08 am Saving File: 6d465937af972e84fba7cae24fba1ca4.json
26/5/2025 11:57:08 am Done!!
26/5/2025 11:57:08 am Analyzing File: D:\XRFix\dataset_collection\overall\VR-AR-Game\Game\Assets\SunnyLand Artwork\Environment\Tileset\tileset_44.asset.meta
26/5/2025 11:57:08 am Data Extracted!
26/5/2025 11:57:08 am Saving Results...
26/5/2025 11:57:08 am Saving File: 8e8fe319f46537348aa0f18825419e36.json
26/5/2025 11:57:08 am Done!!
26/5/2025 11:57:08 am Analyzing File: D:\XRFix\dataset_collection\overall\VR-AR-Game\Game\Assets\SunnyLand Artwork\Environment\Tileset\tileset_45.asset.meta
26/5/2025 11:57:08 am Data Extracted!
26/5/2025 11:57:08 am Saving Results...
26/5/2025 11:57:08 am Saving File: 8e032d8c33f4d9d449623ed9fbfccdbc.json
26/5/2025 11:57:08 am Done!!
26/5/2025 11:57:08 am Analyzing File: D:\XRFix\dataset_collection\overall\VR-AR-Game\Game\Assets\SunnyLand Artwork\Environment\Tileset\tileset_46.asset.meta
26/5/2025 11:57:08 am Data Extracted!
26/5/2025 11:57:08 am Saving Results...
26/5/2025 11:57:08 am Saving File: 94bd5b363442390419fc3344d54f7217.json
26/5/2025 11:57:08 am Done!!
26/5/2025 11:57:08 am Analyzing File: D:\XRFix\dataset_collection\overall\VR-AR-Game\Game\Assets\SunnyLand Artwork\Environment\Tileset\tileset_47.asset.meta
26/5/2025 11:57:08 am Data Extracted!
26/5/2025 11:57:08 am Saving Results...
26/5/2025 11:57:08 am Saving File: fc744ad5005f20440aeda23e31f9cddb.json
26/5/2025 11:57:08 am Done!!
26/5/2025 11:57:08 am Analyzing File: D:\XRFix\dataset_collection\overall\VR-AR-Game\Game\Assets\SunnyLand Artwork\Environment\Tileset\tileset_48.asset.meta
26/5/2025 11:57:08 am Data Extracted!
26/5/2025 11:57:08 am Saving Results...
26/5/2025 11:57:08 am Saving File: 73368284854e0e14ba45ea3973b06527.json
26/5/2025 11:57:08 am Done!!
26/5/2025 11:57:08 am Analyzing File: D:\XRFix\dataset_collection\overall\VR-AR-Game\Game\Assets\SunnyLand Artwork\Environment\Tileset\tileset_49.asset.meta
26/5/2025 11:57:08 am Data Extracted!
26/5/2025 11:57:08 am Saving Results...
26/5/2025 11:57:08 am Saving File: b9d3a705739a8be42ba821de01fe450a.json
26/5/2025 11:57:08 am Done!!
26/5/2025 11:57:08 am Analyzing File: D:\XRFix\dataset_collection\overall\VR-AR-Game\Game\Assets\SunnyLand Artwork\Environment\Tileset\tileset_5.asset.meta
26/5/2025 11:57:08 am Data Extracted!
26/5/2025 11:57:08 am Saving Results...
26/5/2025 11:57:08 am Saving File: 2ec1a1bd26bc38e4dab8bf86d0557419.json
26/5/2025 11:57:08 am Done!!
26/5/2025 11:57:08 am Analyzing File: D:\XRFix\dataset_collection\overall\VR-AR-Game\Game\Assets\SunnyLand Artwork\Environment\Tileset\tileset_50.asset.meta
26/5/2025 11:57:08 am Data Extracted!
26/5/2025 11:57:08 am Saving Results...
26/5/2025 11:57:08 am Saving File: ecd31e0c89c2de9479af40d9a85d7798.json
26/5/2025 11:57:08 am Done!!
26/5/2025 11:57:08 am Analyzing File: D:\XRFix\dataset_collection\overall\VR-AR-Game\Game\Assets\SunnyLand Artwork\Environment\Tileset\tileset_51.asset.meta
26/5/2025 11:57:08 am Data Extracted!
26/5/2025 11:57:08 am Saving Results...
26/5/2025 11:57:08 am Saving File: 0ea940acf4dd429459dbb84ce047513e.json
26/5/2025 11:57:08 am Done!!
26/5/2025 11:57:08 am Analyzing File: D:\XRFix\dataset_collection\overall\VR-AR-Game\Game\Assets\SunnyLand Artwork\Environment\Tileset\tileset_52.asset.meta
26/5/2025 11:57:08 am Data Extracted!
26/5/2025 11:57:08 am Saving Results...
26/5/2025 11:57:08 am Saving File: 5b9de54899ddea14087a85daa5aad47b.json
26/5/2025 11:57:08 am Done!!
26/5/2025 11:57:08 am Analyzing File: D:\XRFix\dataset_collection\overall\VR-AR-Game\Game\Assets\SunnyLand Artwork\Environment\Tileset\tileset_53.asset.meta
26/5/2025 11:57:08 am Data Extracted!
26/5/2025 11:57:08 am Saving Results...
26/5/2025 11:57:08 am Saving File: ed45b8ceebf0fc942bd1e9ea5db66c5f.json
26/5/2025 11:57:08 am Done!!
26/5/2025 11:57:08 am Analyzing File: D:\XRFix\dataset_collection\overall\VR-AR-Game\Game\Assets\SunnyLand Artwork\Environment\Tileset\tileset_54.asset.meta
26/5/2025 11:57:08 am Data Extracted!
26/5/2025 11:57:08 am Saving Results...
26/5/2025 11:57:08 am Saving File: 6bde23c1297731442991768d5629087f.json
26/5/2025 11:57:08 am Done!!
26/5/2025 11:57:08 am Analyzing File: D:\XRFix\dataset_collection\overall\VR-AR-Game\Game\Assets\SunnyLand Artwork\Environment\Tileset\tileset_55.asset.meta
26/5/2025 11:57:08 am Data Extracted!
26/5/2025 11:57:08 am Saving Results...
26/5/2025 11:57:08 am Saving File: 2f46a677f1d64fc4e915ba1df3bb3a49.json
26/5/2025 11:57:08 am Done!!
26/5/2025 11:57:08 am Analyzing File: D:\XRFix\dataset_collection\overall\VR-AR-Game\Game\Assets\SunnyLand Artwork\Environment\Tileset\tileset_56.asset.meta
26/5/2025 11:57:08 am Data Extracted!
26/5/2025 11:57:08 am Saving Results...
26/5/2025 11:57:08 am Saving File: 5e2c6a14d374b9a42b4809d06003ce9d.json
26/5/2025 11:57:08 am Done!!
26/5/2025 11:57:08 am Analyzing File: D:\XRFix\dataset_collection\overall\VR-AR-Game\Game\Assets\SunnyLand Artwork\Environment\Tileset\tileset_57.asset.meta
26/5/2025 11:57:08 am Data Extracted!
26/5/2025 11:57:08 am Saving Results...
26/5/2025 11:57:08 am Saving File: 42364aff693023b43a6089e6eabfad97.json
26/5/2025 11:57:08 am Done!!
26/5/2025 11:57:08 am Analyzing File: D:\XRFix\dataset_collection\overall\VR-AR-Game\Game\Assets\SunnyLand Artwork\Environment\Tileset\tileset_58.asset.meta
26/5/2025 11:57:08 am Data Extracted!
26/5/2025 11:57:08 am Saving Results...
26/5/2025 11:57:08 am Saving File: 89e1ea28ee03d47448cc283d4f746781.json
26/5/2025 11:57:08 am Done!!
26/5/2025 11:57:08 am Analyzing File: D:\XRFix\dataset_collection\overall\VR-AR-Game\Game\Assets\SunnyLand Artwork\Environment\Tileset\tileset_59.asset.meta
26/5/2025 11:57:08 am Data Extracted!
26/5/2025 11:57:08 am Saving Results...
26/5/2025 11:57:08 am Saving File: fb3f9d3b2c2e01d46859aae748692923.json
26/5/2025 11:57:08 am Done!!
26/5/2025 11:57:08 am Analyzing File: D:\XRFix\dataset_collection\overall\VR-AR-Game\Game\Assets\SunnyLand Artwork\Environment\Tileset\tileset_6.asset.meta
26/5/2025 11:57:08 am Data Extracted!
26/5/2025 11:57:08 am Saving Results...
26/5/2025 11:57:08 am Saving File: 297e4f2981fafa044826b511b922ed3e.json
26/5/2025 11:57:08 am Done!!
26/5/2025 11:57:08 am Analyzing File: D:\XRFix\dataset_collection\overall\VR-AR-Game\Game\Assets\SunnyLand Artwork\Environment\Tileset\tileset_60.asset.meta
26/5/2025 11:57:08 am Data Extracted!
26/5/2025 11:57:08 am Saving Results...
26/5/2025 11:57:08 am Saving File: cda0ed9d7b24c7948aecd1faf85b78fc.json
26/5/2025 11:57:08 am Done!!
26/5/2025 11:57:08 am Analyzing File: D:\XRFix\dataset_collection\overall\VR-AR-Game\Game\Assets\SunnyLand Artwork\Environment\Tileset\tileset_61.asset.meta
26/5/2025 11:57:08 am Data Extracted!
26/5/2025 11:57:08 am Saving Results...
26/5/2025 11:57:08 am Saving File: 5a3cbe61f71559d439b122f1468babd6.json
26/5/2025 11:57:08 am Done!!
26/5/2025 11:57:08 am Analyzing File: D:\XRFix\dataset_collection\overall\VR-AR-Game\Game\Assets\SunnyLand Artwork\Environment\Tileset\tileset_62.asset.meta
26/5/2025 11:57:08 am Data Extracted!
26/5/2025 11:57:08 am Saving Results...
26/5/2025 11:57:08 am Saving File: 8a013f81299c04c4f93043a3e72a7a27.json
26/5/2025 11:57:08 am Done!!
26/5/2025 11:57:08 am Analyzing File: D:\XRFix\dataset_collection\overall\VR-AR-Game\Game\Assets\SunnyLand Artwork\Environment\Tileset\tileset_63.asset.meta
26/5/2025 11:57:08 am Data Extracted!
26/5/2025 11:57:08 am Saving Results...
26/5/2025 11:57:08 am Saving File: 8bb1706f74039d849ad8fd63e0e56194.json
26/5/2025 11:57:08 am Done!!
26/5/2025 11:57:08 am Analyzing File: D:\XRFix\dataset_collection\overall\VR-AR-Game\Game\Assets\SunnyLand Artwork\Environment\Tileset\tileset_64.asset.meta
26/5/2025 11:57:08 am Data Extracted!
26/5/2025 11:57:08 am Saving Results...
26/5/2025 11:57:08 am Saving File: 043c50fba3305fb4497c27debeae6229.json
26/5/2025 11:57:08 am Done!!
26/5/2025 11:57:08 am Analyzing File: D:\XRFix\dataset_collection\overall\VR-AR-Game\Game\Assets\SunnyLand Artwork\Environment\Tileset\tileset_65.asset.meta
26/5/2025 11:57:08 am Data Extracted!
26/5/2025 11:57:08 am Saving Results...
26/5/2025 11:57:08 am Saving File: 041b86caf25287046b3c9ad969c9e6f3.json
26/5/2025 11:57:08 am Done!!
26/5/2025 11:57:08 am Analyzing File: D:\XRFix\dataset_collection\overall\VR-AR-Game\Game\Assets\SunnyLand Artwork\Environment\Tileset\tileset_66.asset.meta
26/5/2025 11:57:08 am Data Extracted!
26/5/2025 11:57:08 am Saving Results...
26/5/2025 11:57:08 am Saving File: 4f06f7be251b02b45a58ec0cadfffb03.json
26/5/2025 11:57:08 am Done!!
26/5/2025 11:57:08 am Analyzing File: D:\XRFix\dataset_collection\overall\VR-AR-Game\Game\Assets\SunnyLand Artwork\Environment\Tileset\tileset_67.asset.meta
26/5/2025 11:57:08 am Data Extracted!
26/5/2025 11:57:08 am Saving Results...
26/5/2025 11:57:08 am Saving File: ecb220dd387538b4cabda64e449afec5.json
26/5/2025 11:57:08 am Done!!
26/5/2025 11:57:08 am Analyzing File: D:\XRFix\dataset_collection\overall\VR-AR-Game\Game\Assets\SunnyLand Artwork\Environment\Tileset\tileset_68.asset.meta
26/5/2025 11:57:08 am Data Extracted!
26/5/2025 11:57:08 am Saving Results...
26/5/2025 11:57:08 am Saving File: 102f744a2cbac7d40a310d9aad96b59d.json
26/5/2025 11:57:08 am Done!!
26/5/2025 11:57:08 am Analyzing File: D:\XRFix\dataset_collection\overall\VR-AR-Game\Game\Assets\SunnyLand Artwork\Environment\Tileset\tileset_69.asset.meta
26/5/2025 11:57:08 am Data Extracted!
26/5/2025 11:57:08 am Saving Results...
26/5/2025 11:57:08 am Saving File: b3a355028c924014d974ba485913eaa5.json
26/5/2025 11:57:08 am Done!!
26/5/2025 11:57:08 am Analyzing File: D:\XRFix\dataset_collection\overall\VR-AR-Game\Game\Assets\SunnyLand Artwork\Environment\Tileset\tileset_7.asset.meta
26/5/2025 11:57:08 am Data Extracted!
26/5/2025 11:57:08 am Saving Results...
26/5/2025 11:57:08 am Saving File: 83378228d1808e54ea43434eda9482e3.json
26/5/2025 11:57:08 am Done!!
26/5/2025 11:57:08 am Analyzing File: D:\XRFix\dataset_collection\overall\VR-AR-Game\Game\Assets\SunnyLand Artwork\Environment\Tileset\tileset_70.asset.meta
26/5/2025 11:57:08 am Data Extracted!
26/5/2025 11:57:08 am Saving Results...
26/5/2025 11:57:08 am Saving File: e5adde6f61cfd184eadc646db909594f.json
26/5/2025 11:57:08 am Done!!
26/5/2025 11:57:08 am Analyzing File: D:\XRFix\dataset_collection\overall\VR-AR-Game\Game\Assets\SunnyLand Artwork\Environment\Tileset\tileset_71.asset.meta
26/5/2025 11:57:08 am Data Extracted!
26/5/2025 11:57:08 am Saving Results...
26/5/2025 11:57:08 am Saving File: a8c3dcbe39df3dd49ba507b08049c60a.json
26/5/2025 11:57:08 am Done!!
26/5/2025 11:57:08 am Analyzing File: D:\XRFix\dataset_collection\overall\VR-AR-Game\Game\Assets\SunnyLand Artwork\Environment\Tileset\tileset_72.asset.meta
26/5/2025 11:57:08 am Data Extracted!
26/5/2025 11:57:08 am Saving Results...
26/5/2025 11:57:08 am Saving File: c371e91db78123048854d855f5afe868.json
26/5/2025 11:57:08 am Done!!
26/5/2025 11:57:08 am Analyzing File: D:\XRFix\dataset_collection\overall\VR-AR-Game\Game\Assets\SunnyLand Artwork\Environment\Tileset\tileset_73.asset.meta
26/5/2025 11:57:08 am Data Extracted!
26/5/2025 11:57:08 am Saving Results...
26/5/2025 11:57:08 am Saving File: 72cab472d71322a4dbe1dac0c9325511.json
26/5/2025 11:57:08 am Done!!
26/5/2025 11:57:08 am Analyzing File: D:\XRFix\dataset_collection\overall\VR-AR-Game\Game\Assets\SunnyLand Artwork\Environment\Tileset\tileset_74.asset.meta
26/5/2025 11:57:08 am Data Extracted!
26/5/2025 11:57:08 am Saving Results...
26/5/2025 11:57:08 am Saving File: 4f4069c0ffc7b094693aa23267b44e26.json
26/5/2025 11:57:08 am Done!!
26/5/2025 11:57:08 am Analyzing File: D:\XRFix\dataset_collection\overall\VR-AR-Game\Game\Assets\SunnyLand Artwork\Environment\Tileset\tileset_75.asset.meta
26/5/2025 11:57:08 am Data Extracted!
26/5/2025 11:57:08 am Saving Results...
26/5/2025 11:57:08 am Saving File: 51f34e58c58e86d459d7cc970c489bf5.json
26/5/2025 11:57:08 am Done!!
26/5/2025 11:57:08 am Analyzing File: D:\XRFix\dataset_collection\overall\VR-AR-Game\Game\Assets\SunnyLand Artwork\Environment\Tileset\tileset_76.asset.meta
26/5/2025 11:57:08 am Data Extracted!
26/5/2025 11:57:08 am Saving Results...
26/5/2025 11:57:08 am Saving File: 4cdaa07cd135706469891cf0f687ef69.json
26/5/2025 11:57:08 am Done!!
26/5/2025 11:57:08 am Analyzing File: D:\XRFix\dataset_collection\overall\VR-AR-Game\Game\Assets\SunnyLand Artwork\Environment\Tileset\tileset_77.asset.meta
26/5/2025 11:57:08 am Data Extracted!
26/5/2025 11:57:08 am Saving Results...
26/5/2025 11:57:08 am Saving File: 7b6ad42f15111f74d9c51351a96a51e9.json
26/5/2025 11:57:08 am Done!!
26/5/2025 11:57:08 am Analyzing File: D:\XRFix\dataset_collection\overall\VR-AR-Game\Game\Assets\SunnyLand Artwork\Environment\Tileset\tileset_78.asset.meta
26/5/2025 11:57:08 am Data Extracted!
26/5/2025 11:57:08 am Saving Results...
26/5/2025 11:57:08 am Saving File: 071e2cb3ae9e6eb4fbf412a855fbcd30.json
26/5/2025 11:57:08 am Done!!
26/5/2025 11:57:08 am Analyzing File: D:\XRFix\dataset_collection\overall\VR-AR-Game\Game\Assets\SunnyLand Artwork\Environment\Tileset\tileset_79.asset.meta
26/5/2025 11:57:08 am Data Extracted!
26/5/2025 11:57:08 am Saving Results...
26/5/2025 11:57:08 am Saving File: 005c28de7058f044d872f16b65b404b5.json
26/5/2025 11:57:08 am Done!!
26/5/2025 11:57:08 am Analyzing File: D:\XRFix\dataset_collection\overall\VR-AR-Game\Game\Assets\SunnyLand Artwork\Environment\Tileset\tileset_8.asset.meta
26/5/2025 11:57:08 am Data Extracted!
26/5/2025 11:57:08 am Saving Results...
26/5/2025 11:57:08 am Saving File: 3907c14ddda71e647ae330c678f02cb0.json
26/5/2025 11:57:08 am Done!!
26/5/2025 11:57:08 am Analyzing File: D:\XRFix\dataset_collection\overall\VR-AR-Game\Game\Assets\SunnyLand Artwork\Environment\Tileset\tileset_80.asset.meta
26/5/2025 11:57:08 am Data Extracted!
26/5/2025 11:57:08 am Saving Results...
26/5/2025 11:57:08 am Saving File: fe0482df73ef71144b43be69c190078d.json
26/5/2025 11:57:08 am Done!!
26/5/2025 11:57:08 am Analyzing File: D:\XRFix\dataset_collection\overall\VR-AR-Game\Game\Assets\SunnyLand Artwork\Environment\Tileset\tileset_81.asset.meta
26/5/2025 11:57:08 am Data Extracted!
26/5/2025 11:57:08 am Saving Results...
26/5/2025 11:57:08 am Saving File: 27122d8a9ccdad84daea8bfe76a04d66.json
26/5/2025 11:57:08 am Done!!
26/5/2025 11:57:08 am Analyzing File: D:\XRFix\dataset_collection\overall\VR-AR-Game\Game\Assets\SunnyLand Artwork\Environment\Tileset\tileset_82.asset.meta
26/5/2025 11:57:08 am Data Extracted!
26/5/2025 11:57:08 am Saving Results...
26/5/2025 11:57:08 am Saving File: 354225da264eef14d925b1a9fb542bb7.json
26/5/2025 11:57:08 am Done!!
26/5/2025 11:57:08 am Analyzing File: D:\XRFix\dataset_collection\overall\VR-AR-Game\Game\Assets\SunnyLand Artwork\Environment\Tileset\tileset_83.asset.meta
26/5/2025 11:57:08 am Data Extracted!
26/5/2025 11:57:08 am Saving Results...
26/5/2025 11:57:08 am Saving File: 95099d742e6b24a4382c822011e8f973.json
26/5/2025 11:57:08 am Done!!
26/5/2025 11:57:08 am Analyzing File: D:\XRFix\dataset_collection\overall\VR-AR-Game\Game\Assets\SunnyLand Artwork\Environment\Tileset\tileset_84.asset.meta
26/5/2025 11:57:08 am Data Extracted!
26/5/2025 11:57:08 am Saving Results...
26/5/2025 11:57:08 am Saving File: 7463e4c2eddf8e845a4765a9544df106.json
26/5/2025 11:57:08 am Done!!
26/5/2025 11:57:08 am Analyzing File: D:\XRFix\dataset_collection\overall\VR-AR-Game\Game\Assets\SunnyLand Artwork\Environment\Tileset\tileset_85.asset.meta
26/5/2025 11:57:08 am Data Extracted!
26/5/2025 11:57:08 am Saving Results...
26/5/2025 11:57:08 am Saving File: 36de3e1c033a3bb4cbb89f8df9a8a1d9.json
26/5/2025 11:57:08 am Done!!
26/5/2025 11:57:08 am Analyzing File: D:\XRFix\dataset_collection\overall\VR-AR-Game\Game\Assets\SunnyLand Artwork\Environment\Tileset\tileset_86.asset.meta
26/5/2025 11:57:08 am Data Extracted!
26/5/2025 11:57:08 am Saving Results...
26/5/2025 11:57:08 am Saving File: 87c9ceab7fb830a47866fb46f2143717.json
26/5/2025 11:57:08 am Done!!
26/5/2025 11:57:08 am Analyzing File: D:\XRFix\dataset_collection\overall\VR-AR-Game\Game\Assets\SunnyLand Artwork\Environment\Tileset\tileset_87.asset.meta
26/5/2025 11:57:08 am Data Extracted!
26/5/2025 11:57:08 am Saving Results...
26/5/2025 11:57:08 am Saving File: 7cd17d358b6a04d4c8abf76590e11b64.json
26/5/2025 11:57:08 am Done!!
26/5/2025 11:57:08 am Analyzing File: D:\XRFix\dataset_collection\overall\VR-AR-Game\Game\Assets\SunnyLand Artwork\Environment\Tileset\tileset_88.asset.meta
26/5/2025 11:57:08 am Data Extracted!
26/5/2025 11:57:08 am Saving Results...
26/5/2025 11:57:08 am Saving File: 1d82ecb383d55fe4e90c91725de4131b.json
26/5/2025 11:57:08 am Done!!
26/5/2025 11:57:08 am Analyzing File: D:\XRFix\dataset_collection\overall\VR-AR-Game\Game\Assets\SunnyLand Artwork\Environment\Tileset\tileset_89.asset.meta
26/5/2025 11:57:08 am Data Extracted!
26/5/2025 11:57:08 am Saving Results...
26/5/2025 11:57:08 am Saving File: 9339f0db20d3ce34b8bac2e79a2a904b.json
26/5/2025 11:57:08 am Done!!
26/5/2025 11:57:08 am Analyzing File: D:\XRFix\dataset_collection\overall\VR-AR-Game\Game\Assets\SunnyLand Artwork\Environment\Tileset\tileset_9.asset.meta
26/5/2025 11:57:08 am Data Extracted!
26/5/2025 11:57:08 am Saving Results...
26/5/2025 11:57:08 am Saving File: 61c8e5a25e889f341800bb18bbb20f7d.json
26/5/2025 11:57:08 am Done!!
26/5/2025 11:57:08 am Analyzing File: D:\XRFix\dataset_collection\overall\VR-AR-Game\Game\Assets\SunnyLand Artwork\Environment\Tileset\tileset_90.asset.meta
26/5/2025 11:57:08 am Data Extracted!
26/5/2025 11:57:08 am Saving Results...
26/5/2025 11:57:08 am Saving File: f0ccdc490c834994abc5787ab448fefc.json
26/5/2025 11:57:08 am Done!!
26/5/2025 11:57:08 am Analyzing File: D:\XRFix\dataset_collection\overall\VR-AR-Game\Game\Assets\SunnyLand Artwork\Environment\Tileset\tileset_91.asset.meta
26/5/2025 11:57:08 am Data Extracted!
26/5/2025 11:57:08 am Saving Results...
26/5/2025 11:57:08 am Saving File: ebf0b491da991984dbf538df4e095120.json
26/5/2025 11:57:08 am Done!!
26/5/2025 11:57:08 am Analyzing File: D:\XRFix\dataset_collection\overall\VR-AR-Game\Game\Assets\SunnyLand Artwork\Environment\Tileset\tileset_92.asset.meta
26/5/2025 11:57:08 am Data Extracted!
26/5/2025 11:57:08 am Saving Results...
26/5/2025 11:57:08 am Saving File: 8bee58cbc172728449ee2b453c8c95b4.json
26/5/2025 11:57:08 am Done!!
26/5/2025 11:57:08 am Analyzing File: D:\XRFix\dataset_collection\overall\VR-AR-Game\Game\Assets\SunnyLand Artwork\Environment\Tileset\tileset_93.asset.meta
26/5/2025 11:57:08 am Data Extracted!
26/5/2025 11:57:08 am Saving Results...
26/5/2025 11:57:08 am Saving File: e17edbef205304e4689a531f52970fa4.json
26/5/2025 11:57:08 am Done!!
26/5/2025 11:57:08 am Analyzing File: D:\XRFix\dataset_collection\overall\VR-AR-Game\Game\Assets\SunnyLand Artwork\Environment\Tileset\tileset_94.asset.meta
26/5/2025 11:57:08 am Data Extracted!
26/5/2025 11:57:08 am Saving Results...
26/5/2025 11:57:08 am Saving File: d72cb9168168d264ea51da34eebaefb9.json
26/5/2025 11:57:08 am Done!!
26/5/2025 11:57:08 am Analyzing File: D:\XRFix\dataset_collection\overall\VR-AR-Game\Game\Assets\SunnyLand Artwork\Environment\Tileset\tileset_95.asset.meta
26/5/2025 11:57:08 am Data Extracted!
26/5/2025 11:57:08 am Saving Results...
26/5/2025 11:57:08 am Saving File: de380f08d43d6c84c9c5428135f0b917.json
26/5/2025 11:57:08 am Done!!
26/5/2025 11:57:08 am Analyzing File: D:\XRFix\dataset_collection\overall\VR-AR-Game\Game\Assets\SunnyLand Artwork\Environment\Tileset\tileset_96.asset.meta
26/5/2025 11:57:08 am Data Extracted!
26/5/2025 11:57:08 am Saving Results...
26/5/2025 11:57:08 am Saving File: 6fe459224dd9c274bb22bd8bbb263e35.json
26/5/2025 11:57:08 am Done!!
26/5/2025 11:57:08 am Analyzing File: D:\XRFix\dataset_collection\overall\VR-AR-Game\Game\Assets\SunnyLand Artwork\Environment\Tileset\tileset_97.asset.meta
26/5/2025 11:57:08 am Data Extracted!
26/5/2025 11:57:08 am Saving Results...
26/5/2025 11:57:08 am Saving File: 0ba72a06aab68684fa4fea5ae870558c.json
26/5/2025 11:57:08 am Done!!
26/5/2025 11:57:08 am Analyzing File: D:\XRFix\dataset_collection\overall\VR-AR-Game\Game\Assets\SunnyLand Artwork\Environment\Tileset\tileset_98.asset.meta
26/5/2025 11:57:08 am Data Extracted!
26/5/2025 11:57:08 am Saving Results...
26/5/2025 11:57:08 am Saving File: e101af530a791a949a643b9b48dbe0e4.json
26/5/2025 11:57:08 am Done!!
26/5/2025 11:57:08 am Analyzing File: D:\XRFix\dataset_collection\overall\VR-AR-Game\Game\Assets\SunnyLand Artwork\Environment\Tileset\tileset_99.asset.meta
26/5/2025 11:57:08 am Data Extracted!
26/5/2025 11:57:08 am Saving Results...
26/5/2025 11:57:08 am Saving File: e3535a2d30549e646ab7251de9b75578.json
26/5/2025 11:57:08 am Done!!
26/5/2025 11:57:08 am Analyzing File: D:\XRFix\dataset_collection\overall\VR-AR-Game\Game\Assets\SunnyLand Artwork\Music tracks\hurry_up_and_run.mp3.meta
26/5/2025 11:57:08 am Data Extracted!
26/5/2025 11:57:08 am Saving Results...
26/5/2025 11:57:08 am Saving File: b6dc04f2884eb5b46b675390b1e75e84.json
26/5/2025 11:57:08 am Done!!
26/5/2025 11:57:08 am Analyzing File: D:\XRFix\dataset_collection\overall\VR-AR-Game\Game\Assets\SunnyLand Artwork\Music tracks\Hurt_and_heart.ogg.meta
26/5/2025 11:57:08 am Data Extracted!
26/5/2025 11:57:08 am Saving Results...
26/5/2025 11:57:08 am Saving File: 6979d52fda0579441a2122b95abaf337.json
26/5/2025 11:57:08 am Done!!
26/5/2025 11:57:08 am Analyzing File: D:\XRFix\dataset_collection\overall\VR-AR-Game\Game\Assets\SunnyLand Artwork\Music tracks\Maniac.ogg.meta
26/5/2025 11:57:08 am Data Extracted!
26/5/2025 11:57:08 am Saving Results...
26/5/2025 11:57:08 am Saving File: 596e0f53d0760684897f73aa6d85324a.json
26/5/2025 11:57:08 am Done!!
26/5/2025 11:57:08 am Analyzing File: D:\XRFix\dataset_collection\overall\VR-AR-Game\Game\Assets\SunnyLand Artwork\Music tracks\under the rainbow.ogg.meta
26/5/2025 11:57:08 am Data Extracted!
26/5/2025 11:57:08 am Saving Results...
26/5/2025 11:57:08 am Saving File: 0c2f5e196afe4644d9b1ffb8d644851d.json
26/5/2025 11:57:08 am Done!!
26/5/2025 11:57:08 am Analyzing File: D:\XRFix\dataset_collection\overall\VR-AR-Game\Game\Assets\SunnyLand Artwork\Music tracks\up_and_right.ogg.meta
26/5/2025 11:57:08 am Data Extracted!
26/5/2025 11:57:08 am Saving Results...
26/5/2025 11:57:08 am Saving File: 57f12d84ebf04324e92e37dc70ac26b1.json
26/5/2025 11:57:08 am Done!!
26/5/2025 11:57:08 am Analyzing File: D:\XRFix\dataset_collection\overall\VR-AR-Game\Game\Assets\SunnyLand Artwork\Sprites\Enemies.meta
26/5/2025 11:57:08 am Data Extracted!
26/5/2025 11:57:08 am Saving Results...
26/5/2025 11:57:08 am Saving File: c7f1351336fe548caa5323a57a6c930a.json
26/5/2025 11:57:08 am Done!!
26/5/2025 11:57:08 am Analyzing File: D:\XRFix\dataset_collection\overall\VR-AR-Game\Game\Assets\SunnyLand Artwork\Sprites\Fx.meta
26/5/2025 11:57:08 am Data Extracted!
26/5/2025 11:57:08 am Saving Results...
26/5/2025 11:57:08 am Saving File: 879348f5081814f15b74a637aff1805d.json
26/5/2025 11:57:08 am Done!!
26/5/2025 11:57:08 am Analyzing File: D:\XRFix\dataset_collection\overall\VR-AR-Game\Game\Assets\SunnyLand Artwork\Sprites\Items.meta
26/5/2025 11:57:08 am Data Extracted!
26/5/2025 11:57:08 am Saving Results...
26/5/2025 11:57:08 am Saving File: b43334bbe1d1849df80f90877d981b8b.json
26/5/2025 11:57:08 am Done!!
26/5/2025 11:57:08 am Analyzing File: D:\XRFix\dataset_collection\overall\VR-AR-Game\Game\Assets\SunnyLand Artwork\Sprites\player.meta
26/5/2025 11:57:08 am Data Extracted!
26/5/2025 11:57:08 am Saving Results...
26/5/2025 11:57:08 am Saving File: c38f07c49aff74810b5ee46bc2a90197.json
26/5/2025 11:57:08 am Done!!
26/5/2025 11:57:08 am Analyzing File: D:\XRFix\dataset_collection\overall\VR-AR-Game\Game\Assets\SunnyLand Artwork\Sprites\Enemies\bat.meta
26/5/2025 11:57:08 am Data Extracted!
26/5/2025 11:57:08 am Saving Results...
26/5/2025 11:57:08 am Saving File: a1fb4e85d225ab7428d9314d3179abbb.json
26/5/2025 11:57:08 am Done!!
26/5/2025 11:57:08 am Analyzing File: D:\XRFix\dataset_collection\overall\VR-AR-Game\Game\Assets\SunnyLand Artwork\Sprites\Enemies\bear.meta
26/5/2025 11:57:08 am Data Extracted!
26/5/2025 11:57:08 am Saving Results...
26/5/2025 11:57:08 am Saving File: 307d88a4f4e6a3b47b923106cefe583a.json
26/5/2025 11:57:08 am Done!!
26/5/2025 11:57:08 am Analyzing File: D:\XRFix\dataset_collection\overall\VR-AR-Game\Game\Assets\SunnyLand Artwork\Sprites\Enemies\Bettle.meta
26/5/2025 11:57:08 am Data Extracted!
26/5/2025 11:57:08 am Saving Results...
26/5/2025 11:57:08 am Saving File: 5f693dc8d4945fc43a357faec61255ae.json
26/5/2025 11:57:08 am Done!!
26/5/2025 11:57:08 am Analyzing File: D:\XRFix\dataset_collection\overall\VR-AR-Game\Game\Assets\SunnyLand Artwork\Sprites\Enemies\bunny.meta
26/5/2025 11:57:08 am Data Extracted!
26/5/2025 11:57:08 am Saving Results...
26/5/2025 11:57:08 am Saving File: 6ee316c51c071954990727fb02a3741b.json
26/5/2025 11:57:08 am Done!!
26/5/2025 11:57:08 am Analyzing File: D:\XRFix\dataset_collection\overall\VR-AR-Game\Game\Assets\SunnyLand Artwork\Sprites\Enemies\Dino-Idle.meta
26/5/2025 11:57:08 am Data Extracted!
26/5/2025 11:57:08 am Saving Results...
26/5/2025 11:57:08 am Saving File: 457ff8f5dbf438f469d343fed0af861d.json
26/5/2025 11:57:08 am Done!!
26/5/2025 11:57:08 am Analyzing File: D:\XRFix\dataset_collection\overall\VR-AR-Game\Game\Assets\SunnyLand Artwork\Sprites\Enemies\Dino.meta
26/5/2025 11:57:08 am Data Extracted!
26/5/2025 11:57:08 am Saving Results...
26/5/2025 11:57:08 am Saving File: ee7751b3547437b43a9d1050a95ef267.json
26/5/2025 11:57:08 am Done!!
26/5/2025 11:57:08 am Analyzing File: D:\XRFix\dataset_collection\overall\VR-AR-Game\Game\Assets\SunnyLand Artwork\Sprites\Enemies\Dog-idle.meta
26/5/2025 11:57:08 am Data Extracted!
26/5/2025 11:57:08 am Saving Results...
26/5/2025 11:57:08 am Saving File: 4cfcd6517341f5345b1c72187fe3571a.json
26/5/2025 11:57:08 am Done!!
26/5/2025 11:57:08 am Analyzing File: D:\XRFix\dataset_collection\overall\VR-AR-Game\Game\Assets\SunnyLand Artwork\Sprites\Enemies\Dog.meta
26/5/2025 11:57:08 am Data Extracted!
26/5/2025 11:57:08 am Saving Results...
26/5/2025 11:57:08 am Saving File: 21625bb91d8be3149a80f7afdb6581ab.json
26/5/2025 11:57:08 am Done!!
26/5/2025 11:57:08 am Analyzing File: D:\XRFix\dataset_collection\overall\VR-AR-Game\Game\Assets\SunnyLand Artwork\Sprites\Enemies\Eagle Dive Attack.meta
26/5/2025 11:57:08 am Data Extracted!
26/5/2025 11:57:08 am Saving Results...
26/5/2025 11:57:08 am Saving File: cb8ea65b3dcd38a4b9720ce60f950c46.json
26/5/2025 11:57:08 am Done!!
26/5/2025 11:57:08 am Analyzing File: D:\XRFix\dataset_collection\overall\VR-AR-Game\Game\Assets\SunnyLand Artwork\Sprites\Enemies\Eagle Hurt.meta
26/5/2025 11:57:08 am Data Extracted!
26/5/2025 11:57:08 am Saving Results...
26/5/2025 11:57:08 am Saving File: 9289aed4be79c7f41bb22f2059773ed1.json
26/5/2025 11:57:08 am Done!!
26/5/2025 11:57:08 am Analyzing File: D:\XRFix\dataset_collection\overall\VR-AR-Game\Game\Assets\SunnyLand Artwork\Sprites\Enemies\eagle.meta
26/5/2025 11:57:08 am Data Extracted!
26/5/2025 11:57:08 am Saving Results...
26/5/2025 11:57:08 am Saving File: b38ec059928884139a1fc35d6fb8bb08.json
26/5/2025 11:57:08 am Done!!
26/5/2025 11:57:08 am Analyzing File: D:\XRFix\dataset_collection\overall\VR-AR-Game\Game\Assets\SunnyLand Artwork\Sprites\Enemies\frog.meta
26/5/2025 11:57:08 am Data Extracted!
26/5/2025 11:57:08 am Saving Results...
26/5/2025 11:57:08 am Saving File: 146e5c72b642042a7bff0a4312903a62.json
26/5/2025 11:57:08 am Done!!
26/5/2025 11:57:08 am Analyzing File: D:\XRFix\dataset_collection\overall\VR-AR-Game\Game\Assets\SunnyLand Artwork\Sprites\Enemies\opossum.meta
26/5/2025 11:57:08 am Data Extracted!
26/5/2025 11:57:08 am Saving Results...
26/5/2025 11:57:08 am Saving File: b51573a0febe34fceadd0e7c64f17c94.json
26/5/2025 11:57:08 am Done!!
26/5/2025 11:57:08 am Analyzing File: D:\XRFix\dataset_collection\overall\VR-AR-Game\Game\Assets\SunnyLand Artwork\Sprites\Enemies\pig.meta
26/5/2025 11:57:08 am Data Extracted!
26/5/2025 11:57:08 am Saving Results...
26/5/2025 11:57:08 am Saving File: 427241dc12fbd6a4988bc704d572c56a.json
26/5/2025 11:57:08 am Done!!
26/5/2025 11:57:08 am Analyzing File: D:\XRFix\dataset_collection\overall\VR-AR-Game\Game\Assets\SunnyLand Artwork\Sprites\Enemies\Slimer-Idle.meta
26/5/2025 11:57:08 am Data Extracted!
26/5/2025 11:57:08 am Saving Results...
26/5/2025 11:57:08 am Saving File: 6bf1c35d7cbbc9949b16444530bfbdec.json
26/5/2025 11:57:08 am Done!!
26/5/2025 11:57:08 am Analyzing File: D:\XRFix\dataset_collection\overall\VR-AR-Game\Game\Assets\SunnyLand Artwork\Sprites\Enemies\Slimer.meta
26/5/2025 11:57:08 am Data Extracted!
26/5/2025 11:57:08 am Saving Results...
26/5/2025 11:57:08 am Saving File: 5b49a81341f495c4a9c0a4a54cb12c85.json
26/5/2025 11:57:08 am Done!!
26/5/2025 11:57:08 am Analyzing File: D:\XRFix\dataset_collection\overall\VR-AR-Game\Game\Assets\SunnyLand Artwork\Sprites\Enemies\Vulture-Idle.meta
26/5/2025 11:57:08 am Data Extracted!
26/5/2025 11:57:08 am Saving Results...
26/5/2025 11:57:08 am Saving File: dee73b78a5d67b441a661dc443af9995.json
26/5/2025 11:57:08 am Done!!
26/5/2025 11:57:08 am Analyzing File: D:\XRFix\dataset_collection\overall\VR-AR-Game\Game\Assets\SunnyLand Artwork\Sprites\Enemies\Vulture.meta
26/5/2025 11:57:08 am Data Extracted!
26/5/2025 11:57:08 am Saving Results...
26/5/2025 11:57:08 am Saving File: d429392ee7c34c346be332d0c9e2ac44.json
26/5/2025 11:57:08 am Done!!
26/5/2025 11:57:08 am Analyzing File: D:\XRFix\dataset_collection\overall\VR-AR-Game\Game\Assets\SunnyLand Artwork\Sprites\Enemies\bat\bat-fly.meta
26/5/2025 11:57:08 am Data Extracted!
26/5/2025 11:57:08 am Saving Results...
26/5/2025 11:57:08 am Saving File: 8b0ae1f3ef82f764996976802da6d604.json
26/5/2025 11:57:08 am Done!!
26/5/2025 11:57:08 am Analyzing File: D:\XRFix\dataset_collection\overall\VR-AR-Game\Game\Assets\SunnyLand Artwork\Sprites\Enemies\bat\bat-hang.meta
26/5/2025 11:57:08 am Data Extracted!
26/5/2025 11:57:08 am Saving Results...
26/5/2025 11:57:08 am Saving File: 22459fa9cc12c2844bbca7eb67308f43.json
26/5/2025 11:57:08 am Done!!
26/5/2025 11:57:08 am Analyzing File: D:\XRFix\dataset_collection\overall\VR-AR-Game\Game\Assets\SunnyLand Artwork\Sprites\Enemies\bat\bat-fly\bat-fly1.png.meta
26/5/2025 11:57:08 am Data Extracted!
26/5/2025 11:57:08 am Saving Results...
26/5/2025 11:57:08 am Saving File: f7155fac0d464a04796941cd3fbbfaac.json
26/5/2025 11:57:08 am Done!!
26/5/2025 11:57:08 am Analyzing File: D:\XRFix\dataset_collection\overall\VR-AR-Game\Game\Assets\SunnyLand Artwork\Sprites\Enemies\bat\bat-fly\bat-fly2.png.meta
26/5/2025 11:57:08 am Data Extracted!
26/5/2025 11:57:08 am Saving Results...
26/5/2025 11:57:08 am Saving File: 5a464ebfa54da16439b0d2aa99592a78.json
26/5/2025 11:57:08 am Done!!
26/5/2025 11:57:08 am Analyzing File: D:\XRFix\dataset_collection\overall\VR-AR-Game\Game\Assets\SunnyLand Artwork\Sprites\Enemies\bat\bat-fly\bat-fly3.png.meta
26/5/2025 11:57:08 am Data Extracted!
26/5/2025 11:57:08 am Saving Results...
26/5/2025 11:57:08 am Saving File: 52554db975b9dc84f95713456871809a.json
26/5/2025 11:57:08 am Done!!
26/5/2025 11:57:08 am Analyzing File: D:\XRFix\dataset_collection\overall\VR-AR-Game\Game\Assets\SunnyLand Artwork\Sprites\Enemies\bat\bat-hang\bat-hang1.png.meta
26/5/2025 11:57:08 am Data Extracted!
26/5/2025 11:57:08 am Saving Results...
26/5/2025 11:57:08 am Saving File: 8154dd34746465c4e9e4cdcb0f6ef113.json
26/5/2025 11:57:08 am Done!!
26/5/2025 11:57:08 am Analyzing File: D:\XRFix\dataset_collection\overall\VR-AR-Game\Game\Assets\SunnyLand Artwork\Sprites\Enemies\bat\bat-hang\bat-hang2.png.meta
26/5/2025 11:57:08 am Data Extracted!
26/5/2025 11:57:08 am Saving Results...
26/5/2025 11:57:08 am Saving File: a5be1f7a10e63e140a55fab9792df285.json
26/5/2025 11:57:08 am Done!!
26/5/2025 11:57:08 am Analyzing File: D:\XRFix\dataset_collection\overall\VR-AR-Game\Game\Assets\SunnyLand Artwork\Sprites\Enemies\bat\bat-hang\bat-hang3.png.meta
26/5/2025 11:57:08 am Data Extracted!
26/5/2025 11:57:08 am Saving Results...
26/5/2025 11:57:08 am Saving File: 2a3d9bc1b0c14f44a98ed352ba9dc8ac.json
26/5/2025 11:57:08 am Done!!
26/5/2025 11:57:08 am Analyzing File: D:\XRFix\dataset_collection\overall\VR-AR-Game\Game\Assets\SunnyLand Artwork\Sprites\Enemies\bat\bat-hang\bat-hang4.png.meta
26/5/2025 11:57:08 am Data Extracted!
26/5/2025 11:57:08 am Saving Results...
26/5/2025 11:57:08 am Saving File: a79848618734cb040ad01feb8a6efb6d.json
26/5/2025 11:57:08 am Done!!
26/5/2025 11:57:08 am Analyzing File: D:\XRFix\dataset_collection\overall\VR-AR-Game\Game\Assets\SunnyLand Artwork\Sprites\Enemies\bear\bear-walk1.png.meta
26/5/2025 11:57:08 am Data Extracted!
26/5/2025 11:57:08 am Saving Results...
26/5/2025 11:57:08 am Saving File: 05806b63f014ac3449ddae915b77a961.json
26/5/2025 11:57:08 am Done!!
26/5/2025 11:57:08 am Analyzing File: D:\XRFix\dataset_collection\overall\VR-AR-Game\Game\Assets\SunnyLand Artwork\Sprites\Enemies\bear\bear-walk2.png.meta
26/5/2025 11:57:08 am Data Extracted!
26/5/2025 11:57:08 am Saving Results...
26/5/2025 11:57:08 am Saving File: ff92939a627188a43b28b96c0fa7f6e8.json
26/5/2025 11:57:08 am Done!!
26/5/2025 11:57:08 am Analyzing File: D:\XRFix\dataset_collection\overall\VR-AR-Game\Game\Assets\SunnyLand Artwork\Sprites\Enemies\bear\bear-walk3.png.meta
26/5/2025 11:57:08 am Data Extracted!
26/5/2025 11:57:08 am Saving Results...
26/5/2025 11:57:08 am Saving File: 39fbd688d112e3a40b4385cf461cff80.json
26/5/2025 11:57:08 am Done!!
26/5/2025 11:57:08 am Analyzing File: D:\XRFix\dataset_collection\overall\VR-AR-Game\Game\Assets\SunnyLand Artwork\Sprites\Enemies\bear\bear-walk4.png.meta
26/5/2025 11:57:08 am Data Extracted!
26/5/2025 11:57:08 am Saving Results...
26/5/2025 11:57:08 am Saving File: 62a8e02b0cf94d741b642d21434d981e.json
26/5/2025 11:57:08 am Done!!
26/5/2025 11:57:08 am Analyzing File: D:\XRFix\dataset_collection\overall\VR-AR-Game\Game\Assets\SunnyLand Artwork\Sprites\Enemies\Bettle\bettle1.png.meta
26/5/2025 11:57:08 am Data Extracted!
26/5/2025 11:57:08 am Saving Results...
26/5/2025 11:57:08 am Saving File: 3c0027c84b538f746957031dd45b4da3.json
26/5/2025 11:57:08 am Done!!
26/5/2025 11:57:08 am Analyzing File: D:\XRFix\dataset_collection\overall\VR-AR-Game\Game\Assets\SunnyLand Artwork\Sprites\Enemies\Bettle\bettle2.png.meta
26/5/2025 11:57:08 am Data Extracted!
26/5/2025 11:57:08 am Saving Results...
26/5/2025 11:57:08 am Saving File: 58abdd4ef9ec003409005b0dd3d13479.json
26/5/2025 11:57:08 am Done!!
26/5/2025 11:57:08 am Analyzing File: D:\XRFix\dataset_collection\overall\VR-AR-Game\Game\Assets\SunnyLand Artwork\Sprites\Enemies\Bettle\bettle3.png.meta
26/5/2025 11:57:08 am Data Extracted!
26/5/2025 11:57:08 am Saving Results...
26/5/2025 11:57:08 am Saving File: 08bec17a815b38f448703a69547f4e4f.json
26/5/2025 11:57:08 am Done!!
26/5/2025 11:57:08 am Analyzing File: D:\XRFix\dataset_collection\overall\VR-AR-Game\Game\Assets\SunnyLand Artwork\Sprites\Enemies\Bettle\bettle4.png.meta
26/5/2025 11:57:08 am Data Extracted!
26/5/2025 11:57:08 am Saving Results...
26/5/2025 11:57:08 am Saving File: d205f3e763882324487838607d52cbc8.json
26/5/2025 11:57:08 am Done!!
26/5/2025 11:57:08 am Analyzing File: D:\XRFix\dataset_collection\overall\VR-AR-Game\Game\Assets\SunnyLand Artwork\Sprites\Enemies\bunny\bunny1.png.meta
26/5/2025 11:57:08 am Data Extracted!
26/5/2025 11:57:08 am Saving Results...
26/5/2025 11:57:08 am Saving File: e0aab8ef7a3e2664c9a41888a276b862.json
26/5/2025 11:57:08 am Done!!
26/5/2025 11:57:08 am Analyzing File: D:\XRFix\dataset_collection\overall\VR-AR-Game\Game\Assets\SunnyLand Artwork\Sprites\Enemies\bunny\bunny2.png.meta
26/5/2025 11:57:08 am Data Extracted!
26/5/2025 11:57:08 am Saving Results...
26/5/2025 11:57:08 am Saving File: ddacff8b75af3d345b57a4a28c263042.json
26/5/2025 11:57:08 am Done!!
26/5/2025 11:57:08 am Analyzing File: D:\XRFix\dataset_collection\overall\VR-AR-Game\Game\Assets\SunnyLand Artwork\Sprites\Enemies\bunny\bunny3.png.meta
26/5/2025 11:57:08 am Data Extracted!
26/5/2025 11:57:08 am Saving Results...
26/5/2025 11:57:08 am Saving File: ff80f8f830d1c3f418fea9ca85ba01f9.json
26/5/2025 11:57:08 am Done!!
26/5/2025 11:57:08 am Analyzing File: D:\XRFix\dataset_collection\overall\VR-AR-Game\Game\Assets\SunnyLand Artwork\Sprites\Enemies\Dino\dino1.png.meta
26/5/2025 11:57:08 am Data Extracted!
26/5/2025 11:57:08 am Saving Results...
26/5/2025 11:57:08 am Saving File: da1c5154cc5e7ec4ca5668915a5807d8.json
26/5/2025 11:57:08 am Done!!
26/5/2025 11:57:08 am Analyzing File: D:\XRFix\dataset_collection\overall\VR-AR-Game\Game\Assets\SunnyLand Artwork\Sprites\Enemies\Dino\dino2.png.meta
26/5/2025 11:57:08 am Data Extracted!
26/5/2025 11:57:08 am Saving Results...
26/5/2025 11:57:08 am Saving File: 26cd18279c65ba948930145802809f87.json
26/5/2025 11:57:08 am Done!!
26/5/2025 11:57:08 am Analyzing File: D:\XRFix\dataset_collection\overall\VR-AR-Game\Game\Assets\SunnyLand Artwork\Sprites\Enemies\Dino\dino3.png.meta
26/5/2025 11:57:08 am Data Extracted!
26/5/2025 11:57:08 am Saving Results...
26/5/2025 11:57:08 am Saving File: b49df5f77ab9d664982c5bbe1a65b9c1.json
26/5/2025 11:57:08 am Done!!
26/5/2025 11:57:08 am Analyzing File: D:\XRFix\dataset_collection\overall\VR-AR-Game\Game\Assets\SunnyLand Artwork\Sprites\Enemies\Dino\dino4.png.meta
26/5/2025 11:57:08 am Data Extracted!
26/5/2025 11:57:08 am Saving Results...
26/5/2025 11:57:08 am Saving File: 29c65eaf485383b48831e7e654da6914.json
26/5/2025 11:57:08 am Done!!
26/5/2025 11:57:08 am Analyzing File: D:\XRFix\dataset_collection\overall\VR-AR-Game\Game\Assets\SunnyLand Artwork\Sprites\Enemies\Dino\dino5.png.meta
26/5/2025 11:57:08 am Data Extracted!
26/5/2025 11:57:08 am Saving Results...
26/5/2025 11:57:08 am Saving File: 41ef2319bcdf9294d97b37e4b43f76b8.json
26/5/2025 11:57:08 am Done!!
26/5/2025 11:57:08 am Analyzing File: D:\XRFix\dataset_collection\overall\VR-AR-Game\Game\Assets\SunnyLand Artwork\Sprites\Enemies\Dino\dino6.png.meta
26/5/2025 11:57:08 am Data Extracted!
26/5/2025 11:57:08 am Saving Results...
26/5/2025 11:57:08 am Saving File: 29a44c96526224c40872841f63d51bc6.json
26/5/2025 11:57:08 am Done!!
26/5/2025 11:57:08 am Analyzing File: D:\XRFix\dataset_collection\overall\VR-AR-Game\Game\Assets\SunnyLand Artwork\Sprites\Enemies\Dino\dino7.png.meta
26/5/2025 11:57:08 am Data Extracted!
26/5/2025 11:57:08 am Saving Results...
26/5/2025 11:57:08 am Saving File: a594a400873bd7e408b1d6e371a203d0.json
26/5/2025 11:57:08 am Done!!
26/5/2025 11:57:08 am Analyzing File: D:\XRFix\dataset_collection\overall\VR-AR-Game\Game\Assets\SunnyLand Artwork\Sprites\Enemies\Dino-Idle\dino-idle1.png.meta
26/5/2025 11:57:08 am Data Extracted!
26/5/2025 11:57:08 am Saving Results...
26/5/2025 11:57:08 am Saving File: 671a594cd6415e04ba0bf26a8eae3621.json
26/5/2025 11:57:08 am Done!!
26/5/2025 11:57:08 am Analyzing File: D:\XRFix\dataset_collection\overall\VR-AR-Game\Game\Assets\SunnyLand Artwork\Sprites\Enemies\Dino-Idle\dino-idle2.png.meta
26/5/2025 11:57:08 am Data Extracted!
26/5/2025 11:57:08 am Saving Results...
26/5/2025 11:57:08 am Saving File: 9f47bc5e5682e37439e15bedbe83cec3.json
26/5/2025 11:57:08 am Done!!
26/5/2025 11:57:08 am Analyzing File: D:\XRFix\dataset_collection\overall\VR-AR-Game\Game\Assets\SunnyLand Artwork\Sprites\Enemies\Dino-Idle\dino-idle3.png.meta
26/5/2025 11:57:08 am Data Extracted!
26/5/2025 11:57:08 am Saving Results...
26/5/2025 11:57:08 am Saving File: 41aa8a785add652429373cc7db4e9d47.json
26/5/2025 11:57:08 am Done!!
26/5/2025 11:57:08 am Analyzing File: D:\XRFix\dataset_collection\overall\VR-AR-Game\Game\Assets\SunnyLand Artwork\Sprites\Enemies\Dino-Idle\dino-idle4.png.meta
26/5/2025 11:57:08 am Data Extracted!
26/5/2025 11:57:08 am Saving Results...
26/5/2025 11:57:08 am Saving File: 25f4ef23863b07943ae75a1fe6be00e3.json
26/5/2025 11:57:08 am Done!!
26/5/2025 11:57:08 am Analyzing File: D:\XRFix\dataset_collection\overall\VR-AR-Game\Game\Assets\SunnyLand Artwork\Sprites\Enemies\Dog\dog1.png.meta
26/5/2025 11:57:08 am Data Extracted!
26/5/2025 11:57:08 am Saving Results...
26/5/2025 11:57:08 am Saving File: d31f46d309957764298b96bbd18f8b18.json
26/5/2025 11:57:08 am Done!!
26/5/2025 11:57:08 am Analyzing File: D:\XRFix\dataset_collection\overall\VR-AR-Game\Game\Assets\SunnyLand Artwork\Sprites\Enemies\Dog\dog2.png.meta
26/5/2025 11:57:08 am Data Extracted!
26/5/2025 11:57:08 am Saving Results...
26/5/2025 11:57:08 am Saving File: 09956f3f450064142b8ac9ee99879222.json
26/5/2025 11:57:08 am Done!!
26/5/2025 11:57:08 am Analyzing File: D:\XRFix\dataset_collection\overall\VR-AR-Game\Game\Assets\SunnyLand Artwork\Sprites\Enemies\Dog\dog3.png.meta
26/5/2025 11:57:08 am Data Extracted!
26/5/2025 11:57:08 am Saving Results...
26/5/2025 11:57:08 am Saving File: 3338f08da18be7e4fbd80aa6dfd918cf.json
26/5/2025 11:57:08 am Done!!
26/5/2025 11:57:08 am Analyzing File: D:\XRFix\dataset_collection\overall\VR-AR-Game\Game\Assets\SunnyLand Artwork\Sprites\Enemies\Dog\dog4.png.meta
26/5/2025 11:57:08 am Data Extracted!
26/5/2025 11:57:08 am Saving Results...
26/5/2025 11:57:08 am Saving File: 88ba4f65bc4f3ab479dfef0d2e885e30.json
26/5/2025 11:57:08 am Done!!
26/5/2025 11:57:08 am Analyzing File: D:\XRFix\dataset_collection\overall\VR-AR-Game\Game\Assets\SunnyLand Artwork\Sprites\Enemies\Dog-idle\dog-idlet1.png.meta
26/5/2025 11:57:08 am Data Extracted!
26/5/2025 11:57:08 am Saving Results...
26/5/2025 11:57:08 am Saving File: 579316ff770f2e343a2e29fd5cd57446.json
26/5/2025 11:57:08 am Done!!
26/5/2025 11:57:08 am Analyzing File: D:\XRFix\dataset_collection\overall\VR-AR-Game\Game\Assets\SunnyLand Artwork\Sprites\Enemies\Dog-idle\dog-idlet2.png.meta
26/5/2025 11:57:08 am Data Extracted!
26/5/2025 11:57:08 am Saving Results...
26/5/2025 11:57:08 am Saving File: b5751a5f74691c34eb9c70637f2f2fa4.json
26/5/2025 11:57:08 am Done!!
26/5/2025 11:57:08 am Analyzing File: D:\XRFix\dataset_collection\overall\VR-AR-Game\Game\Assets\SunnyLand Artwork\Sprites\Enemies\Dog-idle\dog-idlet3.png.meta
26/5/2025 11:57:08 am Data Extracted!
26/5/2025 11:57:08 am Saving Results...
26/5/2025 11:57:08 am Saving File: abb083edade2e8b4687731a96bc20ece.json
26/5/2025 11:57:08 am Done!!
26/5/2025 11:57:08 am Analyzing File: D:\XRFix\dataset_collection\overall\VR-AR-Game\Game\Assets\SunnyLand Artwork\Sprites\Enemies\Dog-idle\dog-idlet4.png.meta
26/5/2025 11:57:08 am Data Extracted!
26/5/2025 11:57:08 am Saving Results...
26/5/2025 11:57:08 am Saving File: e7a0c3101eb306b40896ca73ea2a2752.json
26/5/2025 11:57:08 am Done!!
26/5/2025 11:57:08 am Analyzing File: D:\XRFix\dataset_collection\overall\VR-AR-Game\Game\Assets\SunnyLand Artwork\Sprites\Enemies\Dog-idle\dog-idlet5.png.meta
26/5/2025 11:57:08 am Data Extracted!
26/5/2025 11:57:08 am Saving Results...
26/5/2025 11:57:08 am Saving File: 2b3460f9f5437c348b5c65b6675a4617.json
26/5/2025 11:57:08 am Done!!
26/5/2025 11:57:08 am Analyzing File: D:\XRFix\dataset_collection\overall\VR-AR-Game\Game\Assets\SunnyLand Artwork\Sprites\Enemies\Dog-idle\dog-idlet6.png.meta
26/5/2025 11:57:08 am Data Extracted!
26/5/2025 11:57:08 am Saving Results...
26/5/2025 11:57:08 am Saving File: 854d3cfac862d3c458756bf398c12232.json
26/5/2025 11:57:08 am Done!!
26/5/2025 11:57:08 am Analyzing File: D:\XRFix\dataset_collection\overall\VR-AR-Game\Game\Assets\SunnyLand Artwork\Sprites\Enemies\eagle\eagle-attack-1.png.meta
26/5/2025 11:57:08 am Data Extracted!
26/5/2025 11:57:08 am Saving Results...
26/5/2025 11:57:08 am Saving File: f240dfd4814d34d55a9b033f3c9d8a60.json
26/5/2025 11:57:08 am Done!!
26/5/2025 11:57:08 am Analyzing File: D:\XRFix\dataset_collection\overall\VR-AR-Game\Game\Assets\SunnyLand Artwork\Sprites\Enemies\eagle\eagle-attack-2.png.meta
26/5/2025 11:57:08 am Data Extracted!
26/5/2025 11:57:08 am Saving Results...
26/5/2025 11:57:08 am Saving File: c97786e9459b34e058449b84cd9aab61.json
26/5/2025 11:57:08 am Done!!
26/5/2025 11:57:08 am Analyzing File: D:\XRFix\dataset_collection\overall\VR-AR-Game\Game\Assets\SunnyLand Artwork\Sprites\Enemies\eagle\eagle-attack-3.png.meta
26/5/2025 11:57:08 am Data Extracted!
26/5/2025 11:57:08 am Saving Results...
26/5/2025 11:57:08 am Saving File: 36ec151523b4340ef982c2e9eb0af881.json
26/5/2025 11:57:08 am Done!!
26/5/2025 11:57:08 am Analyzing File: D:\XRFix\dataset_collection\overall\VR-AR-Game\Game\Assets\SunnyLand Artwork\Sprites\Enemies\eagle\eagle-attack-4.png.meta
26/5/2025 11:57:08 am Data Extracted!
26/5/2025 11:57:08 am Saving Results...
26/5/2025 11:57:08 am Saving File: 63301056ddf5f4841800915f26c302d2.json
26/5/2025 11:57:08 am Done!!
26/5/2025 11:57:08 am Analyzing File: D:\XRFix\dataset_collection\overall\VR-AR-Game\Game\Assets\SunnyLand Artwork\Sprites\Enemies\Eagle Dive Attack\attack1.png.meta
26/5/2025 11:57:08 am Data Extracted!
26/5/2025 11:57:08 am Saving Results...
26/5/2025 11:57:08 am Saving File: 4b860d0b90ee3c746b78481e83a41d3e.json
26/5/2025 11:57:08 am Done!!
26/5/2025 11:57:08 am Analyzing File: D:\XRFix\dataset_collection\overall\VR-AR-Game\Game\Assets\SunnyLand Artwork\Sprites\Enemies\Eagle Dive Attack\attack2.png.meta
26/5/2025 11:57:08 am Data Extracted!
26/5/2025 11:57:08 am Saving Results...
26/5/2025 11:57:08 am Saving File: e13889351117c7d45baa2713c349b9a4.json
26/5/2025 11:57:08 am Done!!
26/5/2025 11:57:08 am Analyzing File: D:\XRFix\dataset_collection\overall\VR-AR-Game\Game\Assets\SunnyLand Artwork\Sprites\Enemies\Eagle Hurt\hurt1.png.meta
26/5/2025 11:57:08 am Data Extracted!
26/5/2025 11:57:08 am Saving Results...
26/5/2025 11:57:08 am Saving File: 1b966b10dd094cd4abef0ab2c945f43e.json
26/5/2025 11:57:08 am Done!!
26/5/2025 11:57:08 am Analyzing File: D:\XRFix\dataset_collection\overall\VR-AR-Game\Game\Assets\SunnyLand Artwork\Sprites\Enemies\Eagle Hurt\hurt2.png.meta
26/5/2025 11:57:08 am Data Extracted!
26/5/2025 11:57:08 am Saving Results...
26/5/2025 11:57:08 am Saving File: 7c13fb301cdcde34c8fc1e21459fa6b1.json
26/5/2025 11:57:08 am Done!!
26/5/2025 11:57:08 am Analyzing File: D:\XRFix\dataset_collection\overall\VR-AR-Game\Game\Assets\SunnyLand Artwork\Sprites\Enemies\Eagle Hurt\hurt3.png.meta
26/5/2025 11:57:08 am Data Extracted!
26/5/2025 11:57:08 am Saving Results...
26/5/2025 11:57:08 am Saving File: 296e9a93102d8424386878908e9ff45f.json
26/5/2025 11:57:08 am Done!!
26/5/2025 11:57:08 am Analyzing File: D:\XRFix\dataset_collection\overall\VR-AR-Game\Game\Assets\SunnyLand Artwork\Sprites\Enemies\Eagle Hurt\hurt4.png.meta
26/5/2025 11:57:08 am Data Extracted!
26/5/2025 11:57:08 am Saving Results...
26/5/2025 11:57:08 am Saving File: 1ec0f5ea83f4a9044bf409e55ee30e8a.json
26/5/2025 11:57:08 am Done!!
26/5/2025 11:57:08 am Analyzing File: D:\XRFix\dataset_collection\overall\VR-AR-Game\Game\Assets\SunnyLand Artwork\Sprites\Enemies\Eagle Hurt\hurt5.png.meta
26/5/2025 11:57:08 am Data Extracted!
26/5/2025 11:57:08 am Saving Results...
26/5/2025 11:57:08 am Saving File: ccad675daa178bf42b05769514299c0d.json
26/5/2025 11:57:08 am Done!!
26/5/2025 11:57:08 am Analyzing File: D:\XRFix\dataset_collection\overall\VR-AR-Game\Game\Assets\SunnyLand Artwork\Sprites\Enemies\frog\idle.meta
26/5/2025 11:57:08 am Data Extracted!
26/5/2025 11:57:08 am Saving Results...
26/5/2025 11:57:08 am Saving File: a7e0d8dacdac94b808e416f4fe68d8ee.json
26/5/2025 11:57:08 am Done!!
26/5/2025 11:57:08 am Analyzing File: D:\XRFix\dataset_collection\overall\VR-AR-Game\Game\Assets\SunnyLand Artwork\Sprites\Enemies\frog\jump.meta
26/5/2025 11:57:08 am Data Extracted!
26/5/2025 11:57:08 am Saving Results...
26/5/2025 11:57:08 am Saving File: a4f9d8ce2dee641fa9830749f6d85fd5.json
26/5/2025 11:57:08 am Done!!
26/5/2025 11:57:08 am Analyzing File: D:\XRFix\dataset_collection\overall\VR-AR-Game\Game\Assets\SunnyLand Artwork\Sprites\Enemies\frog\idle\frog-idle-1.png.meta
26/5/2025 11:57:08 am Data Extracted!
26/5/2025 11:57:08 am Saving Results...
26/5/2025 11:57:08 am Saving File: 86ca59b9bca0e409b9ba2784fbe69f01.json
26/5/2025 11:57:08 am Done!!
26/5/2025 11:57:08 am Analyzing File: D:\XRFix\dataset_collection\overall\VR-AR-Game\Game\Assets\SunnyLand Artwork\Sprites\Enemies\frog\idle\frog-idle-2.png.meta
26/5/2025 11:57:08 am Data Extracted!
26/5/2025 11:57:08 am Saving Results...
26/5/2025 11:57:08 am Saving File: 116ac2caa16ad4f73af4539f8b07d019.json
26/5/2025 11:57:08 am Done!!
26/5/2025 11:57:08 am Analyzing File: D:\XRFix\dataset_collection\overall\VR-AR-Game\Game\Assets\SunnyLand Artwork\Sprites\Enemies\frog\idle\frog-idle-3.png.meta
26/5/2025 11:57:08 am Data Extracted!
26/5/2025 11:57:08 am Saving Results...
26/5/2025 11:57:08 am Saving File: 662ace939438646e7a4067a89ec54b9e.json
26/5/2025 11:57:08 am Done!!
26/5/2025 11:57:08 am Analyzing File: D:\XRFix\dataset_collection\overall\VR-AR-Game\Game\Assets\SunnyLand Artwork\Sprites\Enemies\frog\idle\frog-idle-4.png.meta
26/5/2025 11:57:08 am Data Extracted!
26/5/2025 11:57:08 am Saving Results...
26/5/2025 11:57:08 am Saving File: b0305a6bb0adb4f66b864290967ea22b.json
26/5/2025 11:57:08 am Done!!
26/5/2025 11:57:08 am Analyzing File: D:\XRFix\dataset_collection\overall\VR-AR-Game\Game\Assets\SunnyLand Artwork\Sprites\Enemies\frog\jump\frog-fall.png.meta
26/5/2025 11:57:08 am Data Extracted!
26/5/2025 11:57:08 am Saving Results...
26/5/2025 11:57:08 am Saving File: 54925aea4bcc94726afa87df59ae72f7.json
26/5/2025 11:57:08 am Done!!
26/5/2025 11:57:08 am Analyzing File: D:\XRFix\dataset_collection\overall\VR-AR-Game\Game\Assets\SunnyLand Artwork\Sprites\Enemies\frog\jump\frog-jump-1.png.meta
26/5/2025 11:57:08 am Data Extracted!
26/5/2025 11:57:08 am Saving Results...
26/5/2025 11:57:08 am Saving File: 54bcabc188c6640f1a298f013d4716df.json
26/5/2025 11:57:08 am Done!!
26/5/2025 11:57:08 am Analyzing File: D:\XRFix\dataset_collection\overall\VR-AR-Game\Game\Assets\SunnyLand Artwork\Sprites\Enemies\opossum\opossum-1.png.meta
26/5/2025 11:57:08 am Data Extracted!
26/5/2025 11:57:08 am Saving Results...
26/5/2025 11:57:08 am Saving File: baa0c643131554ff99574059ec7da1cc.json
26/5/2025 11:57:08 am Done!!
26/5/2025 11:57:08 am Analyzing File: D:\XRFix\dataset_collection\overall\VR-AR-Game\Game\Assets\SunnyLand Artwork\Sprites\Enemies\opossum\opossum-2.png.meta
26/5/2025 11:57:08 am Data Extracted!
26/5/2025 11:57:08 am Saving Results...
26/5/2025 11:57:08 am Saving File: 2c5f3b2250c31495db3ffcf7e90bb619.json
26/5/2025 11:57:08 am Done!!
26/5/2025 11:57:08 am Analyzing File: D:\XRFix\dataset_collection\overall\VR-AR-Game\Game\Assets\SunnyLand Artwork\Sprites\Enemies\opossum\opossum-3.png.meta
26/5/2025 11:57:08 am Data Extracted!
26/5/2025 11:57:08 am Saving Results...
26/5/2025 11:57:08 am Saving File: 74c5b1be9ca4343ca9d68c58dd8b7332.json
26/5/2025 11:57:08 am Done!!
26/5/2025 11:57:08 am Analyzing File: D:\XRFix\dataset_collection\overall\VR-AR-Game\Game\Assets\SunnyLand Artwork\Sprites\Enemies\opossum\opossum-4.png.meta
26/5/2025 11:57:08 am Data Extracted!
26/5/2025 11:57:08 am Saving Results...
26/5/2025 11:57:08 am Saving File: 23510f1f0d6994dccbcdd1aa3cfe73be.json
26/5/2025 11:57:08 am Done!!
26/5/2025 11:57:08 am Analyzing File: D:\XRFix\dataset_collection\overall\VR-AR-Game\Game\Assets\SunnyLand Artwork\Sprites\Enemies\opossum\opossum-5.png.meta
26/5/2025 11:57:08 am Data Extracted!
26/5/2025 11:57:08 am Saving Results...
26/5/2025 11:57:08 am Saving File: d3b400141540442d5a4497e34887083f.json
26/5/2025 11:57:08 am Done!!
26/5/2025 11:57:08 am Analyzing File: D:\XRFix\dataset_collection\overall\VR-AR-Game\Game\Assets\SunnyLand Artwork\Sprites\Enemies\opossum\opossum-6.png.meta
26/5/2025 11:57:08 am Data Extracted!
26/5/2025 11:57:08 am Saving Results...
26/5/2025 11:57:08 am Saving File: 764fc52f7266843e9b3dac17448f873f.json
26/5/2025 11:57:08 am Done!!
26/5/2025 11:57:08 am Analyzing File: D:\XRFix\dataset_collection\overall\VR-AR-Game\Game\Assets\SunnyLand Artwork\Sprites\Enemies\pig\pig1.png.meta
26/5/2025 11:57:08 am Data Extracted!
26/5/2025 11:57:08 am Saving Results...
26/5/2025 11:57:08 am Saving File: 4335316af6a6cf3419566d1c9313d2b2.json
26/5/2025 11:57:08 am Done!!
26/5/2025 11:57:08 am Analyzing File: D:\XRFix\dataset_collection\overall\VR-AR-Game\Game\Assets\SunnyLand Artwork\Sprites\Enemies\pig\pig2.png.meta
26/5/2025 11:57:08 am Data Extracted!
26/5/2025 11:57:08 am Saving Results...
26/5/2025 11:57:08 am Saving File: 92a52bf102eee444c939429778068b5f.json
26/5/2025 11:57:08 am Done!!
26/5/2025 11:57:08 am Analyzing File: D:\XRFix\dataset_collection\overall\VR-AR-Game\Game\Assets\SunnyLand Artwork\Sprites\Enemies\pig\pig3.png.meta
26/5/2025 11:57:08 am Data Extracted!
26/5/2025 11:57:08 am Saving Results...
26/5/2025 11:57:08 am Saving File: 6c6f34dc0274ba44a81b7b9c5e547131.json
26/5/2025 11:57:08 am Done!!
26/5/2025 11:57:08 am Analyzing File: D:\XRFix\dataset_collection\overall\VR-AR-Game\Game\Assets\SunnyLand Artwork\Sprites\Enemies\pig\pig4.png.meta
26/5/2025 11:57:08 am Data Extracted!
26/5/2025 11:57:08 am Saving Results...
26/5/2025 11:57:08 am Saving File: f2063104bceda0640abd842c232f0fc6.json
26/5/2025 11:57:08 am Done!!
26/5/2025 11:57:08 am Analyzing File: D:\XRFix\dataset_collection\overall\VR-AR-Game\Game\Assets\SunnyLand Artwork\Sprites\Enemies\Slimer\slimer1.png.meta
26/5/2025 11:57:08 am Data Extracted!
26/5/2025 11:57:08 am Saving Results...
26/5/2025 11:57:08 am Saving File: b7a9b30e19b516f4e8f485ca2d26cbbd.json
26/5/2025 11:57:08 am Done!!
26/5/2025 11:57:08 am Analyzing File: D:\XRFix\dataset_collection\overall\VR-AR-Game\Game\Assets\SunnyLand Artwork\Sprites\Enemies\Slimer\slimer2.png.meta
26/5/2025 11:57:08 am Data Extracted!
26/5/2025 11:57:08 am Saving Results...
26/5/2025 11:57:08 am Saving File: b8c1a11ae347f5d4da11bd2f356009ed.json
26/5/2025 11:57:08 am Done!!
26/5/2025 11:57:08 am Analyzing File: D:\XRFix\dataset_collection\overall\VR-AR-Game\Game\Assets\SunnyLand Artwork\Sprites\Enemies\Slimer\slimer3.png.meta
26/5/2025 11:57:08 am Data Extracted!
26/5/2025 11:57:08 am Saving Results...
26/5/2025 11:57:08 am Saving File: ff54077aa8eac95428ff9f1e86f4045f.json
26/5/2025 11:57:08 am Done!!
26/5/2025 11:57:08 am Analyzing File: D:\XRFix\dataset_collection\overall\VR-AR-Game\Game\Assets\SunnyLand Artwork\Sprites\Enemies\Slimer\slimer4.png.meta
26/5/2025 11:57:08 am Data Extracted!
26/5/2025 11:57:08 am Saving Results...
26/5/2025 11:57:08 am Saving File: 011e5bc739bf9b04c96d763a2cd07aa0.json
26/5/2025 11:57:08 am Done!!
26/5/2025 11:57:08 am Analyzing File: D:\XRFix\dataset_collection\overall\VR-AR-Game\Game\Assets\SunnyLand Artwork\Sprites\Enemies\Slimer\slimer5.png.meta
26/5/2025 11:57:08 am Data Extracted!
26/5/2025 11:57:08 am Saving Results...
26/5/2025 11:57:08 am Saving File: 6a19c502e81bdac4ca2344c2c4832710.json
26/5/2025 11:57:08 am Done!!
26/5/2025 11:57:08 am Analyzing File: D:\XRFix\dataset_collection\overall\VR-AR-Game\Game\Assets\SunnyLand Artwork\Sprites\Enemies\Slimer\slimer6.png.meta
26/5/2025 11:57:08 am Data Extracted!
26/5/2025 11:57:08 am Saving Results...
26/5/2025 11:57:08 am Saving File: 5d8c6ad8adae7c542bd8e955f9affe92.json
26/5/2025 11:57:08 am Done!!
26/5/2025 11:57:08 am Analyzing File: D:\XRFix\dataset_collection\overall\VR-AR-Game\Game\Assets\SunnyLand Artwork\Sprites\Enemies\Slimer\slimer7.png.meta
26/5/2025 11:57:08 am Data Extracted!
26/5/2025 11:57:08 am Saving Results...
26/5/2025 11:57:08 am Saving File: 183f15fefcd558f4ab2841f369951d45.json
26/5/2025 11:57:08 am Done!!
26/5/2025 11:57:08 am Analyzing File: D:\XRFix\dataset_collection\overall\VR-AR-Game\Game\Assets\SunnyLand Artwork\Sprites\Enemies\Slimer-Idle\slimer-idle1.png.meta
26/5/2025 11:57:08 am Data Extracted!
26/5/2025 11:57:08 am Saving Results...
26/5/2025 11:57:08 am Saving File: 15dc4eb01dbeea343b3b8dfcdeb10bb6.json
26/5/2025 11:57:08 am Done!!
26/5/2025 11:57:08 am Analyzing File: D:\XRFix\dataset_collection\overall\VR-AR-Game\Game\Assets\SunnyLand Artwork\Sprites\Enemies\Slimer-Idle\slimer-idle2.png.meta
26/5/2025 11:57:08 am Data Extracted!
26/5/2025 11:57:08 am Saving Results...
26/5/2025 11:57:08 am Saving File: 1e86708f6739f9d45a11a727fa710193.json
26/5/2025 11:57:08 am Done!!
26/5/2025 11:57:08 am Analyzing File: D:\XRFix\dataset_collection\overall\VR-AR-Game\Game\Assets\SunnyLand Artwork\Sprites\Enemies\Slimer-Idle\slimer-idle3.png.meta
26/5/2025 11:57:08 am Data Extracted!
26/5/2025 11:57:08 am Saving Results...
26/5/2025 11:57:08 am Saving File: 7693de0fd721ffd4abcccfe4f0d3c98b.json
26/5/2025 11:57:08 am Done!!
26/5/2025 11:57:08 am Analyzing File: D:\XRFix\dataset_collection\overall\VR-AR-Game\Game\Assets\SunnyLand Artwork\Sprites\Enemies\Slimer-Idle\slimer-idle4.png.meta
26/5/2025 11:57:08 am Data Extracted!
26/5/2025 11:57:08 am Saving Results...
26/5/2025 11:57:08 am Saving File: 9077953853ca197438699c0624f13697.json
26/5/2025 11:57:08 am Done!!
26/5/2025 11:57:08 am Analyzing File: D:\XRFix\dataset_collection\overall\VR-AR-Game\Game\Assets\SunnyLand Artwork\Sprites\Enemies\Slimer-Idle\slimer-idle5.png.meta
26/5/2025 11:57:08 am Data Extracted!
26/5/2025 11:57:08 am Saving Results...
26/5/2025 11:57:08 am Saving File: 10994ce0c6eebb049ba7eb0d3d7a00ba.json
26/5/2025 11:57:08 am Done!!
26/5/2025 11:57:08 am Analyzing File: D:\XRFix\dataset_collection\overall\VR-AR-Game\Game\Assets\SunnyLand Artwork\Sprites\Enemies\Slimer-Idle\slimer-idle6.png.meta
26/5/2025 11:57:08 am Data Extracted!
26/5/2025 11:57:08 am Saving Results...
26/5/2025 11:57:08 am Saving File: da86f8257e83fbd4c8432b32c6c47dd5.json
26/5/2025 11:57:08 am Done!!
26/5/2025 11:57:08 am Analyzing File: D:\XRFix\dataset_collection\overall\VR-AR-Game\Game\Assets\SunnyLand Artwork\Sprites\Enemies\Slimer-Idle\slimer-idle7.png.meta
26/5/2025 11:57:08 am Data Extracted!
26/5/2025 11:57:08 am Saving Results...
26/5/2025 11:57:08 am Saving File: 8bc8b2099a070054ab3e9f26e11cc297.json
26/5/2025 11:57:08 am Done!!
26/5/2025 11:57:08 am Analyzing File: D:\XRFix\dataset_collection\overall\VR-AR-Game\Game\Assets\SunnyLand Artwork\Sprites\Enemies\Slimer-Idle\slimer-idle8.png.meta
26/5/2025 11:57:08 am Data Extracted!
26/5/2025 11:57:08 am Saving Results...
26/5/2025 11:57:08 am Saving File: 515971afa1b43a544b3afae8e042ed75.json
26/5/2025 11:57:08 am Done!!
26/5/2025 11:57:08 am Analyzing File: D:\XRFix\dataset_collection\overall\VR-AR-Game\Game\Assets\SunnyLand Artwork\Sprites\Enemies\Vulture\vulture1.png.meta
26/5/2025 11:57:08 am Data Extracted!
26/5/2025 11:57:08 am Saving Results...
26/5/2025 11:57:08 am Saving File: 2e08f6f18f774c64a8f0bd1f4c6b7ae6.json
26/5/2025 11:57:08 am Done!!
26/5/2025 11:57:08 am Analyzing File: D:\XRFix\dataset_collection\overall\VR-AR-Game\Game\Assets\SunnyLand Artwork\Sprites\Enemies\Vulture\vulture2.png.meta
26/5/2025 11:57:08 am Data Extracted!
26/5/2025 11:57:08 am Saving Results...
26/5/2025 11:57:08 am Saving File: cea7b0258c1dd444c926d20d5e9f3807.json
26/5/2025 11:57:08 am Done!!
26/5/2025 11:57:08 am Analyzing File: D:\XRFix\dataset_collection\overall\VR-AR-Game\Game\Assets\SunnyLand Artwork\Sprites\Enemies\Vulture\vulture3.png.meta
26/5/2025 11:57:08 am Data Extracted!
26/5/2025 11:57:08 am Saving Results...
26/5/2025 11:57:08 am Saving File: f1fa6bb9d4c2b08498afe75e30ee0bee.json
26/5/2025 11:57:08 am Done!!
26/5/2025 11:57:08 am Analyzing File: D:\XRFix\dataset_collection\overall\VR-AR-Game\Game\Assets\SunnyLand Artwork\Sprites\Enemies\Vulture\vulture4.png.meta
26/5/2025 11:57:08 am Data Extracted!
26/5/2025 11:57:08 am Saving Results...
26/5/2025 11:57:08 am Saving File: cdaf28e558b90b640ab4b6e4d3399a21.json
26/5/2025 11:57:08 am Done!!
26/5/2025 11:57:08 am Analyzing File: D:\XRFix\dataset_collection\overall\VR-AR-Game\Game\Assets\SunnyLand Artwork\Sprites\Enemies\Vulture-Idle\vulture-idle1.png.meta
26/5/2025 11:57:08 am Data Extracted!
26/5/2025 11:57:08 am Saving Results...
26/5/2025 11:57:08 am Saving File: aa2cb64820116c24eb539a3245546c60.json
26/5/2025 11:57:08 am Done!!
26/5/2025 11:57:08 am Analyzing File: D:\XRFix\dataset_collection\overall\VR-AR-Game\Game\Assets\SunnyLand Artwork\Sprites\Enemies\Vulture-Idle\vulture-idle2.png.meta
26/5/2025 11:57:08 am Data Extracted!
26/5/2025 11:57:08 am Saving Results...
26/5/2025 11:57:08 am Saving File: e5c3e4adc48c9a14fa06d72378bce3b5.json
26/5/2025 11:57:08 am Done!!
26/5/2025 11:57:08 am Analyzing File: D:\XRFix\dataset_collection\overall\VR-AR-Game\Game\Assets\SunnyLand Artwork\Sprites\Enemies\Vulture-Idle\vulture-idle3.png.meta
26/5/2025 11:57:08 am Data Extracted!
26/5/2025 11:57:08 am Saving Results...
26/5/2025 11:57:08 am Saving File: be16d68f63a1f634d9c28a7d2dfbe601.json
26/5/2025 11:57:08 am Done!!
26/5/2025 11:57:08 am Analyzing File: D:\XRFix\dataset_collection\overall\VR-AR-Game\Game\Assets\SunnyLand Artwork\Sprites\Enemies\Vulture-Idle\vulture-idle4.png.meta
26/5/2025 11:57:08 am Data Extracted!
26/5/2025 11:57:08 am Saving Results...
26/5/2025 11:57:08 am Saving File: e1c0868f5d1988843bbe833afb49173f.json
26/5/2025 11:57:08 am Done!!
26/5/2025 11:57:08 am Analyzing File: D:\XRFix\dataset_collection\overall\VR-AR-Game\Game\Assets\SunnyLand Artwork\Sprites\Fx\enemy-death.meta
26/5/2025 11:57:08 am Data Extracted!
26/5/2025 11:57:08 am Saving Results...
26/5/2025 11:57:08 am Saving File: 8e410531b0ca844b79228da6d076824c.json
26/5/2025 11:57:08 am Done!!
26/5/2025 11:57:08 am Analyzing File: D:\XRFix\dataset_collection\overall\VR-AR-Game\Game\Assets\SunnyLand Artwork\Sprites\Fx\item-feedback.meta
26/5/2025 11:57:08 am Data Extracted!
26/5/2025 11:57:08 am Saving Results...
26/5/2025 11:57:08 am Saving File: 9fecb65d474b940b6b703bf0b815d5e0.json
26/5/2025 11:57:08 am Done!!
26/5/2025 11:57:08 am Analyzing File: D:\XRFix\dataset_collection\overall\VR-AR-Game\Game\Assets\SunnyLand Artwork\Sprites\Fx\enemy-death\enemy-death-1.png.meta
26/5/2025 11:57:08 am Data Extracted!
26/5/2025 11:57:08 am Saving Results...
26/5/2025 11:57:08 am Saving File: 815f73f3585044a32811d21502d58770.json
26/5/2025 11:57:08 am Done!!
26/5/2025 11:57:08 am Analyzing File: D:\XRFix\dataset_collection\overall\VR-AR-Game\Game\Assets\SunnyLand Artwork\Sprites\Fx\enemy-death\enemy-death-2.png.meta
26/5/2025 11:57:08 am Data Extracted!
26/5/2025 11:57:08 am Saving Results...
26/5/2025 11:57:08 am Saving File: 1c8013ef5a0c147a5a059fde439f12b6.json
26/5/2025 11:57:08 am Done!!
26/5/2025 11:57:08 am Analyzing File: D:\XRFix\dataset_collection\overall\VR-AR-Game\Game\Assets\SunnyLand Artwork\Sprites\Fx\enemy-death\enemy-death-3.png.meta
26/5/2025 11:57:08 am Data Extracted!
26/5/2025 11:57:08 am Saving Results...
26/5/2025 11:57:08 am Saving File: eec3312b68dc24bacb68c6f19907ddcd.json
26/5/2025 11:57:08 am Done!!
26/5/2025 11:57:08 am Analyzing File: D:\XRFix\dataset_collection\overall\VR-AR-Game\Game\Assets\SunnyLand Artwork\Sprites\Fx\enemy-death\enemy-death-4.png.meta
26/5/2025 11:57:08 am Data Extracted!
26/5/2025 11:57:08 am Saving Results...
26/5/2025 11:57:08 am Saving File: 662dde2f5e71c4d47aadb2a90334c7c8.json
26/5/2025 11:57:08 am Done!!
26/5/2025 11:57:08 am Analyzing File: D:\XRFix\dataset_collection\overall\VR-AR-Game\Game\Assets\SunnyLand Artwork\Sprites\Fx\enemy-death\enemy-death-5.png.meta
26/5/2025 11:57:08 am Data Extracted!
26/5/2025 11:57:08 am Saving Results...
26/5/2025 11:57:08 am Saving File: 635cdc790083c4be9a6a4feb8d976afc.json
26/5/2025 11:57:08 am Done!!
26/5/2025 11:57:08 am Analyzing File: D:\XRFix\dataset_collection\overall\VR-AR-Game\Game\Assets\SunnyLand Artwork\Sprites\Fx\enemy-death\enemy-death-6.png.meta
26/5/2025 11:57:08 am Data Extracted!
26/5/2025 11:57:08 am Saving Results...
26/5/2025 11:57:08 am Saving File: f2065fb3797f1427aa8b3fc04af35e35.json
26/5/2025 11:57:08 am Done!!
26/5/2025 11:57:08 am Analyzing File: D:\XRFix\dataset_collection\overall\VR-AR-Game\Game\Assets\SunnyLand Artwork\Sprites\Fx\item-feedback\item-feedback-1.png.meta
26/5/2025 11:57:08 am Data Extracted!
26/5/2025 11:57:08 am Saving Results...
26/5/2025 11:57:08 am Saving File: 1a4497d8531b845f185bb7742441138d.json
26/5/2025 11:57:08 am Done!!
26/5/2025 11:57:08 am Analyzing File: D:\XRFix\dataset_collection\overall\VR-AR-Game\Game\Assets\SunnyLand Artwork\Sprites\Fx\item-feedback\item-feedback-2.png.meta
26/5/2025 11:57:08 am Data Extracted!
26/5/2025 11:57:08 am Saving Results...
26/5/2025 11:57:08 am Saving File: d01b0b4f13e044d0c83c424e542ddcbf.json
26/5/2025 11:57:08 am Done!!
26/5/2025 11:57:08 am Analyzing File: D:\XRFix\dataset_collection\overall\VR-AR-Game\Game\Assets\SunnyLand Artwork\Sprites\Fx\item-feedback\item-feedback-3.png.meta
26/5/2025 11:57:08 am Data Extracted!
26/5/2025 11:57:08 am Saving Results...
26/5/2025 11:57:08 am Saving File: 857b27bf305c140dab35e3de694fcfbc.json
26/5/2025 11:57:08 am Done!!
26/5/2025 11:57:08 am Analyzing File: D:\XRFix\dataset_collection\overall\VR-AR-Game\Game\Assets\SunnyLand Artwork\Sprites\Fx\item-feedback\item-feedback-4.png.meta
26/5/2025 11:57:08 am Data Extracted!
26/5/2025 11:57:08 am Saving Results...
26/5/2025 11:57:08 am Saving File: d1c3b6a233b524474899f14a81d5c3b5.json
26/5/2025 11:57:08 am Done!!
26/5/2025 11:57:08 am Analyzing File: D:\XRFix\dataset_collection\overall\VR-AR-Game\Game\Assets\SunnyLand Artwork\Sprites\Items\cherry.meta
26/5/2025 11:57:08 am Data Extracted!
26/5/2025 11:57:08 am Saving Results...
26/5/2025 11:57:08 am Saving File: 2b25fb0d2fb6b4c5f8439e2d629b7e73.json
26/5/2025 11:57:08 am Done!!
26/5/2025 11:57:08 am Analyzing File: D:\XRFix\dataset_collection\overall\VR-AR-Game\Game\Assets\SunnyLand Artwork\Sprites\Items\gem.meta
26/5/2025 11:57:08 am Data Extracted!
26/5/2025 11:57:08 am Saving Results...
26/5/2025 11:57:08 am Saving File: 17f597b0b8c304eab96c9cd958dd1ec9.json
26/5/2025 11:57:08 am Done!!
26/5/2025 11:57:08 am Analyzing File: D:\XRFix\dataset_collection\overall\VR-AR-Game\Game\Assets\SunnyLand Artwork\Sprites\Items\cherry\cherry-1.png.meta
26/5/2025 11:57:08 am Data Extracted!
26/5/2025 11:57:08 am Saving Results...
26/5/2025 11:57:08 am Saving File: bdce2a9cb3d0242958c2593a3b8d8742.json
26/5/2025 11:57:08 am Done!!
26/5/2025 11:57:08 am Analyzing File: D:\XRFix\dataset_collection\overall\VR-AR-Game\Game\Assets\SunnyLand Artwork\Sprites\Items\cherry\cherry-2.png.meta
26/5/2025 11:57:08 am Data Extracted!
26/5/2025 11:57:08 am Saving Results...
26/5/2025 11:57:08 am Saving File: 8582e97fa62334fbd8bd10c1052e27b8.json
26/5/2025 11:57:08 am Done!!
26/5/2025 11:57:08 am Analyzing File: D:\XRFix\dataset_collection\overall\VR-AR-Game\Game\Assets\SunnyLand Artwork\Sprites\Items\cherry\cherry-3.png.meta
26/5/2025 11:57:08 am Data Extracted!
26/5/2025 11:57:08 am Saving Results...
26/5/2025 11:57:08 am Saving File: 06c04197e6f394ba897942f561e896c1.json
26/5/2025 11:57:08 am Done!!
26/5/2025 11:57:08 am Analyzing File: D:\XRFix\dataset_collection\overall\VR-AR-Game\Game\Assets\SunnyLand Artwork\Sprites\Items\cherry\cherry-4.png.meta
26/5/2025 11:57:08 am Data Extracted!
26/5/2025 11:57:08 am Saving Results...
26/5/2025 11:57:08 am Saving File: 4f3dc6ccaf04b4061a059006d96715f1.json
26/5/2025 11:57:08 am Done!!
26/5/2025 11:57:08 am Analyzing File: D:\XRFix\dataset_collection\overall\VR-AR-Game\Game\Assets\SunnyLand Artwork\Sprites\Items\cherry\cherry-5.png.meta
26/5/2025 11:57:08 am Data Extracted!
26/5/2025 11:57:08 am Saving Results...
26/5/2025 11:57:08 am Saving File: 273ba8fade558457eb836eefe69bba7f.json
26/5/2025 11:57:08 am Done!!
26/5/2025 11:57:08 am Analyzing File: D:\XRFix\dataset_collection\overall\VR-AR-Game\Game\Assets\SunnyLand Artwork\Sprites\Items\cherry\cherry-6.png.meta
26/5/2025 11:57:08 am Data Extracted!
26/5/2025 11:57:08 am Saving Results...
26/5/2025 11:57:08 am Saving File: 4f35b6058a719446ba48dc4dc2704635.json
26/5/2025 11:57:08 am Done!!
26/5/2025 11:57:08 am Analyzing File: D:\XRFix\dataset_collection\overall\VR-AR-Game\Game\Assets\SunnyLand Artwork\Sprites\Items\cherry\cherry-7.png.meta
26/5/2025 11:57:08 am Data Extracted!
26/5/2025 11:57:08 am Saving Results...
26/5/2025 11:57:08 am Saving File: 056b6a3f6e14d4af2a7d641c4dd44e79.json
26/5/2025 11:57:08 am Done!!
26/5/2025 11:57:08 am Analyzing File: D:\XRFix\dataset_collection\overall\VR-AR-Game\Game\Assets\SunnyLand Artwork\Sprites\Items\gem\gem-1.png.meta
26/5/2025 11:57:08 am Data Extracted!
26/5/2025 11:57:08 am Saving Results...
26/5/2025 11:57:08 am Saving File: bd59bf2e866ed4529ae645637eb9c11d.json
26/5/2025 11:57:08 am Done!!
26/5/2025 11:57:08 am Analyzing File: D:\XRFix\dataset_collection\overall\VR-AR-Game\Game\Assets\SunnyLand Artwork\Sprites\Items\gem\gem-2.png.meta
26/5/2025 11:57:08 am Data Extracted!
26/5/2025 11:57:08 am Saving Results...
26/5/2025 11:57:08 am Saving File: c9e6b5e11d0ef456eb7f7ebd3e750671.json
26/5/2025 11:57:08 am Done!!
26/5/2025 11:57:08 am Analyzing File: D:\XRFix\dataset_collection\overall\VR-AR-Game\Game\Assets\SunnyLand Artwork\Sprites\Items\gem\gem-3.png.meta
26/5/2025 11:57:08 am Data Extracted!
26/5/2025 11:57:08 am Saving Results...
26/5/2025 11:57:08 am Saving File: de20f767e3f3f4aff870112daa2b2562.json
26/5/2025 11:57:08 am Done!!
26/5/2025 11:57:08 am Analyzing File: D:\XRFix\dataset_collection\overall\VR-AR-Game\Game\Assets\SunnyLand Artwork\Sprites\Items\gem\gem-4.png.meta
26/5/2025 11:57:08 am Data Extracted!
26/5/2025 11:57:08 am Saving Results...
26/5/2025 11:57:08 am Saving File: 5f35659c40d6a435fade670c478a52b1.json
26/5/2025 11:57:08 am Done!!
26/5/2025 11:57:08 am Analyzing File: D:\XRFix\dataset_collection\overall\VR-AR-Game\Game\Assets\SunnyLand Artwork\Sprites\Items\gem\gem-5.png.meta
26/5/2025 11:57:08 am Data Extracted!
26/5/2025 11:57:08 am Saving Results...
26/5/2025 11:57:08 am Saving File: 63fd366633d434aeb8ee3ee766305016.json
26/5/2025 11:57:08 am Done!!
26/5/2025 11:57:08 am Analyzing File: D:\XRFix\dataset_collection\overall\VR-AR-Game\Game\Assets\SunnyLand Artwork\Sprites\player\climb.meta
26/5/2025 11:57:08 am Data Extracted!
26/5/2025 11:57:08 am Saving Results...
26/5/2025 11:57:08 am Saving File: dc73f951b664d4f40a2fcda33eea4adb.json
26/5/2025 11:57:08 am Done!!
26/5/2025 11:57:08 am Analyzing File: D:\XRFix\dataset_collection\overall\VR-AR-Game\Game\Assets\SunnyLand Artwork\Sprites\player\crouch.meta
26/5/2025 11:57:08 am Data Extracted!
26/5/2025 11:57:08 am Saving Results...
26/5/2025 11:57:08 am Saving File: 4c9ebeabb610844eb88fb92140ac4cb7.json
26/5/2025 11:57:08 am Done!!
26/5/2025 11:57:08 am Analyzing File: D:\XRFix\dataset_collection\overall\VR-AR-Game\Game\Assets\SunnyLand Artwork\Sprites\player\hurt.meta
26/5/2025 11:57:08 am Data Extracted!
26/5/2025 11:57:08 am Saving Results...
26/5/2025 11:57:08 am Saving File: 568a44ad60821451c8f1c519a34666ef.json
26/5/2025 11:57:08 am Done!!
26/5/2025 11:57:08 am Analyzing File: D:\XRFix\dataset_collection\overall\VR-AR-Game\Game\Assets\SunnyLand Artwork\Sprites\player\idle.meta
26/5/2025 11:57:08 am Data Extracted!
26/5/2025 11:57:08 am Saving Results...
26/5/2025 11:57:08 am Saving File: a6784c39dc28a4834b763f55ec9d0408.json
26/5/2025 11:57:08 am Done!!
26/5/2025 11:57:08 am Analyzing File: D:\XRFix\dataset_collection\overall\VR-AR-Game\Game\Assets\SunnyLand Artwork\Sprites\player\jump.meta
26/5/2025 11:57:08 am Data Extracted!
26/5/2025 11:57:08 am Saving Results...
26/5/2025 11:57:08 am Saving File: 731f9b2c4592c4e36bf859ade76b4d66.json
26/5/2025 11:57:08 am Done!!
26/5/2025 11:57:08 am Analyzing File: D:\XRFix\dataset_collection\overall\VR-AR-Game\Game\Assets\SunnyLand Artwork\Sprites\player\run.meta
26/5/2025 11:57:08 am Data Extracted!
26/5/2025 11:57:08 am Saving Results...
26/5/2025 11:57:08 am Saving File: 36eea592e53a047d6be03259ef1ee568.json
26/5/2025 11:57:08 am Done!!
26/5/2025 11:57:08 am Analyzing File: D:\XRFix\dataset_collection\overall\VR-AR-Game\Game\Assets\SunnyLand Artwork\Sprites\player\climb\player-climb-1.png.meta
26/5/2025 11:57:08 am Data Extracted!
26/5/2025 11:57:08 am Saving Results...
26/5/2025 11:57:08 am Saving File: be30195fa34cc45258a6ab7011cb297b.json
26/5/2025 11:57:08 am Done!!
26/5/2025 11:57:08 am Analyzing File: D:\XRFix\dataset_collection\overall\VR-AR-Game\Game\Assets\SunnyLand Artwork\Sprites\player\climb\player-climb-2.png.meta
26/5/2025 11:57:08 am Data Extracted!
26/5/2025 11:57:08 am Saving Results...
26/5/2025 11:57:08 am Saving File: 94cffd9e5ecd3497c9831ffe8ae1605c.json
26/5/2025 11:57:08 am Done!!
26/5/2025 11:57:08 am Analyzing File: D:\XRFix\dataset_collection\overall\VR-AR-Game\Game\Assets\SunnyLand Artwork\Sprites\player\climb\player-climb-3.png.meta
26/5/2025 11:57:08 am Data Extracted!
26/5/2025 11:57:08 am Saving Results...
26/5/2025 11:57:08 am Saving File: eb5b673fa31e44bc9b15d686c24009da.json
26/5/2025 11:57:08 am Done!!
26/5/2025 11:57:08 am Analyzing File: D:\XRFix\dataset_collection\overall\VR-AR-Game\Game\Assets\SunnyLand Artwork\Sprites\player\crouch\player-crouch-1.png.meta
26/5/2025 11:57:08 am Data Extracted!
26/5/2025 11:57:08 am Saving Results...
26/5/2025 11:57:08 am Saving File: 9878b6f1290ef41e88b30f08f68537fd.json
26/5/2025 11:57:08 am Done!!
26/5/2025 11:57:08 am Analyzing File: D:\XRFix\dataset_collection\overall\VR-AR-Game\Game\Assets\SunnyLand Artwork\Sprites\player\crouch\player-crouch-2.png.meta
26/5/2025 11:57:08 am Data Extracted!
26/5/2025 11:57:08 am Saving Results...
26/5/2025 11:57:08 am Saving File: 448d57c5e4c694686badaba281a6adff.json
26/5/2025 11:57:08 am Done!!
26/5/2025 11:57:08 am Analyzing File: D:\XRFix\dataset_collection\overall\VR-AR-Game\Game\Assets\SunnyLand Artwork\Sprites\player\hurt\player-hurt-1.png.meta
26/5/2025 11:57:08 am Data Extracted!
26/5/2025 11:57:08 am Saving Results...
26/5/2025 11:57:08 am Saving File: c123c318507c6405a869f2f89068cf06.json
26/5/2025 11:57:08 am Done!!
26/5/2025 11:57:08 am Analyzing File: D:\XRFix\dataset_collection\overall\VR-AR-Game\Game\Assets\SunnyLand Artwork\Sprites\player\hurt\player-hurt-2.png.meta
26/5/2025 11:57:08 am Data Extracted!
26/5/2025 11:57:08 am Saving Results...
26/5/2025 11:57:08 am Saving File: a85f3724632254a6cb24066dc54cbf60.json
26/5/2025 11:57:08 am Done!!
26/5/2025 11:57:08 am Analyzing File: D:\XRFix\dataset_collection\overall\VR-AR-Game\Game\Assets\SunnyLand Artwork\Sprites\player\idle\player-idle-1.png.meta
26/5/2025 11:57:08 am Data Extracted!
26/5/2025 11:57:08 am Saving Results...
26/5/2025 11:57:08 am Saving File: 72de0c64f2c6a498096698322c976a67.json
26/5/2025 11:57:08 am Done!!
26/5/2025 11:57:08 am Analyzing File: D:\XRFix\dataset_collection\overall\VR-AR-Game\Game\Assets\SunnyLand Artwork\Sprites\player\idle\player-idle-2.png.meta
26/5/2025 11:57:08 am Data Extracted!
26/5/2025 11:57:08 am Saving Results...
26/5/2025 11:57:08 am Saving File: c8a742c1f2ebb43b9afe34a47304c051.json
26/5/2025 11:57:08 am Done!!
26/5/2025 11:57:08 am Analyzing File: D:\XRFix\dataset_collection\overall\VR-AR-Game\Game\Assets\SunnyLand Artwork\Sprites\player\idle\player-idle-3.png.meta
26/5/2025 11:57:08 am Data Extracted!
26/5/2025 11:57:08 am Saving Results...
26/5/2025 11:57:08 am Saving File: 077f0469c420a4365bc67943783293df.json
26/5/2025 11:57:08 am Done!!
26/5/2025 11:57:08 am Analyzing File: D:\XRFix\dataset_collection\overall\VR-AR-Game\Game\Assets\SunnyLand Artwork\Sprites\player\idle\player-idle-4.png.meta
26/5/2025 11:57:08 am Data Extracted!
26/5/2025 11:57:08 am Saving Results...
26/5/2025 11:57:08 am Saving File: 8bc3c2c2a565342aab778fd8e874313a.json
26/5/2025 11:57:08 am Done!!
26/5/2025 11:57:08 am Analyzing File: D:\XRFix\dataset_collection\overall\VR-AR-Game\Game\Assets\SunnyLand Artwork\Sprites\player\jump\player-fall.png.meta
26/5/2025 11:57:08 am Data Extracted!
26/5/2025 11:57:08 am Saving Results...
26/5/2025 11:57:08 am Saving File: 598fb1767626f42e992bb9c2769d86ea.json
26/5/2025 11:57:08 am Done!!
26/5/2025 11:57:08 am Analyzing File: D:\XRFix\dataset_collection\overall\VR-AR-Game\Game\Assets\SunnyLand Artwork\Sprites\player\jump\player-jump-1.png.meta
26/5/2025 11:57:08 am Data Extracted!
26/5/2025 11:57:08 am Saving Results...
26/5/2025 11:57:08 am Saving File: e2976d09b53264ffbbb9210a1ae1dcc0.json
26/5/2025 11:57:08 am Done!!
26/5/2025 11:57:08 am Analyzing File: D:\XRFix\dataset_collection\overall\VR-AR-Game\Game\Assets\SunnyLand Artwork\Sprites\player\run\player-run-1.png.meta
26/5/2025 11:57:08 am Data Extracted!
26/5/2025 11:57:08 am Saving Results...
26/5/2025 11:57:08 am Saving File: 8afd73b29f8e34c70b0db80184b8cc7f.json
26/5/2025 11:57:08 am Done!!
26/5/2025 11:57:08 am Analyzing File: D:\XRFix\dataset_collection\overall\VR-AR-Game\Game\Assets\SunnyLand Artwork\Sprites\player\run\player-run-2.png.meta
26/5/2025 11:57:08 am Data Extracted!
26/5/2025 11:57:08 am Saving Results...
26/5/2025 11:57:08 am Saving File: d094cf6ac3d8a4d0bbbef5d6d6ad3eed.json
26/5/2025 11:57:08 am Done!!
26/5/2025 11:57:08 am Analyzing File: D:\XRFix\dataset_collection\overall\VR-AR-Game\Game\Assets\SunnyLand Artwork\Sprites\player\run\player-run-3.png.meta
26/5/2025 11:57:08 am Data Extracted!
26/5/2025 11:57:08 am Saving Results...
26/5/2025 11:57:08 am Saving File: 3f59d4fdf4fe04ab79f11dadde82fe8c.json
26/5/2025 11:57:08 am Done!!
26/5/2025 11:57:08 am Analyzing File: D:\XRFix\dataset_collection\overall\VR-AR-Game\Game\Assets\SunnyLand Artwork\Sprites\player\run\player-run-4.png.meta
26/5/2025 11:57:08 am Data Extracted!
26/5/2025 11:57:08 am Saving Results...
26/5/2025 11:57:08 am Saving File: bc3fcf1d561104bea933686de6bade4b.json
26/5/2025 11:57:08 am Done!!
26/5/2025 11:57:08 am Analyzing File: D:\XRFix\dataset_collection\overall\VR-AR-Game\Game\Assets\SunnyLand Artwork\Sprites\player\run\player-run-5.png.meta
26/5/2025 11:57:08 am Data Extracted!
26/5/2025 11:57:08 am Saving Results...
26/5/2025 11:57:08 am Saving File: f58cc0961cc9146ca9780a0cb1327e5d.json
26/5/2025 11:57:08 am Done!!
26/5/2025 11:57:08 am Analyzing File: D:\XRFix\dataset_collection\overall\VR-AR-Game\Game\Assets\SunnyLand Artwork\Sprites\player\run\player-run-6.png.meta
26/5/2025 11:57:08 am Data Extracted!
26/5/2025 11:57:08 am Saving Results...
26/5/2025 11:57:08 am Saving File: af314424f59d946469a97f398e8de53f.json
26/5/2025 11:57:08 am Done!!
26/5/2025 11:57:08 am Analyzing File: D:\XRFix\dataset_collection\overall\VR-AR-Game\Game\Assets\TextMesh Pro\Documentation.meta
26/5/2025 11:57:08 am Data Extracted!
26/5/2025 11:57:08 am Saving Results...
26/5/2025 11:57:08 am Saving File: 8e7e8f5a82a3a134e91c54efd2274ea9.json
26/5/2025 11:57:08 am Done!!
26/5/2025 11:57:08 am Analyzing File: D:\XRFix\dataset_collection\overall\VR-AR-Game\Game\Assets\TextMesh Pro\Fonts.meta
26/5/2025 11:57:08 am Data Extracted!
26/5/2025 11:57:08 am Saving Results...
26/5/2025 11:57:08 am Saving File: 6ab70aee4d56447429c680537fbf93ed.json
26/5/2025 11:57:08 am Done!!
26/5/2025 11:57:08 am Analyzing File: D:\XRFix\dataset_collection\overall\VR-AR-Game\Game\Assets\TextMesh Pro\Resources.meta
26/5/2025 11:57:08 am Data Extracted!
26/5/2025 11:57:08 am Saving Results...
26/5/2025 11:57:08 am Saving File: 243e06394e614e5d99fab26083b707fa.json
26/5/2025 11:57:08 am Done!!
26/5/2025 11:57:08 am Analyzing File: D:\XRFix\dataset_collection\overall\VR-AR-Game\Game\Assets\TextMesh Pro\Shaders.meta
26/5/2025 11:57:08 am Data Extracted!
26/5/2025 11:57:08 am Saving Results...
26/5/2025 11:57:08 am Saving File: e9f693669af91aa45ad615fc681ed29f.json
26/5/2025 11:57:08 am Done!!
26/5/2025 11:57:08 am Analyzing File: D:\XRFix\dataset_collection\overall\VR-AR-Game\Game\Assets\TextMesh Pro\Sprites.meta
26/5/2025 11:57:08 am Data Extracted!
26/5/2025 11:57:08 am Saving Results...
26/5/2025 11:57:08 am Saving File: d0603b6d5186471b96c778c3949c7ce2.json
26/5/2025 11:57:08 am Done!!
26/5/2025 11:57:08 am Analyzing File: D:\XRFix\dataset_collection\overall\VR-AR-Game\Game\Assets\TextMesh Pro\Documentation\TextMesh Pro User Guide 2016.pdf.meta
26/5/2025 11:57:08 am Data Extracted!
26/5/2025 11:57:08 am Saving Results...
26/5/2025 11:57:08 am Saving File: 1b8d251f9af63b746bf2f7ffe00ebb9b.json
26/5/2025 11:57:08 am Done!!
26/5/2025 11:57:08 am Analyzing File: D:\XRFix\dataset_collection\overall\VR-AR-Game\Game\Assets\TextMesh Pro\Fonts\LiberationSans - OFL.txt.meta
26/5/2025 11:57:08 am Data Extracted!
26/5/2025 11:57:08 am Saving Results...
26/5/2025 11:57:08 am Saving File: 6e59c59b81ab47f9b6ec5781fa725d2c.json
26/5/2025 11:57:08 am Done!!
26/5/2025 11:57:08 am Analyzing File: D:\XRFix\dataset_collection\overall\VR-AR-Game\Game\Assets\TextMesh Pro\Fonts\LiberationSans.ttf.meta
26/5/2025 11:57:08 am Data Extracted!
26/5/2025 11:57:08 am Saving Results...
26/5/2025 11:57:08 am Saving File: e3265ab4bf004d28a9537516768c1c75.json
26/5/2025 11:57:08 am Done!!
26/5/2025 11:57:08 am Analyzing File: D:\XRFix\dataset_collection\overall\VR-AR-Game\Game\Assets\TextMesh Pro\Resources\Fonts & Materials.meta
26/5/2025 11:57:08 am Data Extracted!
26/5/2025 11:57:08 am Saving Results...
26/5/2025 11:57:08 am Saving File: 731f1baa9d144a9897cb1d341c2092b8.json
26/5/2025 11:57:08 am Done!!
26/5/2025 11:57:08 am Analyzing File: D:\XRFix\dataset_collection\overall\VR-AR-Game\Game\Assets\TextMesh Pro\Resources\LineBreaking Following Characters.txt.meta
26/5/2025 11:57:08 am Data Extracted!
26/5/2025 11:57:08 am Saving Results...
26/5/2025 11:57:08 am Saving File: fade42e8bc714b018fac513c043d323b.json
26/5/2025 11:57:08 am Done!!
26/5/2025 11:57:08 am Analyzing File: D:\XRFix\dataset_collection\overall\VR-AR-Game\Game\Assets\TextMesh Pro\Resources\LineBreaking Leading Characters.txt.meta
26/5/2025 11:57:08 am Data Extracted!
26/5/2025 11:57:08 am Saving Results...
26/5/2025 11:57:08 am Saving File: d82c1b31c7e74239bff1220585707d2b.json
26/5/2025 11:57:08 am Done!!
26/5/2025 11:57:08 am Analyzing File: D:\XRFix\dataset_collection\overall\VR-AR-Game\Game\Assets\TextMesh Pro\Resources\Sprite Assets.meta
26/5/2025 11:57:08 am Data Extracted!
26/5/2025 11:57:08 am Saving Results...
26/5/2025 11:57:08 am Saving File: 512a49d95c0c4332bdd98131869c23c9.json
26/5/2025 11:57:08 am Done!!
26/5/2025 11:57:08 am Analyzing File: D:\XRFix\dataset_collection\overall\VR-AR-Game\Game\Assets\TextMesh Pro\Resources\Style Sheets.meta
26/5/2025 11:57:08 am Data Extracted!
26/5/2025 11:57:08 am Saving Results...
26/5/2025 11:57:08 am Saving File: 4aecb92fff08436c8303b10eab8da368.json
26/5/2025 11:57:08 am Done!!
26/5/2025 11:57:08 am Analyzing File: D:\XRFix\dataset_collection\overall\VR-AR-Game\Game\Assets\TextMesh Pro\Resources\TMP Settings.asset.meta
26/5/2025 11:57:08 am Data Extracted!
26/5/2025 11:57:08 am Saving Results...
26/5/2025 11:57:08 am Saving File: 3f5b5dff67a942289a9defa416b206f3.json
26/5/2025 11:57:08 am Done!!
26/5/2025 11:57:08 am Analyzing File: D:\XRFix\dataset_collection\overall\VR-AR-Game\Game\Assets\TextMesh Pro\Resources\Fonts & Materials\LiberationSans SDF - Fallback.asset.meta
26/5/2025 11:57:08 am Data Extracted!
26/5/2025 11:57:08 am Saving Results...
26/5/2025 11:57:08 am Saving File: 2e498d1c8094910479dc3e1b768306a4.json
26/5/2025 11:57:08 am Done!!
26/5/2025 11:57:08 am Analyzing File: D:\XRFix\dataset_collection\overall\VR-AR-Game\Game\Assets\TextMesh Pro\Resources\Fonts & Materials\LiberationSans SDF.asset.meta
26/5/2025 11:57:08 am Data Extracted!
26/5/2025 11:57:08 am Saving Results...
26/5/2025 11:57:08 am Saving File: 8f586378b4e144a9851e7b34d9b748ee.json
26/5/2025 11:57:08 am Done!!
26/5/2025 11:57:08 am Analyzing File: D:\XRFix\dataset_collection\overall\VR-AR-Game\Game\Assets\TextMesh Pro\Resources\Sprite Assets\EmojiOne.asset.meta
26/5/2025 11:57:08 am Data Extracted!
26/5/2025 11:57:08 am Saving Results...
26/5/2025 11:57:08 am Saving File: c41005c129ba4d66911b75229fd70b45.json
26/5/2025 11:57:08 am Done!!
26/5/2025 11:57:08 am Analyzing File: D:\XRFix\dataset_collection\overall\VR-AR-Game\Game\Assets\TextMesh Pro\Resources\Style Sheets\Default Style Sheet.asset.meta
26/5/2025 11:57:08 am Data Extracted!
26/5/2025 11:57:08 am Saving Results...
26/5/2025 11:57:08 am Saving File: f952c082cb03451daed3ee968ac6c63e.json
26/5/2025 11:57:08 am Done!!
26/5/2025 11:57:08 am Analyzing File: D:\XRFix\dataset_collection\overall\VR-AR-Game\Game\Assets\TextMesh Pro\Shaders\TMPro.cginc.meta
26/5/2025 11:57:08 am Data Extracted!
26/5/2025 11:57:08 am Saving Results...
26/5/2025 11:57:08 am Saving File: 407bc68d299748449bbf7f48ee690f8d.json
26/5/2025 11:57:08 am Done!!
26/5/2025 11:57:08 am Analyzing File: D:\XRFix\dataset_collection\overall\VR-AR-Game\Game\Assets\TextMesh Pro\Shaders\TMPro_Mobile.cginc.meta
26/5/2025 11:57:08 am Data Extracted!
26/5/2025 11:57:08 am Saving Results...
26/5/2025 11:57:08 am Saving File: c334973cef89a9840b0b0c507e0377ab.json
26/5/2025 11:57:08 am Done!!
26/5/2025 11:57:08 am Analyzing File: D:\XRFix\dataset_collection\overall\VR-AR-Game\Game\Assets\TextMesh Pro\Shaders\TMPro_Properties.cginc.meta
26/5/2025 11:57:08 am Data Extracted!
26/5/2025 11:57:08 am Saving Results...
26/5/2025 11:57:08 am Saving File: 3997e2241185407d80309a82f9148466.json
26/5/2025 11:57:08 am Done!!
26/5/2025 11:57:08 am Analyzing File: D:\XRFix\dataset_collection\overall\VR-AR-Game\Game\Assets\TextMesh Pro\Shaders\TMPro_Surface.cginc.meta
26/5/2025 11:57:08 am Data Extracted!
26/5/2025 11:57:08 am Saving Results...
26/5/2025 11:57:08 am Saving File: d930090c0cd643c7b55f19a38538c162.json
26/5/2025 11:57:08 am Done!!
26/5/2025 11:57:08 am Analyzing File: D:\XRFix\dataset_collection\overall\VR-AR-Game\Game\Assets\TextMesh Pro\Shaders\TMP_Bitmap-Custom-Atlas.shader.meta
26/5/2025 11:57:08 am Data Extracted!
26/5/2025 11:57:08 am Saving Results...
26/5/2025 11:57:08 am Saving File: 48bb5f55d8670e349b6e614913f9d910.json
26/5/2025 11:57:08 am Done!!
26/5/2025 11:57:08 am Analyzing File: D:\XRFix\dataset_collection\overall\VR-AR-Game\Game\Assets\TextMesh Pro\Shaders\TMP_Bitmap-Mobile.shader.meta
26/5/2025 11:57:08 am Data Extracted!
26/5/2025 11:57:08 am Saving Results...
26/5/2025 11:57:08 am Saving File: 1e3b057af24249748ff873be7fafee47.json
26/5/2025 11:57:08 am Done!!
26/5/2025 11:57:08 am Analyzing File: D:\XRFix\dataset_collection\overall\VR-AR-Game\Game\Assets\TextMesh Pro\Shaders\TMP_Bitmap.shader.meta
26/5/2025 11:57:08 am Data Extracted!
26/5/2025 11:57:08 am Saving Results...
26/5/2025 11:57:08 am Saving File: 128e987d567d4e2c824d754223b3f3b0.json
26/5/2025 11:57:08 am Done!!
26/5/2025 11:57:08 am Analyzing File: D:\XRFix\dataset_collection\overall\VR-AR-Game\Game\Assets\TextMesh Pro\Shaders\TMP_SDF Overlay.shader.meta
26/5/2025 11:57:08 am Data Extracted!
26/5/2025 11:57:08 am Saving Results...
26/5/2025 11:57:08 am Saving File: dd89cf5b9246416f84610a006f916af7.json
26/5/2025 11:57:08 am Done!!
26/5/2025 11:57:08 am Analyzing File: D:\XRFix\dataset_collection\overall\VR-AR-Game\Game\Assets\TextMesh Pro\Shaders\TMP_SDF SSD.shader.meta
26/5/2025 11:57:08 am Data Extracted!
26/5/2025 11:57:08 am Saving Results...
26/5/2025 11:57:08 am Saving File: 14eb328de4b8eb245bb7cea29e4ac00b.json
26/5/2025 11:57:08 am Done!!
26/5/2025 11:57:08 am Analyzing File: D:\XRFix\dataset_collection\overall\VR-AR-Game\Game\Assets\TextMesh Pro\Shaders\TMP_SDF-Mobile Masking.shader.meta
26/5/2025 11:57:08 am Data Extracted!
26/5/2025 11:57:08 am Saving Results...
26/5/2025 11:57:08 am Saving File: bc1ede39bf3643ee8e493720e4259791.json
26/5/2025 11:57:08 am Done!!
26/5/2025 11:57:08 am Analyzing File: D:\XRFix\dataset_collection\overall\VR-AR-Game\Game\Assets\TextMesh Pro\Shaders\TMP_SDF-Mobile Overlay.shader.meta
26/5/2025 11:57:08 am Data Extracted!
26/5/2025 11:57:08 am Saving Results...
26/5/2025 11:57:08 am Saving File: a02a7d8c237544f1962732b55a9aebf1.json
26/5/2025 11:57:08 am Done!!
26/5/2025 11:57:08 am Analyzing File: D:\XRFix\dataset_collection\overall\VR-AR-Game\Game\Assets\TextMesh Pro\Shaders\TMP_SDF-Mobile SSD.shader.meta
26/5/2025 11:57:08 am Data Extracted!
26/5/2025 11:57:08 am Saving Results...
26/5/2025 11:57:08 am Saving File: c8d12adcee749c344b8117cf7c7eb912.json
26/5/2025 11:57:08 am Done!!
26/5/2025 11:57:08 am Analyzing File: D:\XRFix\dataset_collection\overall\VR-AR-Game\Game\Assets\TextMesh Pro\Shaders\TMP_SDF-Mobile.shader.meta
26/5/2025 11:57:08 am Data Extracted!
26/5/2025 11:57:08 am Saving Results...
26/5/2025 11:57:08 am Saving File: fe393ace9b354375a9cb14cdbbc28be4.json
26/5/2025 11:57:08 am Done!!
26/5/2025 11:57:08 am Analyzing File: D:\XRFix\dataset_collection\overall\VR-AR-Game\Game\Assets\TextMesh Pro\Shaders\TMP_SDF-Surface-Mobile.shader.meta
26/5/2025 11:57:08 am Data Extracted!
26/5/2025 11:57:08 am Saving Results...
26/5/2025 11:57:08 am Saving File: 85187c2149c549c5b33f0cdb02836b17.json
26/5/2025 11:57:08 am Done!!
26/5/2025 11:57:08 am Analyzing File: D:\XRFix\dataset_collection\overall\VR-AR-Game\Game\Assets\TextMesh Pro\Shaders\TMP_SDF-Surface.shader.meta
26/5/2025 11:57:08 am Data Extracted!
26/5/2025 11:57:08 am Saving Results...
26/5/2025 11:57:08 am Saving File: f7ada0af4f174f0694ca6a487b8f543d.json
26/5/2025 11:57:08 am Done!!
26/5/2025 11:57:08 am Analyzing File: D:\XRFix\dataset_collection\overall\VR-AR-Game\Game\Assets\TextMesh Pro\Shaders\TMP_SDF.shader.meta
26/5/2025 11:57:08 am Data Extracted!
26/5/2025 11:57:08 am Saving Results...
26/5/2025 11:57:08 am Saving File: 68e6db2ebdc24f95958faec2be5558d6.json
26/5/2025 11:57:08 am Done!!
26/5/2025 11:57:08 am Analyzing File: D:\XRFix\dataset_collection\overall\VR-AR-Game\Game\Assets\TextMesh Pro\Shaders\TMP_Sprite.shader.meta
26/5/2025 11:57:08 am Data Extracted!
26/5/2025 11:57:08 am Saving Results...
26/5/2025 11:57:08 am Saving File: cf81c85f95fe47e1a27f6ae460cf182c.json
26/5/2025 11:57:08 am Done!!
26/5/2025 11:57:08 am Analyzing File: D:\XRFix\dataset_collection\overall\VR-AR-Game\Game\Assets\TextMesh Pro\Sprites\EmojiOne Attribution.txt.meta
26/5/2025 11:57:08 am Data Extracted!
26/5/2025 11:57:08 am Saving Results...
26/5/2025 11:57:08 am Saving File: 381dcb09d5029d14897e55f98031fca5.json
26/5/2025 11:57:08 am Done!!
26/5/2025 11:57:08 am Analyzing File: D:\XRFix\dataset_collection\overall\VR-AR-Game\Game\Assets\TextMesh Pro\Sprites\EmojiOne.json.meta
26/5/2025 11:57:08 am Data Extracted!
26/5/2025 11:57:08 am Saving Results...
26/5/2025 11:57:08 am Saving File: 8f05276190cf498a8153f6cbe761d4e6.json
26/5/2025 11:57:08 am Done!!
26/5/2025 11:57:08 am Analyzing File: D:\XRFix\dataset_collection\overall\VR-AR-Game\Game\Assets\TextMesh Pro\Sprites\EmojiOne.png.meta
26/5/2025 11:57:08 am Data Extracted!
26/5/2025 11:57:08 am Saving Results...
26/5/2025 11:57:08 am Saving File: dffef66376be4fa480fb02b19edbe903.json
26/5/2025 11:57:08 am Done!!
26/5/2025 11:57:08 am Analyzing File: D:\XRFix\dataset_collection\overall\VR-AR-Game\Game\Assets\XR\Loaders.meta
26/5/2025 11:57:08 am Data Extracted!
26/5/2025 11:57:08 am Saving Results...
26/5/2025 11:57:08 am Saving File: 3a76015e144504663a50cee2fcb16a52.json
26/5/2025 11:57:08 am Done!!
26/5/2025 11:57:08 am Analyzing File: D:\XRFix\dataset_collection\overall\VR-AR-Game\Game\Assets\XR\Settings.meta
26/5/2025 11:57:08 am Data Extracted!
26/5/2025 11:57:08 am Saving Results...
26/5/2025 11:57:08 am Saving File: 19c67f87329164ed9b467e18736c5de1.json
26/5/2025 11:57:08 am Done!!
26/5/2025 11:57:08 am Analyzing File: D:\XRFix\dataset_collection\overall\VR-AR-Game\Game\Assets\XR\XRGeneralSettingsPerBuildTarget.asset.meta
26/5/2025 11:57:08 am Data Extracted!
26/5/2025 11:57:08 am Saving Results...
26/5/2025 11:57:08 am Saving File: 9d8aaa5587ba0475f892432428cc6a6b.json
26/5/2025 11:57:08 am Done!!
26/5/2025 11:57:08 am Analyzing File: D:\XRFix\dataset_collection\overall\VR-AR-Game\Game\Assets\XR\Loaders\OpenXRLoader.asset.meta
26/5/2025 11:57:08 am Data Extracted!
26/5/2025 11:57:08 am Saving Results...
26/5/2025 11:57:08 am Saving File: eed629551b7614f0ea1489f60d62bad4.json
26/5/2025 11:57:08 am Done!!
26/5/2025 11:57:08 am Analyzing File: D:\XRFix\dataset_collection\overall\VR-AR-Game\Game\Assets\XR\Settings\OpenXR Editor Settings.asset.meta
26/5/2025 11:57:08 am Data Extracted!
26/5/2025 11:57:08 am Saving Results...
26/5/2025 11:57:08 am Saving File: e24a06fd93692411da154e534b982854.json
26/5/2025 11:57:08 am Done!!
26/5/2025 11:57:08 am Analyzing File: D:\XRFix\dataset_collection\overall\VR-AR-Game\Game\Assets\XR\Settings\OpenXR Package Settings.asset.meta
26/5/2025 11:57:08 am Data Extracted!
26/5/2025 11:57:08 am Saving Results...
26/5/2025 11:57:08 am Saving File: 9e88bcfb0bce647838230c1f1b2c14d6.json
26/5/2025 11:57:08 am Done!!
26/5/2025 11:57:08 am Analyzing File: D:\XRFix\dataset_collection\overall\VR-AR-Game\Game\Assets\XRI\Settings.meta
26/5/2025 11:57:08 am Data Extracted!
26/5/2025 11:57:08 am Saving Results...
26/5/2025 11:57:08 am Saving File: 1d05a4be0db5a4ca2b255f0e89a450a5.json
26/5/2025 11:57:08 am Done!!
26/5/2025 11:57:08 am Analyzing File: D:\XRFix\dataset_collection\overall\VR-AR-Game\Game\Assets\XRI\Settings\Resources.meta
26/5/2025 11:57:08 am Data Extracted!
26/5/2025 11:57:08 am Saving Results...
26/5/2025 11:57:08 am Saving File: 634b632744e374c85ab12a026e6c492c.json
26/5/2025 11:57:08 am Done!!
26/5/2025 11:57:08 am Analyzing File: D:\XRFix\dataset_collection\overall\VR-AR-Game\Game\Assets\XRI\Settings\XRInteractionEditorSettings.asset.meta
26/5/2025 11:57:08 am Data Extracted!
26/5/2025 11:57:08 am Saving Results...
26/5/2025 11:57:08 am Saving File: e63a3b739c4f346ce98313e0e9734263.json
26/5/2025 11:57:08 am Done!!
26/5/2025 11:57:08 am Analyzing File: D:\XRFix\dataset_collection\overall\VR-AR-Game\Game\Assets\XRI\Settings\Resources\InteractionLayerSettings.asset.meta
26/5/2025 11:57:08 am Data Extracted!
26/5/2025 11:57:08 am Saving Results...
26/5/2025 11:57:08 am Saving File: 5a4cbaf1d7fdc48d48563e0da1b5fab5.json
26/5/2025 11:57:08 am Done!!
26/5/2025 11:57:08 am Analyzing File: D:\XRFix\dataset_collection\overall\VR-AR-Game\Game\Assets\XRI\Settings\Resources\XRDeviceSimulatorSettings.asset.meta
26/5/2025 11:57:08 am Data Extracted!
26/5/2025 11:57:08 am Saving Results...
26/5/2025 11:57:08 am Saving File: e58569a4a0c6a4efe817d0a378d57f66.json
26/5/2025 11:57:08 am Done!!
26/5/2025 11:57:08 am Done!!
26/5/2025 11:57:08 am Done!
